                73
               187
               187
               187
               187
               187
               187
               187
               187
               187
               187
               187
               187
               187
               187
               187
               187
               187
               187
               187
               187
               187
               187
               187
               187
               187
               187
               187
               187
               187
               187
               187
               187
               187
               187
               187
               187
               187
               187
               187
               187
               187
               187
               187
               187
               187
               187
               187
               187
               187
               187
               187
               187
               187
               187
               187
               187
               187
               187
               187
               187
               187
               187
               187
               187
               187
               187
               187
               187
               187
               187
               187
               187
               187
          -2.72235           2.52625          0.729734
          0.843879          -2.07644            1.4777
         -0.540478         0.0459369           3.00037
          -2.69485           0.74057         -0.318073
           2.38156           2.85318           1.12875
           2.54642          -0.73589           2.41434
           2.17759           2.69141          -2.76698
          -0.75804          -2.82876         -0.715607
            2.7318          -2.30787          -0.18087
         -0.435402          -1.63812          0.337221
           1.67326          -1.90378          0.777906
          -2.27126            2.7816           0.50295
          0.789827          -3.08094           1.01664
           2.83796          -2.48681           1.54493
          -1.37971           0.16659          0.958197
            1.8796            1.7377          0.139733
           2.04384           2.25563           1.56155
           2.77107           2.78241           1.38863
          -1.20878            -1.862           1.11592
          0.843176          -2.44608           1.80543
          -2.21213          -1.40232           1.11368
          0.673041          0.393467          0.939756
          -0.19072            2.6446           1.29846
         -0.453544           -2.4599           2.21684
          -1.17057          -1.69736          -2.56347
           2.83699         -0.345939          -1.34105
            2.0803          0.435201         -0.874294
           -2.2578            1.1718           1.37253
         -0.986123           2.27385           1.27202
          0.674091           2.69955           2.00589
           1.49922            3.0412          0.529332
          -1.88122          -1.52268         -0.219369
         -0.137826         -0.356805          -0.15423
           1.12628           1.78122            0.3202
          -2.65223           2.41068           2.00205
          -1.41111           1.47742           2.16912
         -0.507875         -0.257827           2.74364
         -0.340765            1.7839          -2.81585
         -0.375532           2.72106          -1.09627
          -1.57744          -2.66259          0.111561
          -2.58958           2.73356        -0.0429743
           2.58838           2.25422          0.412624
           2.23489           1.78426           2.19682
           1.43124           1.50081          -2.70348
            1.2768           1.25297          0.308861
         -0.386671           1.75757          0.751378
         -0.250748          -1.56703          0.963632
          -1.25217          -0.97799           1.09835
           2.68414          0.319851           3.05278
         -0.735918           1.86058           3.09199
          -1.20134           2.33537           1.67999
          -0.80292          -3.08857           2.37762
          -1.69627          -2.63549          -2.27871
          -2.30575          -1.39857         -0.813646
           1.52363          -1.12867           2.38368
             1.211         -0.487803           2.62101
           0.86932          -1.35952           2.73214
          0.886776          -1.59527           -1.3328
          0.160235         -0.439088         -0.526459
           -1.5672         -0.923689           -1.0581
           3.02366          0.681496          0.247619
            2.5226          0.317745          0.792995
           1.59002         -0.898803           2.62147
           2.23195          -1.43835           2.74762
           2.04844        -0.0665547          -2.35294
          0.815704           -1.3697          0.835872
          -1.02262          -2.25487           2.13044
         -0.760494           1.98338          -2.31857
         -0.959911          0.179549          -2.34378
          -1.18556           -2.9979          -2.12975
          -1.52988           2.33646          -3.01016
           2.61964            2.3786          -2.23432
          0.633315          0.482449         -0.448021
          -0.27462         0.0986964           1.45462
          -2.76526          -1.81593           2.79006
           2.86376          -2.73325          -1.86895
           1.22916            1.0707         -0.495539
           1.57098           1.88149        -0.0175814
           1.04668           1.12119           1.49313
        -0.0737843         -0.139969           1.71032
          -1.64682          -1.13028          0.753719
            -3.048          -1.31962            1.2729
           3.00242          -1.27495           1.37944
           1.98988         -0.950722          0.968178
           2.32417          -2.46917          0.136865
           3.14006           1.90216          0.130473
          -2.58918          0.509794           2.29354
          -2.34286           -0.9124           2.69974
          -2.76399          -1.16714           -2.1256
          -2.95965          -1.53534          -1.03045
           2.62552           2.40086        -0.0638979
           3.04657            1.6149          0.988174
           2.35463          -1.78995           2.50995
           1.44802          -3.11376           2.43803
           1.86166           1.89349           3.09101
           1.68677             1.888          -1.93781
          0.641961          0.162669         -0.430788
          0.118644       -0.00643993          -1.28791
          0.274167           0.22228          -1.65104
           1.72929           1.10728          -2.31598
          -3.07175         -0.758864          -2.95853
           2.04007          -3.01603           2.05906
          0.157827           3.07594         -0.162999
         -0.103723           2.50675          -1.47326
           1.77326           1.83609          -2.47013
          -2.88054         -0.349029           1.33739
          -2.05143           2.97168          -1.57418
          -1.93997           1.83757          0.998489
          -1.43234          0.766586          -1.10132
         -0.533105          -2.16844          -1.37094
           1.35335           2.55786          -2.20073
           1.65668           1.02231           2.60268
           1.17937         -0.845555           2.37637
          0.754303          -2.90146           2.16579
           1.59278           1.69526           3.06323
           1.16939           0.53524          -2.56151
         -0.036554         0.0657495          -3.08227
         -0.943829          -2.09826           1.63578
          -2.14854          -1.03042          0.968551
          -2.95461          0.215657          -1.24945
           1.99352          0.796132         -0.466941
           1.20585           2.55102         -0.501802
           1.37111           2.29948          0.431276
        -0.0455532           3.06515         0.0369551
          -1.57583          -2.69752          -1.35662
          0.895427          -2.63223          -1.75428
         -0.928319         -0.407681          -2.61719
           2.80669           2.93501          -2.39958
          0.311839          -2.89971          -3.04844
           1.51183          -2.02098          -2.11826
           2.83198         -0.134003          -1.15586
            1.4184          0.411652         0.0356641
           2.05644           2.47125          0.404058
           -2.9853          -1.61751          -1.52371
           2.61819        0.00422742          -2.15036
           2.59674          -1.32055         -0.598459
            2.3747          -1.52173          0.835361
           1.51877          -1.97383          -0.42554
           1.73437         0.0988255         -0.837955
         -0.528681         -0.937386          -1.25106
          -1.61954         -0.128002          -2.38333
          -1.16603         -0.068386          -2.31684
          0.264478         -0.727115          -2.67854
         -0.187184          -0.39072          -1.17225
          0.698136            -2.152           -1.0635
           2.08291          -2.57582          -1.28863
           -2.2404           1.94594          -1.29965
         -0.599863           1.85658           -1.4137
          -1.52459          0.412551         -0.446402
          -1.21975         -0.364371         -0.541236
         -0.643363          0.108988         0.0696805
          -2.44704         0.0150006          0.901911
          -2.16129         -0.679962           1.74717
         -0.540633         -0.652277          0.326901
          0.385737          -1.61336          -2.61938
           1.09386           -2.4387           2.70381
            2.9372         -0.336961          -3.02129
           2.33091          0.810029          -2.89682
           1.09696         -0.580158          -2.73726
           0.88183           2.77759           -2.0036
           1.80172          -0.58245          -2.35523
           1.69198          -1.25873          -1.39826
           2.35053          -2.61161          -1.74846
          -1.09988           1.40503           2.98381
          0.589814           1.15418           1.71363
           1.14654          0.709795          0.640581
           1.05937          0.630507         -0.270607
           1.21093          0.986157          -1.41131
           1.41137          -0.71782          -2.71414
           2.30223          -1.02163          0.606166
           1.08636         -0.990212          -2.51584
         0.0148538          -1.44756          0.374542
         -0.867662         -0.632477          -2.47284
          -2.28265         -0.918063           1.96677
           2.77425           1.48709            0.1037
          0.967513           2.54693          -1.44557
           1.15431           2.16202           2.88074
           1.50613           2.81071           1.33488
           2.73391           2.50922         -0.620602
           2.55108          -2.96817           2.75981
           2.55572         -0.487573           1.27943
           2.14343          0.565804          -1.24093
           1.77791            1.0854           1.47771
            2.2121           2.22286          0.131845
           2.84168          -1.95348           -2.3103
           1.97017         -0.438726          -3.10891
          -2.37576           3.09932          0.567916
         -0.974087          -1.51137           2.52193
         -0.699238          -1.99734           2.99192
          0.615637          -1.32547          -2.84644
           1.00443         -0.696034          -1.80215
            1.2134         -0.837556           -1.6361
          0.941503         -0.753126          -2.17184
          0.810244        -0.0324955          -2.64908
            1.3103          0.419217          -2.20428
           1.07135          0.887423          -2.26757
          0.755562           1.69547          -1.89587
          0.786817           1.98977          -2.50063
           1.30268           2.36462         -0.846721
            1.6062          -2.44564         -0.445705
          0.976748          -1.84059         -0.115659
          0.110504          -1.82454         -0.383184
         -0.214446          -1.65402          0.250591
          0.838654          -1.31195           1.36635
           1.52446          -1.83886           1.87894
           2.02828          -2.04567           2.34331
           2.31567          -2.32001           1.99514
           2.68759          -2.47307           1.49222
           2.90038          -2.90179          0.776661
          -3.11691          -2.98727           1.71097
           2.18605          -2.53877          -3.07569
           2.31106          -2.67466          -2.37671
           2.20242           2.95275          -1.48575
           3.06497          -3.12908          -1.30146
          -2.81232          -1.59927          -1.39954
          -3.08488         -0.110795         -0.418825
          -2.01634          0.301086          0.146095
         -0.627917           1.41925          0.542892
         -0.835601            1.1921           1.37614
         -0.701767           1.84025           1.35773
         -0.462599           2.31869           1.79428
          -1.09415           1.42593           1.77723
          -1.74114          0.841665           2.13421
          -2.63934          0.654865           2.52312
          -2.93171          0.512015           1.71169
          -2.13036           0.37492          0.752513
          -1.69969           1.05396         -0.154376
          -1.60207           1.66452         -0.947763
         -0.343174           1.60322         -0.760131
          0.334811           2.25053          -1.26945
           1.28042          -2.90341          -1.76055
           1.34624          -2.04279          -1.31195
           1.13466          -1.18866         -0.255024
           1.40243          -1.38336          0.426871
         -0.527349         -0.992456           1.11429
          -1.23063          0.605219          0.782153
          -1.32311           1.99736          0.461163
         -0.716972           1.89741          0.995734
          -1.54024           1.55432           1.85996
          -2.16008           1.39818           1.53838
          -2.56822          0.978714           0.55094
           2.91571            1.9493         -0.642732
            2.5371           2.58413          -1.87252
           1.60952           -2.8851          -2.62107
          0.787717          -2.49056           -2.9226
          0.120078          -2.40417          -3.00732
         -0.424304          -0.91304           3.11694
           -1.4314         -0.251255           2.56584
          -1.31197            1.1261           2.76864
          -2.45593           2.38756           3.07629
          -2.58051            3.1001          -2.90127
          -2.39821           2.02619           2.86319
          -2.85328           1.55627          -2.49249
           2.82708           1.23291          -2.47513
           2.73696          0.808814          -2.79448
            2.9494          0.647692           2.82012
          -2.92147           1.21637           3.08835
          -3.03883           1.63005          -3.10161
           -2.5636           2.25603          -2.09692
          -2.69046           2.22525          -1.06391
          -2.66179           1.53941          -0.24948
          -2.82562           1.56649          0.580808
           2.88743            2.5557          0.647878
          -3.00538           2.39241          0.163014
          -1.62797           1.74968          -0.99374
         -0.594069           1.16576         -0.193553
         -0.165506          0.877381          0.453971
          0.735297          0.261119        -0.0423529
          0.248271         -0.970572          -0.56934
         -0.106437          -2.47506         -0.805329
          0.362058           2.83804          -2.04686
           1.52953           2.87243          -2.69569
            2.6264           2.89211           2.37254
          -2.97984           -2.8566           1.22751
          -3.04724           -2.8808          0.975178
          -2.82492           -3.0469         -0.330204
          -2.86863          -2.54703          -1.59806
           -3.0663          -3.06808          -2.56755
          -2.60663          -2.67274          -3.10721
          -1.99413          -2.32626           2.45845
          -2.14433          -2.38083           2.16969
          -2.66755          -1.93476          0.791636
          -3.07962          -2.35345         -0.224468
           2.31004          -1.03787         -0.753891
           1.80934         -0.525061          -1.59879
           2.50845         -0.411946           -2.2097
           1.96929          -1.14542          -2.44514
           1.43269         -0.988836           2.06797
           1.09998          0.108878          0.489753
           1.35944          0.507195         -0.580358
          0.501606          0.818079          -1.49894
          0.354949          0.149921          -2.44283
           1.85935         -0.446258           -2.3951
           1.55781          -0.25953          -2.79695
          0.640544          0.175557          -3.02785
         -0.477377          0.200931          -2.68522
          -1.95866         -0.069682          -2.84425
          -1.83698         -0.204407           2.70888
          -2.58654         -0.327165          -2.54596
           2.67351         -0.379518          -1.10557
           2.58182          -1.31735         -0.264107
           2.01324          -1.36588          0.283225
            1.9367          -1.26763          0.537036
           2.52747          -1.83516           1.35223
            1.8289          -2.06961           1.55237
           1.63051           -2.2207           1.65324
          0.975581          -1.89761            3.0262
          0.800999          -2.49079          -1.52878
         -0.969129           -2.9253          -1.07503
          -2.20587          -2.39441          -1.29546
          -2.49757          -2.57581          -1.06015
          -2.91966          -1.96366         -0.669532
           2.74997          -2.39121          -0.92951
           1.92993          -2.76823         -0.657088
           2.42821          -2.20984          -0.98263
           2.41067          -1.98514          -1.62478
          -2.62241          -2.27334          -1.98605
          -2.04908          -2.68188          -2.47191
          -1.91645          -2.30294           2.47444
           -1.9775          -2.94165           1.79233
         -0.894433          -2.98033            1.9973
          -1.03369          -2.28084             1.025
          -1.80701          -2.95161          0.533897
          -1.23545          -2.83073         -0.189056
         -0.561965          -2.39407          0.423406
           0.11144          -2.40402           0.53171
           1.07676          -1.53745           1.09703
           1.50361          -1.37507           1.40087
           2.08972         -0.452013           2.04415
          -2.76122          -1.16099           2.30669
         -0.788181         -0.717099          -3.12249
            0.4165         -0.343655           1.70984
          0.852106           0.46509           1.17232
           0.45764           0.49688          0.361072
          0.576868          0.668949           0.56302
          0.942977          0.559646          0.566784
          0.650042          0.547691           1.24792
           1.08305         0.0502272           1.49917
          0.931247          0.182781           1.76394
          0.980582         -0.330171           1.59707
            1.6183          0.110509          0.516563
           1.04411         -0.208032           1.15661
           1.01533          -0.58691           1.14695
           2.11254           -1.5644        -0.0286708
           2.91589           2.82261         -0.999313
           3.07287           1.96694          -2.32012
           2.67864          0.408118          -1.94564
           2.93123          -1.26161          -2.12484
           2.80459           -1.9877          -1.59058
           2.87074          -2.93373          -1.94358
          -2.75409           2.11599          -2.12567
          -3.04003          0.816302           2.95395
          -2.37956          0.309615           2.14416
          -1.63659          -1.01019           1.94182
         -0.626073          -1.98437           1.68794
         -0.569391          -2.41136           2.47271
         -0.573267          -2.41831           2.70228
         -0.840371          -2.34508            -2.695
         -0.529855          -2.64576          -1.85115
          -1.71386           2.60692            -1.204
          -2.01825           1.57549         -0.224911
          -2.42666          0.370356           1.30284
          -2.99536          0.300766           3.11032
          -2.93168         -0.605738          -2.34351
            -2.963          -1.71929           -2.1397
          -2.99549          -2.46449          -1.54349
             2.733          -1.79853          -1.25485
           2.12154          -1.79457          0.303865
           1.78009          -2.01073           0.80034
           1.23786          -2.47604           1.06635
           1.39303          -1.94699           1.42688
          0.461201          -1.79884            2.3502
          -0.51998          -1.27751           2.69446
          -1.05732          -1.37398           2.41754
          -2.50691           2.73945          0.419241
           3.01646           2.15459             1.325
          -3.09748           1.71978           1.33909
          -2.79248           1.11044           2.31628
          -2.65939           1.37551           2.93084
          -2.61033           1.45354          -1.67815
          -2.97734           1.14748          -0.94068
           2.86284          0.616446         -0.690095
          -2.91816          0.772096         -0.567499
          -1.81939           1.99755         -0.469877
         -0.879449           1.65407         -0.582271
          -1.28122           1.58575         -0.152773
          -1.91218           1.30225          0.158166
          -2.65229           1.69504          0.150344
          -2.27305           1.46823          0.840797
          -2.03221           1.51658          0.644797
          -1.34643           1.56653          0.818328
          -1.95687           1.83993           1.29861
          -3.12264           2.23592           1.62225
           2.64077           1.84428           2.03718
           1.29552           2.24522            2.0691
          0.185216           2.53097           1.26092
         -0.303852          -2.80989           1.18229
         -0.208926          -3.11633            2.3165
        -0.0767777          -3.07926          -3.11988
          0.289674            3.1115          -2.37496
          0.758346          -2.34733          -1.76161
           1.59802           -2.2954          -2.14921
           1.95377          -2.25306          -2.83454
           2.15331          -1.44447            3.1063
           1.71327          -1.01976           2.90545
           2.34637         -0.923633           2.61312
           2.47204         -0.982895           2.78342
           1.89192         -0.849883           2.45776
           1.17434         -0.911085           1.88196
          0.199691          0.300411           1.79798
          0.394362          0.819687           2.44715
         -0.383112          0.189329           1.81833
          -1.76978        -0.0383755           1.79302
           2.69153           -1.0357           1.23309
           1.62168          -1.22342           1.33619
          0.975469         -0.568021           1.79783
          -0.56961         -0.984354           1.78328
          -1.94305           -1.9802           2.83436
           2.63688           2.51265          -3.12134
            2.9019           0.66207           -2.8198
          -2.72456          -1.14113           3.03759
          -3.04581          -2.53869           -2.9781
           2.95282          -1.92354          -2.95723
           2.23014          -2.67496           2.94471
           2.24012           2.91076            2.7622
           2.43921           2.04844           1.73612
           2.88066           1.07243           1.43632
          -2.34076        -0.0238974           1.43762
          -2.00494         -0.961195          0.811516
          -1.09313          -1.16652         -0.350388
          -1.79555          -0.86226          -1.25666
          -2.83278          -1.89746          -2.00205
          -2.48556          -2.24962          -3.00931
          -2.86816           2.14584           2.60698
          -3.02066            1.4526           2.61262
          -2.70966           1.91948           2.77471
          -2.67921           1.53603           2.65652
          -1.96099           1.99356          -2.91968
          -1.37787           2.03588           2.67178
          -1.32111           1.92574           2.65871
          -1.71205           1.84541           2.71069
          -1.32744           2.19172           2.34912
          -1.33297           2.50059           1.85552
         -0.613014           2.64699          0.993613
            -1.018          -2.54829          0.337641
         -0.831999          -1.74865          0.688784
          0.952442          -1.85033           0.30116
           3.10152          -2.06082         -0.235561
          -2.19796          -1.72074          -1.27438
          -1.98578           -1.2698         -0.723866
          -1.73956         -0.489315         -0.214125
          -1.00303       -0.00640395         -0.163186
         -0.546493          0.224227          0.948054
         -0.164696         0.0295712          0.963554
          0.655652        -0.0686798           1.65176
          0.969509          0.713155           2.25224
          0.822884           1.47817           -2.4039
          0.924792           1.10664          -1.27996
           1.48211          0.824175          -1.16988
            2.2609         0.0950683           -1.3928
           2.37378          0.267976          -1.01132
           2.38635         0.0529615          -1.04386
            2.1551         -0.287837         -0.399921
           2.53921        -0.0452692          0.139494
           -3.1171          -0.18516         -0.142161
          -2.55993          -1.78764          -1.08908
          -1.62496          -2.25213          -2.14299
         0.0117413           3.04947          -2.29456
           1.45477          -3.00563          -2.01767
           1.53666           2.84886          -1.31715
          0.866438           2.89496          -1.50542
          0.323594           2.78381          -1.93873
         -0.175178           2.09064          -2.40128
         -0.498114           2.12192          -2.95699
        -0.0709271           2.45252           2.76631
        -0.0162726             2.498           1.75361
         -0.353301          -3.07277           1.35774
          0.440491          -2.67475            1.6842
           2.11171          -2.15906          0.325712
          -2.10066          -1.49513        -0.0527865
         -0.997561          -1.58904         -0.398352
         -0.821209         -0.971356         -0.485891
         -0.340948          0.531863         -0.915339
          -0.38555           1.15256          -1.42665
          0.069006           2.76331          -1.77219
         -0.630152           2.75204          -2.07333
          -1.00194          -3.03734          -1.32059
          -0.84227          -1.94482          -1.22977
          -0.22644          -1.93658          -1.41139
          0.918649         -0.751289         -0.645307
           1.77079         -0.138117         -0.256653
           2.19242         -0.457263            -1.302
           2.37093          -1.67253          -2.21485
           2.64324          -2.51457           3.03228
            3.0757          -2.90101           2.26808
           1.71323           2.29478           2.02176
          0.933059           1.44743           1.83066
          0.361005          0.929475           1.07359
          0.222035         -0.432282           1.73372
         -0.380446          -1.36246           1.11099
         -0.960904          -2.14555           1.43922
           -1.5351          -1.69401            1.5047
          -1.83353          -1.14761           2.11415
          -1.78639         -0.697816           2.58899
          -2.83041          -1.32803          -2.87283
          -2.64293          -1.12743          -2.85779
          -2.68615         -0.374067           -2.3343
           2.64854          0.304959          -1.60109
           2.30837           1.61656          -1.79844
           1.62067           2.44787            -2.001
             1.403           3.03486          -2.37144
          0.925815          -3.11098          -3.14093
         -0.222546            2.5727          -3.00482
         -0.209739           1.45654          -2.63606
          0.696792           0.40231          -2.61608
            1.1732        -0.0341792          -2.26272
          0.849484          0.652137          -1.61993
          0.744913           1.43461          -1.66682
           1.41953           2.66013          -2.09574
           2.01615          -2.37875          -2.86587
           1.98493          -1.97762            1.9988
           2.22471          -2.15449           1.56528
           2.87808          -1.87384           1.43738
          -2.65178           -2.1227           1.29974
          -2.00467          -2.59654          0.942529
          -1.74969           2.47581          0.765884
          -2.12431           1.87049          0.210696
          -2.39056           2.50939         -0.176728
          -1.38104           2.30519         -0.197411
          -0.78008           1.10623          -0.87105
          0.563597          0.568621            -1.369
           1.06687          0.571792           -1.6934
           1.14341           1.69815          -1.94228
           1.14899           1.88632          -2.67649
           1.52331           1.81072           3.09647
          0.583732           1.84867           3.04311
         -0.408602           1.78694           2.44601
          -1.16777           3.11668           2.37126
          -2.58945          -2.00502          -3.06911
           -2.9999          -1.78029          -2.55584
           2.32903          -1.81354         -0.621431
           1.53809          -1.62896           1.35555
           1.70834          -2.09305          -2.90179
          0.776143          -2.46471          -1.03322
        0.00115944          -1.75392         -0.285747
         -0.338003          -1.00485         -0.706228
         -0.553067         -0.895307         -0.530914
         -0.689716         -0.551496          0.386555
         -0.686611         0.0209859          0.885692
          0.115676          0.790395           2.21835
         -0.874457           1.10381           2.51359
         -0.921004          0.719089           2.87871
           -1.1899          0.692084          -2.80653
          -1.77525            1.3306           2.69855
          -1.11569           1.95796          -3.09138
         -0.688676           3.13027            3.0952
         -0.318657          -2.03352             2.792
          0.321313          -1.27887           2.17536
           -1.0019          -1.19666           1.46837
          -2.22961          -2.74469          0.350482
          -2.59525           2.56107         0.0143603
         -0.805857        -0.0254046           -1.9937
         -0.735113          0.329167           -1.4578
          -1.12895          0.895735          -1.38358
          -1.25791           1.91204          -1.43793
          -1.31979           2.69447         -0.990311
          -2.30906          -3.07737         -0.929447
          -1.60996          -1.36594          -0.47289
          -1.47215         -0.638848          0.171356
          -1.19178          0.615345         -0.422297
         -0.229617           2.40002         -0.459609
          -1.40258           2.72894         -0.498606
           3.13444          -2.60531         -0.964176
             2.174          -1.31949         -0.221438
           2.50477          -1.45881         -0.450388
            2.3511         -0.844169          0.912063
           2.14741          -1.55236            1.4239
           1.44025          -2.25934          0.915902
         0.0151801          -2.34539           1.07767
          0.690215          -1.45547           1.56361
          0.827864          -1.57512           2.78946
           1.12913          -1.25885          -2.20178
           1.12403          -0.61601          -1.22789
           1.21034         -0.284359          -1.02214
           2.61003          -0.37682         -0.866241
          -2.64279         -0.526655          0.222438
          -2.43556         -0.723545           1.34606
          -2.48559          -1.21305           1.73707
           -3.0345          -1.01046           1.80302
          -3.05131          -0.37211           3.07082
            3.0148          0.284025           2.67603
            2.7163           1.14047           2.37411
           2.84156           1.72297           2.40429
          -2.55306            2.5286           2.29984
          -1.46716           1.76616           1.77766
         -0.586384           1.23724          0.902609
         -0.692666           2.05227          0.701893
         -0.747444           2.75297         -0.834112
          -0.76672           2.49409          -2.00827
         -0.679627           2.94153          -1.28265
         -0.215015           3.02909           -2.4125
          0.833769           2.70458           2.79007
           1.59752          -3.01347           2.38912
           2.22917          -2.86426           2.26563
            2.0783          -2.80326           1.84515
           2.61653          -1.89728            1.4421
           1.94643          -2.37898           1.54331
          0.686611          -2.80053           1.58359
          0.050922          -2.44541           1.20161
         -0.108125          -2.82411           0.31278
         -0.666936          -2.84673          0.706651
         -0.535165          -2.97427        -0.0615066
          0.143044          -3.07225         -0.672931
           1.14198          -2.39685          -1.26719
           1.32637          -1.80238          -1.48748
           1.75195          -2.34046            -1.261
           2.83456          -2.68233         -0.495229
          -2.01272          -2.51025         -0.331135
          -1.57568          -2.12103         -0.445488
         -0.886978          -1.55879         -0.116977
         -0.206601          -1.90771         -0.140685
         -0.334949          -1.66261         -0.172739
          0.503691          -1.18367         -0.897838
           1.55173         -0.867037          -1.60509
           2.85512         -0.490401         -0.848567
          -2.51623         -0.638407         -0.433961
          -2.08136          -1.20968          0.597789
          -2.17367          -0.69895           1.11707
          -1.76333         -0.345511          0.708944
           -1.2683           1.04697          0.620511
          -0.76868            2.0883           1.63661
        -0.0713703           1.59385            2.7088
           1.51904           1.49076           1.64267
           1.99871           1.52963           2.20654
           1.11489           1.12131            2.0738
          0.246287           1.14025           2.36753
         -0.141022          0.776421           2.67927
         -0.344203          0.976639           -3.0504
         -0.431974           1.67476           -2.6142
          -1.49628           1.49167          -2.82309
          -2.33557           1.02257           2.93806
           2.84887          0.130492           2.51099
            2.8166         -0.805295           1.36622
           1.68448          -1.40982          0.576612
           1.71258          -1.79772         -0.613775
           1.74725          -1.58639          -1.18314
          0.644357          -1.77357          -1.53322
           0.20941          -2.30522           -2.5547
         -0.139244          -2.88855           2.87468
         -0.902286            2.1304           2.32876
          -2.10129           1.64452           1.89734
          -2.60597           1.78334            1.4006
            2.3765           1.99464           1.10238
          0.312735           2.23557          0.051632
         -0.390062           2.46326         -0.667532
         -0.179115           1.58592          -2.66539
          0.103323           1.41683           1.60812
         -0.074018           1.62014         -0.562744
          0.254256          0.887861          -1.85877
         -0.960076         0.0347915          -2.24908
         -0.929022        -0.0639068          -2.89919
          -1.41681         -0.157652          -2.65401
          -1.25885          0.260676          -2.91925
          -1.25264        -0.0270699           2.68695
         -0.924835         -0.543599           2.86257
          -1.27808         -0.611652          -2.35685
         -0.721491         -0.064816          -2.04998
         -0.919386         -0.289327          -2.00584
          -1.52244          0.418156          -2.44307
          -2.78839          0.261433           -2.6814
           1.58727          0.635233          -3.06307
         -0.245022         -0.306599            3.1107
           -1.7892         -0.627514           2.38821
          -2.83173          -1.26782           2.05456
             2.491          -1.76845            2.9087
           1.17897          -1.99777          -1.91723
           0.51664          -2.59832         -0.972361
         -0.263652          -3.07447          -1.12897
           1.07786          -2.22939         -0.607089
          0.471351          -1.39815         -0.767118
         0.0864327          -1.04973        -0.0432765
           1.12916         0.0750033          0.630362
        -0.0564353          0.715689          0.486465
          0.580335           1.70437          0.309294
          0.522795           2.22739          0.391699
         -0.462849           1.99202          0.500633
         -0.794154            2.2516          0.132496
           -1.3098           2.43197        -0.0594331
         -0.764562           2.07829         -0.431944
         -0.679457           1.08128         -0.719729
          0.426589          0.121032         -0.933605
          0.610871         -0.774572           0.24387
          0.811807         -0.929049          0.394042
          0.585617          -1.49843          0.664538
          0.493413          -1.79719           1.13025
          0.761712           -1.6495          0.625025
           1.43768          -2.15405          0.788278
           1.55111          -2.83332          0.746471
           2.57986           2.29368           1.23405
          -2.65776           2.25753          0.800861
             -1.61           1.29561            1.5728
          -1.17317          0.625309           2.63676
         -0.221847         -0.419224           2.82132
         0.0420395         -0.165676          -2.56391
          0.212289           0.12421           -1.9055
          0.272554         -0.038537          -1.41971
          0.954864         -0.477331          -1.42238
          0.917553         -0.936725         -0.529502
          0.849354          -1.18601         -0.351518
           1.26962          -1.03625        0.00865101
           2.37886          -1.19103          0.236173
          -1.51594          -1.07383           0.83238
         0.0100845         -0.612448           1.10677
          0.701108         -0.126052           1.67375
          0.468805           1.06912           2.56593
         0.0393483           1.65264          -2.80488
        -0.0982502           1.75552          -2.58396
          0.772947           2.67695          -2.42929
          0.815697           2.84528           -2.2694
         -0.040379           2.97602          -2.44711
         -0.571425           2.50792          -2.40544
          0.215489           1.46232          -2.55799
          0.184819           1.62858           -2.9543
           1.06299           1.28655          -2.90069
           1.43912          0.652746          -2.72908
           2.01949          0.408231           2.59276
           2.24669        -0.0795131           1.83254
           1.75602         -0.156715          0.233289
           2.87557        -0.0726654         -0.291249
          -2.22419         -0.482601         -0.598871
          -2.65554          -1.84825         -0.615041
          -2.52334          -2.48094          0.278223
           -2.8648          -2.11159          0.942033
           2.61767          -2.56233          0.860476
           1.13826          -2.41988          0.241386
          0.241852          -2.25682          0.110102
         -0.341053          -2.39178           0.12674
         -0.822091          -2.72421         0.0316287
          -1.24339           2.52678          -1.78951
          -1.83773           1.10269          -1.44078
          -2.57697          0.908667            -0.807
          -2.14009         -0.433556          0.289869
          -2.32114         -0.990902          0.420911
          -2.60579         -0.726251          0.394117
          -2.38708         -0.815687          0.355394
          -1.40927          0.313256           1.68803
         -0.740463          0.105727            -2.637
        -0.0927681        -0.0499678          -1.91872
           2.10249           1.74431           -2.3499
             1.642           3.01843           -1.3036
           2.21862           2.71081         -0.297717
           1.78363           2.83295         -0.182268
           1.47381          -2.73281          0.154022
          0.775987          -2.05775          0.337944
           0.30062          -1.88946         -0.352064
         -0.743845          -1.81685         -0.199363
          -1.05142          -1.10532         -0.539438
         -0.651139          -1.31776          -1.12305
        -0.0629269         -0.970973         -0.728222
         -0.676838         -0.784556         -0.656943
          -1.56934          0.138202         -0.666134
          -2.81825          0.559655          -1.33838
           1.91761           1.00251         -0.803061
           1.00572           1.65788         -0.957222
        -0.0880233           2.60665          -0.59135
         -0.530871           2.94435          0.389976
         -0.971032          -2.31006           1.39035
           -1.8211           3.08733           0.97448
          -1.81568           2.10602           1.03521
         -0.415809           1.05539           1.10665
         -0.560464         -0.387487           1.13615
         -0.899524          -1.11868           0.86672
          -1.45758            -1.782           0.22773
          -1.51677          -2.08187          -0.17605
          -2.13189          -1.77846         -0.358649
          -2.24531          -2.07786         -0.686033
          -1.97152          -2.30612         0.0490928
          -2.01112           -2.8585         -0.101397
          -1.64516           2.93457          0.239703
          -1.37983           2.85289          0.428211
        -0.0202354          -2.57843          0.471257
         0.0524971           3.09413           1.44603
          0.994377            2.8547           2.34607
        -0.0616807           2.68411           1.87059
         -0.340957           2.54264           2.68111
          -1.17428          -2.84228          -3.08007
          -2.25502          -2.49699          -2.63441
          -2.85198          -2.46831          -2.24898
          -2.85893          -2.64896          -2.11237
          -1.47401           2.81346          -2.26222
          -1.36531           2.63495          -1.18528
          -1.00619           2.64073        -0.0318728
          -1.23137           2.41041          0.346626
          -1.03048           2.53453          0.753653
           -1.5216           2.43113          0.964843
          -1.21981           1.12001           1.76552
          -1.29414          0.925504            2.4222
          -1.82091           1.18617           2.11089
          -2.35103           1.30862           2.05981
           2.76941          0.380312           2.29733
            1.9375         -0.295408           2.38779
           1.62382         -0.263426            2.6639
          0.871429           -1.0368           3.09617
          0.390706           -1.6436           3.03808
         -0.585705          -1.57038            3.0231
         -0.624481          -1.82306           2.66941
          -1.17137          -2.72081           1.40015
          -1.39861          -2.68492          0.501566
         -0.876242           -3.0301          -1.58342
         -0.207438          -2.67449             2.732
         -0.279109          -2.44297           2.51593
          0.331989           -1.6493           2.05507
          0.773024          -2.01626           2.82908
           1.21684          -2.48078          -2.77327
           1.98071          -2.80176          -2.92585
           2.55176          -3.07332           2.32682
           2.49569           3.08481           1.21355
           2.66815          -3.11659         -0.570422
           2.38562          -2.65161          -2.40723
           1.71676          -3.10144          -3.11716
           2.40881           -3.0389           2.49632
           1.40244          -2.20732           3.13037
          0.386823          -2.43559          -3.03857
          0.161889          -2.48003          -3.03769
          0.442505          -2.23929           2.50682
          0.875384           -1.8489           2.36114
           1.59398          -1.75587          0.893929
           2.85023         -0.773774         -0.252341
           2.37399         -0.543371          -1.23061
          -2.93134          -1.42113         -0.517136
           2.39405            -2.616          -1.52442
           3.06627           3.02821          -2.23654
           2.38726          -2.13708          -1.97477
           2.09869          -2.13322          -1.81413
            1.5768           -1.7475          -2.18543
          0.530066          -1.59295          -2.95724
          0.549906          -1.22129           2.65635
          0.771592          -1.58048           2.80299
          0.620919          -1.46897           2.02477
           0.14507          -1.15312           2.48425
          -0.22951          -1.74727           2.21149
         -0.362145          -1.29843           2.24941
         -0.583733          -1.97457          -3.01728
         -0.978314          -1.45204          -2.62682
          -1.93568         -0.930141          -2.03311
          -2.36233         -0.664363         -0.654894
          -1.45111         -0.453348          -0.17351
          -1.04993           0.56946          0.421764
         -0.958803          0.634909          -0.81743
         -0.604564          0.683791         -0.349611
        -0.0434654          0.262765            0.1548
           1.12024           1.01809          -0.48418
           1.26071           2.19879           -1.3949
           1.71363           2.47316          -1.82619
           2.83132           2.94217          -2.66046
          -3.08642          -2.45825          -2.56292
           -2.0251          -1.30302           2.79561
          -2.88342          -1.48792           2.35043
           2.96728          -1.74939           1.37302
          -2.85902         -0.973059            1.7286
          -2.34212          -1.14663           2.53201
          -1.61497          -1.00401           2.52434
          -1.19257         -0.893795          -2.84827
          -1.85943         -0.756948          -2.95139
          -2.42007         -0.282388           2.49334
          -2.48504          -1.14744           1.66741
           1.94755         -0.958809           1.71931
           1.56372         -0.776103           1.94146
          0.242438          -1.12893            2.1329
         -0.698903         -0.984498           1.32602
          0.346533          -1.41422           1.00857
           1.91389          -2.04616           1.83568
           2.80829          -2.05036           1.37251
           2.84535           1.87894         -0.535537
           2.70164         -0.652585         -0.271343
          -2.99171          -2.31394         -0.130783
          -2.40995           2.59579         -0.985103
            3.1223           1.58298          -1.13934
           2.78949          0.940727          -0.45447
           2.81192         -0.254932          0.492785
           2.30637          -1.46902            1.7358
            1.8898          -1.82423           2.93673
           1.60485          -1.37601            -2.701
           1.85697         -0.580953          -1.68966
           1.62661          0.304748         -0.969515
           1.76759          0.307353          -0.59889
           3.02749          0.967237         -0.392046
          -1.97613           1.70841         -0.671464
          -1.15082           2.39055          -1.38568
         -0.766929          -3.04704          -1.48831
          -0.69508          -2.50578          -1.67829
          -1.42916          -1.58829          -2.64476
          -1.85218         -0.816455           2.94723
         -0.441616         -0.450484           2.70204
          0.108282         -0.226875           2.66968
         -0.285911          0.806749          -3.02536
         -0.821308           1.56918          -2.46045
          -2.22247           2.40076          -1.32647
          -2.05048           3.03516          -1.41942
          -1.95155          -2.23154          -1.96559
           -2.0564          -2.00332          -1.64084
          -1.53366          -2.49106          -2.21202
          -1.86401          -1.59692         -0.933491
           -1.1242         -0.478249         -0.286717
         -0.848559           1.02668         -0.950928
         -0.395917           1.65599          -1.03401
         -0.347624           1.53406          0.684459
          0.539713          0.199041          0.944639
         -0.474491          0.620017            2.0618
          -0.29306           1.02482           3.10531
           1.22118           1.54309          -2.65588
           1.80426           1.23338          -2.46873
           2.70191          0.743723          -2.37169
           2.88476          0.946636          -1.37716
          -3.07203          0.529223          -0.90058
           2.54204          0.407033         -0.372502
           1.34929         -0.213323          -1.11782
          0.283174         -0.118633          -2.23315
         0.0877486          0.504479          -2.29417
          0.338425         -0.797636          -2.38784
          0.472818          -1.42067          -2.18579
        -0.0734656          -1.69597          -2.65922
           1.60719          -3.03064           3.06758
            2.7548           2.79353            2.8169
          -2.15404           2.45011           3.03942
         -0.794139          -2.96871          -2.96507
        -0.0567719          -2.82943          -2.36047
           0.17285           3.07184          -2.11821
          0.258324           2.61803          -1.56112
          0.950266           2.14497          -1.61687
          0.564232           1.87104           -0.6951
          0.231252           1.73164         -0.325055
          0.618635           1.08158          -1.10288
           1.75024           1.36476          -1.52471
           1.86041           1.73478          -1.81597
           2.95719          0.990677           2.73336
           2.41832          0.391768            3.1224
           2.54331          0.385409            2.7607
            2.4571         -0.203238           2.23265
           1.95453          -1.13411             2.529
           1.30429          -2.33644          -2.66238
          0.376011          -3.04458          -2.71926
         -0.892347           3.04347            2.7025
         -0.401607           2.53103           2.59096
         -0.514252           2.40622           1.92993
         -0.492027           2.26095           2.22205
           0.13971           2.15698           2.26541
          0.333041           1.77565           1.80362
          0.498763           1.54664           1.12912
           1.28591          0.136202          0.925044
            1.8791         -0.687216           1.16891
            1.9586          -1.65471           2.06522
            2.3814          -1.88601           2.48832
           3.05783          -2.17073           2.49376
           3.03545          -1.99291           2.73545
           1.97485          -1.63403           2.27956
          0.858889          -2.13701           2.51228
         -0.288224          -2.14516          -3.02314
         -0.161798           -2.0518          -1.35977
         -0.283632          -2.21428         -0.505469
         -0.808072          -2.89076        -0.0720084
          -1.67657           2.21795          0.470307
           2.90791           1.77784           1.08577
          0.458391           1.42919          0.777773
          -1.47615           1.24243           1.42526
          -1.69977           1.02103            1.8714
          -2.53127          0.832637           1.24668
           2.58852           1.01219           1.67839
           2.96514           0.89793           1.92451
           3.03071          0.404377           1.12867
           3.03487          -0.63794         0.0737255
          -2.93751          -1.37493          -1.30301
           -2.9506         -0.970725          -2.23537
          -2.77962          -1.71034           3.13412
          -2.81453          -2.63447           3.11934
          -2.44606            3.0462           2.79221
          -2.56632           2.02719           2.49786
          -2.33392           1.67207            1.2587
          -3.01353           1.14613          0.282585
           3.04069           1.04632         -0.793019
           2.25715          0.340769          -1.93644
           1.33009         -0.741177          -1.45156
           0.43943          -1.63917          -1.60132
           -0.2215           -2.6461          -1.47753
         -0.311442            2.7027          -2.18962
         -0.580181           2.71857          -2.73522
          -1.10961           2.02973           -2.8836
           -1.6513           1.89755          -2.71599
          -1.59256           1.89817           2.80617
           -1.6315           1.31813          0.835661
           -1.8213          0.500131          0.242191
          -1.52406         -0.148678         -0.486709
          -1.98069         -0.825148          -1.73352
          -2.13651          -1.53222          -2.32395
          -3.11226          -1.81444          -2.51994
          -2.83613          -2.16015          -2.82026
          -1.24463          -2.28756          -2.57742
         -0.755005            2.8031           3.10049
          -1.73197           2.40256          -2.82647
          -1.87815          0.735031          -2.35572
          -2.13255         -0.919658          -2.34416
          -3.06928          -1.37265          -2.66747
           2.92936          -1.95059           2.68208
           1.20805          -2.00619           2.61842
          0.708249          -1.56142           3.12733
          0.743891          -2.83352           2.76127
          0.815295          -2.70678          -3.03543
           0.56299            2.6958           -3.0727
           2.11398           1.78455            2.7424
           2.62359          0.685978          -2.60158
           2.79986          0.291417           -1.8224
           2.81536          0.390461          -1.52588
           2.42328         0.0691671          -1.21604
           2.56649         -0.371537          -1.60586
          -2.52264          -1.08539          -1.50397
          -2.72649         -0.147777          -2.25407
           2.76043         0.0828954          -2.88124
           2.17277          0.359623          -2.36994
           1.68776          0.269212          -2.77065
         0.0243324           0.34874          -2.36315
         -0.346326         -0.546008          -3.01875
         -0.404599          -1.12399           2.37948
          0.623296          -2.09957           1.63828
           1.00784          -1.31186         0.0223314
          0.994162          -1.03132         -0.486589
           1.53462         -0.560929          -1.58755
          0.319568         -0.103394          -1.54923
         -0.549466          0.265379           -1.1466
          -0.72705          0.682317          -1.86556
         -0.299272           0.89731         -0.577684
         -0.247717           1.45634          0.257144
         -0.567563          -3.04729          0.731898
         -0.557871           -2.0862           1.09289
          -1.04178          -1.02411            1.9306
          -1.18611         -0.258781           2.76639
          -1.15041          0.686637           2.63708
          -1.79077          0.898967           1.89436
           -2.0649           1.07368           1.33534
          -1.86112           1.36399          0.455356
          -1.65262            2.6727          0.420681
          -1.83616          -2.72044          0.853575
          -2.09394          -0.82656           1.45104
          -1.90063          0.466559          0.947171
          -1.67256           1.35323          0.929527
          -2.44447           2.59195          0.767006
          -1.95621          -2.74399           0.50327
          -1.25441          -1.88204        -0.0649154
          -1.95369          -1.45976          0.190108
         -0.635669         -0.460713          0.548089
          0.265661          0.249791         -0.573562
          0.537073           1.38117          -1.47669
           1.49496           2.30332          -0.72635
           2.15675           2.90313          0.989503
           2.45164          -2.49476           1.83892
          -2.99921          -1.38966           2.82936
           2.86354          -0.54454           -2.3005
           2.73712          0.386734          -1.78876
             2.609          0.807891           -2.6694
           2.60331           1.13563          -2.86324
          -2.77458           1.50121           2.48322
          -2.69879           1.82033           1.61808
         -0.932084           2.23798          0.692672
         0.0131055           2.92194          -0.19987
          0.536005           2.82842        -0.0881473
          0.676399           2.71457          -1.59358
          0.514057            2.5614          -2.48093
          0.179887          -2.98608          -2.64993
         -0.731702          -1.91047          -2.69768
         -0.543104         -0.949021          -2.92449
          -1.12621         -0.073419          -2.54814
          -1.52471         -0.264088          -2.11671
          -1.70054        0.00489935          -2.13582
          -1.69595          0.585664           -2.6786
           -2.2332           0.99771          -2.47402
          -2.12967            1.2144          -2.43352
          -1.85912           1.19404           -1.8274
          -1.64638           1.26221          -2.27662
          -1.94422            1.4924          -2.21858
          -2.25292           2.60105          -2.28269
           -2.6978           2.89149          -1.87352
            -2.759           -2.5656          -1.51993
          -2.52613           -1.9321          -2.23422
          -2.68412          -1.38466           2.15154
          -2.98877           -2.1238            1.4992
          -2.75432          -2.19975            1.2594
          -2.40543          -1.64188           1.20331
          -2.78431          -1.78229           1.61744
          -1.72924          -2.03567           1.67826
          -1.18807          -2.06345           2.49989
         -0.389122          -1.37406           2.75893
           1.40856          -1.38471           3.07394
           1.52055          -1.23934          -1.73096
           2.06478         -0.993991         -0.753769
            2.8727         -0.544942          0.185811
           2.93573          -0.49758         -0.214272
          -3.09565        -0.0355497         -0.384527
          -2.79769          0.484369          0.596389
          -1.58894           1.48086           1.66258
         -0.762306           2.93893           2.33257
          0.312122          -2.86133           -2.5657
           1.18757           3.07311          -2.13271
           1.58655           3.07151          -1.04674
           2.69677          -2.83638         -0.847648
          -2.67565          -2.92232         -0.769236
          -1.60928          -2.99604         0.0169062
          -1.17191           2.64781           0.31565
          -1.56325           2.65605           1.04763
         -0.340343           2.61497           2.25968
          0.660891           2.86002          -2.39866
           1.13572           2.55624          -1.94712
           1.01983           2.99015          -1.27203
         0.0338162           2.07566           -0.4538
         -0.333697           1.94006           1.07905
          0.205589           1.25699             2.068
          0.604865           1.14415            1.9195
          0.180418           1.46371           1.52912
         -0.199282           1.19159          0.639749
         0.0601684           1.81665          0.383546
          0.605139           2.75112           1.66519
           1.27591            1.9366           1.48931
           2.18642           1.46839           1.85467
           2.47833          0.906249           2.93702
         -0.928126         -0.354954          -2.07292
         -0.345182          -1.00522         -0.839603
          -0.52051          -1.41539          0.127685
          0.580222          -1.37474          0.488058
          0.829409          -2.23874           1.37233
           1.67929          -2.42671           2.73343
           1.47931           2.71429           2.79514
          0.538917           2.68984          -2.23087
          0.322284           2.53456          -1.49734
          0.801959           2.26117          0.181025
           1.22488           1.10795            1.3815
           1.58956          -0.71776            1.8773
           1.44213          -2.23083           2.21186
          0.819149           2.55027           2.85534
          0.991906              1.89           2.57472
           1.14218           1.71754          -2.89441
          0.917778           1.36054          -1.50554
          0.809398         -0.281692         -0.301611
           1.40015          -2.51903          0.290377
           1.14203           1.75194          0.711516
           1.18812           1.12288          0.566938
           2.06606          0.222917           1.60535
           2.00555          -1.12341           1.22903
           1.97724             -2.31          0.965711
           2.69626            3.0515          0.177208
           3.12363           2.59224          0.655386
           2.61163           1.02597          0.844304
           2.13563         -0.665442          0.230853
          -2.59197          -2.68423        -0.0496228
          -2.30914           3.07869          0.476144
         -0.947383           2.60424          0.449329
         -0.980435           1.03567          0.194162
          0.247819          0.588437           0.24464
          0.962462          0.542363          0.519719
           2.01806          0.976876          0.989167
           2.09876          0.613498           1.92893
           2.08291         -0.520334           2.00059
           2.13566         -0.942628          -3.04232
           2.24423         -0.812868          -2.27075
           2.26953           -1.0183          -1.42403
           2.22467          -1.90758         -0.773873
           2.75454          -2.87819         -0.338239
          -3.02903          -2.09614         -0.106194
          -2.02821          -2.19849            1.1164
          -1.44939          -2.02415           2.06426
          -1.03129          -1.57549           3.08316
         -0.883188          -1.27653          -3.09149
         -0.510868          -1.02527           3.01929
         -0.741242          -1.73634           2.96598
          -0.48314          -1.88132          -2.83272
         -0.856864          -1.96604          -1.66999
          -1.80696          -1.58219          -1.65118
          -2.61827          -1.17746          -1.50281
           2.96716         -0.770214         -0.385071
             2.989          0.184269           0.32218
          -2.92201           1.81716         -0.277195
          -3.00365           2.61843          -1.20602
          -2.74038          -2.23173           -1.3991
          -2.76558          -1.87894           -1.1633
            3.0774          -1.46603         -0.466419
          -2.84799          -1.44231         0.0180392
           1.97892          -1.70534         -0.597062
           1.41943          -1.83427          -0.81222
          0.662048          -1.53652         -0.387906
           0.73476         -0.953606          0.431721
          0.420948         -0.825108          0.293616
         -0.189622        -0.0483003         -0.235953
         -0.968115           1.11751         -0.115398
          -2.60638          0.769698           0.70619
           1.74796           0.60372          0.324808
         -0.158596          0.942238          0.159131
          -1.31751          0.363653         -0.529994
          -2.17096        -0.0718781           -1.5602
           2.62802         -0.829838          -2.04229
           2.18586         -0.812318           2.63405
           1.89063          -1.16963           1.53181
           1.96469          -1.27283           1.31306
           2.15693          -1.51531           1.20899
           1.45646          -1.66021           1.32047
           1.34827          -2.13065           1.21419
           1.10353          -1.13361          0.859474
          0.525435         -0.586467           1.78003
         -0.651972         -0.590368           2.30446
          -1.45988          0.215747           1.90854
          -2.19324           1.30981           2.05753
          -2.64041          0.875649           1.80379
           3.08089          0.476371           1.33475
          -3.00487           1.13762          0.974275
          -2.63634           0.65326       -0.00537945
          -2.97305          0.500319         -0.213118
          -2.74418           1.17734         0.0252515
          -2.78434            1.3652          0.698401
           2.29309           2.14359          0.133169
           1.96017          -3.13576         -0.491536
           2.60149            2.3838           -1.0005
           1.78821           2.94747         -0.829583
           1.61087           3.05969          -1.53109
           1.94343          -3.03279          -1.63967
           1.20304          -3.10258          -2.97625
           1.50931           2.68824           2.32373
          0.885476           1.68339           1.71598
          0.516272           2.15757          0.107049
          0.263687           1.84174         -0.842741
         -0.618018           1.84262          -1.60858
         -0.156015           1.99934          -2.10351
          0.158627           1.74391          -2.67104
        -0.0305094           1.16607          -2.74599
         -0.104525          0.699851            2.7978
         -0.561182         -0.353788           2.37271
         -0.403889          0.128527           2.03157
        -0.0765395         -0.338983           2.40386
            1.1197         0.0821255           1.93588
          0.679051          0.220306           1.45178
           0.76752         -0.580518           1.20103
           1.72882         -0.959668          0.693162
            2.9383         -0.513366           1.11458
          -2.97048         -0.575436            1.1647
          -2.54318         -0.572655           1.65934
            -2.508          0.117701           1.17514
           -1.7513          0.587636          0.736676
          -1.50919          0.364129          0.342998
          -1.49396            1.5279          0.289922
          -1.16134          0.822978         -0.394486
          -1.63237          0.977373          -1.06978
          -2.46293           1.79854           -1.3331
          -2.88158           2.58083         -0.737984
           2.29803          -2.20244         -0.717904
           2.57234          -1.56967         -0.450561
           2.92206         -0.940204         -0.202758
           2.18524         -0.567588         -0.463912
           1.19342          -1.09656          -0.84366
          0.472484          -1.59637         -0.804607
          0.819387         -0.981156          -0.43178
          0.425995         -0.440815          -0.78346
         -0.146034         -0.343434          -1.35942
         -0.565916        -0.0523839          -1.98621
         -0.330511         -0.629382           -2.8188
           -0.2798          -1.08791            2.4113
        -0.0316206         -0.146748           1.95316
           1.13703           1.14475           1.35979
           2.48974           1.58044              1.92
           3.03772           2.77767           2.79898
          -2.92717          -2.77481            2.7307
          -2.01408          -2.45269           2.13678
          -1.34332          -2.05368           1.97208
         -0.352224         -0.852419           2.11684
          0.336764        -0.0158993           2.69001
           1.09866           1.09375           2.18811
           1.78067          0.221906          0.549009
           1.87582         -0.198966          -1.10265
           2.13196         -0.198135         -0.602068
           1.53437          0.150863          -1.20832
          0.950387         0.0631785          -1.24137
          0.504154          0.436399          -1.48577
         -0.540389           1.39612          -1.34409
           -1.2259           1.87578          -1.20469
          -1.14006           2.43848          -1.75534
           -1.1819           2.08161           3.13988
         -0.343354           2.26479           1.97442
         -0.426343           2.68804          0.891947
         -0.165546          -2.79092           1.33211
          0.348638          -3.09637           1.74351
          0.794303           2.85612           1.99525
           1.81656           2.43997           1.42895
           1.85622           3.04355           1.54499
           1.95941          -2.87012           1.19314
           2.99341          -2.69389            1.9188
          -2.81519          -2.61598           1.78739
           -2.9077          -2.46763           1.48636
          -2.85653           2.81491           1.36587
          -2.98166          -2.76932          0.623543
           1.86327          -2.73515           1.22184
           1.58595          -2.41973          0.618862
           1.21115          -1.86114           1.26313
           1.40764          0.314068           1.94278
           1.12396           1.74734           1.03152
           1.81263          -3.12948           1.44005
           2.18601          -2.13754            1.2795
           1.88432         -0.826013           1.78413
           1.89465          -0.71642           2.11057
           1.31089         -0.745029           2.51745
            2.3177         -0.871319          -2.71995
           2.23939         -0.724133          -1.87416
           2.92221         -0.769962         -0.909395
          -1.54049         -0.788615         -0.481093
          -0.97446         -0.656154         -0.889216
         -0.582417         -0.584632          -2.00705
          -2.66553           2.52085          -1.58658
          -2.73229          -2.69594          -2.19064
           3.00289          -2.11252          -2.55658
           1.65185          -1.37165          -2.30814
            1.9331         -0.902833          -1.80332
           2.30997          0.455014         -0.392695
           2.28465          0.867194        -0.0707075
           3.03798           1.71489          -0.36185
          -2.63404           1.68791          0.217816
          -1.99809           1.25466          0.334931
          -2.43032            1.3169           0.57084
           2.96645           1.36637            1.2516
           2.46294           1.24801           2.33647
           2.65596          0.960817           2.58917
           3.02265          0.405898          -2.89481
           2.52903          0.776204          -2.39617
           1.65493           2.47935          -1.89195
           2.10307           2.87974          -1.52184
           2.35624          -2.78825          -0.08264
           1.62032          -3.06104          0.707802
          0.474538           2.90599           1.00703
          0.279606           2.19933           2.60308
          0.648219             2.203          -2.38572
          0.733875           1.90012          -1.25667
            1.8621           3.08305          0.493066
           1.59071           -2.6813           1.68113
           1.45533          -1.88582          -2.66864
           1.06441          -1.16596          -2.29639
           1.54183         -0.185651          -1.93717
           1.85952          0.279233          -1.78875
           2.41275          0.649561          -1.95496
           2.62105           1.55663          -2.03852
          -2.57742           2.58453          -2.96938
          -2.69771          -2.55428           -2.8953
          -2.05811            -2.258          -2.72116
          -1.46635          -1.30763          -2.49889
           -1.0137         -0.829113          -2.10147
          -1.49444          0.382675          -2.09007
          -1.75978           1.00905          -2.54086
          -1.58499          0.690326          -2.81931
         -0.671823          0.140623          -1.90887
          0.057672          0.235175          -2.03819
          0.912906         -0.739324          -1.89083
           2.08045         -0.378556          -1.43927
           2.58247       -0.00509535          -1.86962
            2.9916        -0.0702478          -2.88839
          -3.11753          0.161287          -2.49886
          -2.55632          0.931167           2.39429
          -2.57504          0.786559           1.56609
          -2.09645          0.172519          0.546584
          -1.62219          0.636732         0.0859929
          -1.55437           1.06863         -0.350163
          -1.76743           1.83012           -1.1919
          -1.56971           1.63015          -2.86215
          -1.44709           1.45475           2.41178
           -1.2144          0.943381          -3.13293
        -0.0411538           1.36079           2.46609
          0.581257            2.5436           2.01155
           1.87539          -2.45318           1.75554
            2.7436          -2.22457           1.12093
           3.09883          -2.04236          0.937401
          -1.53583          -1.50604          0.117388
         -0.987118          -1.01796          -1.00487
           -1.7789          -1.22826          -2.10225
          -1.42878         -0.440342          -2.78916
          -1.11624          0.491673           -2.5163
         -0.842667          0.630338          -2.30562
        -0.0794782          0.605034          -2.46135
         0.0919996         -0.249338          -1.58927
         -0.345589         0.0889679          -1.08615
         -0.986233         0.0189283         -0.989628
          -1.63383          0.340507         -0.996077
          -2.78169           1.02679          -1.87076
           2.38407          0.826114          -3.12871
           1.87485          0.704551          -3.00256
           1.77403           1.03767           2.78047
           2.41501           1.44822           1.42075
           2.76799           1.25329           1.43465
          -2.81546           1.36359           1.79498
          -3.08556           1.49338           1.84713
           2.04661           1.19799          0.962991
           1.51912           1.34264           1.83959
          0.962959          0.425623           1.78857
           1.28163          0.303389           1.70807
           1.03946            -1.202          0.905218
            1.1912          -2.35569         -0.295836
           1.80817           2.19298          -1.07227
           1.82265           1.57953           -1.7502
           1.34552          0.849801          -2.64932
           2.07416           0.14714          -2.17149
           1.96411        -0.0772198          -2.11991
           1.03293            0.2959          -2.46906
            1.4088            0.2563           -2.5661
           1.93255           1.84147          -2.21184
           1.62277           2.78061          -2.27912
           1.63273          -3.08067          -1.95951
           1.01153           -2.6362          -1.60666
           1.39427          -2.84864          -1.68192
           1.46406          -3.08249         -0.885975
           1.83211           2.19304         -0.608358
           2.30665             1.676          -1.00187
           2.91259           1.60411          -1.34177
          -2.02203           1.16473           -1.6136
          -1.37437           1.91937           2.91291
         -0.396173           2.36448           2.78268
         -0.309369           2.20025           2.72138
          -1.34634           2.95599           1.92133
          -1.57595           3.04848            1.9971
          -1.57685           2.26347           1.52762
         -0.527575           1.06107           1.08958
          -1.41394        -0.0618524         -0.238199
         -0.792538          -0.76737          -1.61497
         -0.207313          -1.74167          -2.44169
          0.296724          -3.04463           2.84518
           1.10264           2.40347           2.24922
           1.35842           1.66817           1.35321
          0.847047           1.93983          0.601894
          -0.21418           1.55303          0.883339
          -1.06495           1.54893          0.251111
           -1.9991            1.0144         -0.411463
          -1.98414            1.0674          0.662412
          -2.38075           1.16612           0.64818
           2.69169          0.474907          -0.15011
           2.03797          0.118439         0.0236029
          0.957845         -0.289742          -1.01376
         -0.156083          -1.60488          -0.32787
          -2.66712          -2.62128          0.100843
           1.72285           3.10776         0.0639266
          0.759219           2.55846         -0.261476
           0.26748           2.22374          -1.44865
         -0.762277           2.05349          -2.75063
          -1.07844           2.03192            2.8098
          -1.04041          0.754592           2.52095
         -0.934812         -0.384793            1.0223
         -0.194576          -1.08008         -0.380933
          0.482047          -0.57763         -0.824643
          0.365814          -1.05539         -0.961454
          0.393625          -1.02363          0.345923
            1.0473          -1.44125          0.728901
          0.487967          -1.19695          0.758041
          0.452309         -0.376635          0.742685
         -0.191472          0.431278           0.91603
         -0.221024          0.620722          0.408663
         -0.502561           1.47972           0.78178
        -0.0132708           1.38702           1.21224
          0.493857           1.38657           1.20291
           1.43506           1.50603           2.39171
           2.22932          0.829469           2.42796
           1.80246          -0.82317           2.45502
           1.42445          -1.41289            2.5433
          0.259715          -1.16926          -2.29463
         -0.468463         -0.873953          -2.28187
          -0.86203         -0.552335          -1.75587
         -0.836601         -0.217994          -1.22885
          -1.56027          0.515761         -0.171494
         -0.929828          0.702692           1.08997
          -1.17629          0.868103          0.991432
         -0.438831          0.266387           1.23799
        -0.0961539         -0.817085           1.58558
          -1.04748          -1.43658           1.75635
          -2.40952         -0.934779           2.08016
          -1.91978          -2.05877           1.72933
          -1.45308          -2.37837           2.22119
         -0.977564            -2.372           2.84376
         -0.889426          -1.54546          -2.95046
          -1.24917         -0.370676          -3.03664
           -1.8343          0.124629           -1.6479
          -2.30546          0.154755           0.68996
          -2.82038          0.737817           2.03754
           2.46404           1.31743            3.0081
           2.72762          0.730489          -3.11245
          -2.43249         -0.424632          -2.70343
          -2.07076         -0.745765          -2.25624
           2.67308         -0.244379          -2.07451
           1.43285          0.628228          -1.57714
           1.15306          0.733568          -1.68702
           1.97669           1.09608          -1.75775
           2.16664          0.724814          -2.08638
           2.79598          0.331785          -2.38267
          -2.83663         -0.604332          -2.50414
          -2.77813          -1.45287          -2.51677
          -2.66094          -2.44277          -2.21423
           2.72094          -2.93048          -1.91399
           2.94835           2.97189           -1.5584
           2.96454          -2.93294          -1.67125
          -2.81504           2.31956          -1.72186
          -2.59238           1.99256          -1.83494
         -0.592974           2.73838          0.876756
         0.0490359           2.92397            1.2473
          0.408036           -2.8295          -3.03701
         -0.793988           2.43758          -1.30535
          -1.84017           1.65865         -0.745035
          -1.89667          0.992219         -0.202393
          -1.46829          0.397347          0.551235
          -2.33707          0.134256           1.93951
          -2.61166         -0.735293          -3.11754
          -1.47329          -1.09771          -1.95762
          -1.14682          -1.45077          -1.35178
         -0.715785           -1.3886          -1.06282
         -0.865611           -2.2929         -0.464869
           -1.1933          -2.04308          -1.28759
        -0.0295794          -1.48913          -0.83128
          0.968516           -2.2573        -0.0110076
           1.13203          -2.49483           -1.1472
           1.78367          -3.10447          -2.30466
           1.79605           2.93942          -3.05008
           2.01343          -2.72782           2.96063
           2.65087           -1.6863          -2.85233
           2.45652           -1.2472          -2.40132
            3.0501         -0.250542          -2.07494
           3.12699          -0.12408          -1.22535
          -2.91816          0.804757         -0.767686
          -2.78601          0.426649         -0.652746
          -2.07365           1.05125          -1.16942
         -0.789027          0.732561        0.00997765
         -0.697019           1.05339          0.737677
         -0.483567           1.34572           1.13216
         -0.710302            2.1889           2.01108
         -0.662989           3.06943           1.74021
          -2.14401           2.84988           1.64428
          -1.59277           3.04312           1.92541
          -1.60116           2.29251           1.43613
          -1.30087           2.41246           1.26916
         -0.761689            1.8386          0.741223
          0.421856           1.34266         -0.310179
           1.53559           1.32008          -1.39903
           2.36933           1.94158         -0.971878
            2.4485           1.41638          -2.38936
           2.36666          0.880127            1.9049
           1.83303        -0.0734633          0.860157
           1.01902         -0.819559        -0.0217482
          0.906692          -1.59094         -0.345527
           0.34118          -2.74437         -0.489224
         -0.552864           2.06666          -1.52624
          -1.10396           0.73796          -2.47915
         -0.989333           0.29521           -2.4249
          -1.19926        -0.0327572          -3.00639
         -0.155889          0.153741           2.37815
         -0.830612         -0.517876           1.43241
         -0.867946        -0.0389793          0.549553
         -0.490584         -0.382037          0.931988
         -0.560992          0.542508          0.985289
          0.568053          0.549228           1.19563
           1.39138          0.460133          0.825911
           1.72367           0.41899           1.94088
          0.756238          0.874563           2.16235
        -0.0504545          0.820649           2.57075
         -0.744947          0.804406           2.05044
         -0.852196           1.46601           2.80418
         -0.773228           1.69711          -2.85541
         -0.486506           2.35398          -3.12114
          0.291678           2.99115          -2.78622
         0.0461123          -2.62755          -2.86788
         -0.296782          -1.87427           3.09902
         -0.399857         -0.414285           2.43094
         -0.929377         -0.661732           1.32499
          -1.66902         -0.441113            1.4945
          -1.86059          0.815592           1.12923
          -2.33194           1.65511          0.977788
          -2.65833           1.94755           1.10849
           2.03728           3.00382           1.41472
           0.51236          -3.13024           1.49024
          0.749773           2.56788           0.55335
         -0.308711            2.6589         -0.668855
         -0.481496           2.20469          -1.77112
          -0.21524           2.34417          -2.55293
         -0.108137           3.11154           2.82115
         -0.264143          -2.20155           1.68734
         -0.584053          -1.57437          0.218081
          -0.95783          -2.03758          -1.42954
          -0.91542          -2.33953          -2.14251
         -0.976131           2.42189          -1.82116
          -0.96326           2.39205          -1.61205
          -2.64587           1.78253          -1.85524
          -2.65204           1.17085          -2.60447
           2.93466          0.663114            3.0562
          -3.11384         -0.534482            3.0316
          -3.00395         -0.176451           2.48834
          -2.43648         -0.548843           2.31544
          -2.75592         -0.999682           2.17735
          -2.89024          -1.08241           1.37348
          -2.36299          -1.41092           1.19765
          -2.43472          -2.06675           1.36964
           2.94023          -2.09773           1.00684
           2.96967          -2.01135          0.290226
           2.57821          -1.52249          0.494311
            1.8524        -0.0567698        -0.0232542
          0.322683          0.347851          -0.29058
         -0.160251          0.528221          0.340456
         -0.287478            1.1521         -0.648863
          -1.13319           1.00299         -0.997255
           -1.4118           0.79957          -1.29763
          -2.06689          0.761086           -2.1761
          -1.56486           1.76379           2.71431
          -2.10447           1.93063          0.964121
          -2.35364           2.03781          0.645302
          -2.17547           2.31238         -0.310487
           -2.9983           2.51188         -0.381927
           3.06004          -2.71619          -2.10087
           2.78336          -1.27516           2.92164
           2.64201          -0.48674           2.37806
          -3.06643          -1.35904           2.44935
           3.05741           -1.3451           2.62651
           2.63254          -2.15854           1.48318
           1.83922          -2.79256           0.83324
          0.964396          -2.14806           1.31492
          0.897658          -2.04763           1.05837
          0.686913          -2.05504          0.642567
          0.409622          -1.76341          0.104476
          0.224219          -1.53763         -0.772126
          0.186832         -0.871803          -0.75008
         -0.572001         -0.586398          0.146043
         -0.179761           1.05112           1.07838
         -0.354692           1.83855           1.45043
         -0.347515           2.07239           2.39711
        -0.0686712            2.7804           2.70279
         -0.255145          -2.95513            2.8117
         -0.547847          -1.54804           1.81218
         -0.265119          -1.19035           1.66786
         -0.151363         -0.443693           1.49877
          -1.86728           0.18026          0.101779
          -1.76312        -0.0950122          0.415238
          -2.08561          -1.06138          0.606391
          -2.86276         -0.772526           1.73702
          -3.03757         -0.744908          -3.12001
           2.93477          -1.09891          -2.52703
           2.82022          -1.72467          -2.30031
           2.84962          -2.11565          -1.43696
           2.98276          -2.38109          -1.06439
           2.96959          -2.50141         -0.762582
           3.10405          -2.26417          -1.28461
          -1.93779          -2.73348          -1.78585
          -1.03781           2.95152          -1.73435
          -1.04976          -2.92439          -1.81689
         -0.699325          -3.10639          -1.87407
         -0.492272            2.6272         -0.672691
          0.301976           2.55913         -0.359278
           0.81227           2.14555         -0.728144
           2.41647           1.61957         -0.625026
          -3.06502          0.747885         -0.757544
          -3.03185          0.505122          -1.99457
           3.09415          0.278447          -1.93056
           2.85495         -0.849038          -1.60101
           2.49879          -2.41916          -1.14258
           2.73424           2.98155           -0.6374
           2.89863           2.03013          0.263227
          -2.44577           1.58396           1.30667
          -2.92695          0.732496           2.19004
           2.79471         -0.595928          -2.24524
          -2.82889          -1.20797          -1.22622
          -2.30897          -2.69327         -0.323492
          -0.52353          -3.09788          -0.39554
          -1.28656           2.59428           0.80791
          -1.30697           2.53931           1.21798
          -1.57935           2.13939          0.975987
           -1.2333           1.92654          0.858935
        -0.0759896           2.49785           1.17533
          0.534248           3.07461           2.04731
           1.02146           2.95132           2.23126
           1.68659          -2.80537          -2.92413
           2.07595           3.03506          -1.05115
           1.93592           -3.1192         -0.515096
          0.992656           -2.6448          0.164069
          0.377272           2.99468          0.950619
          0.870359           2.81111          0.963752
           1.36256          -2.94363         0.0826115
            2.1354          -2.81992          0.878398
           2.64307          -2.09236           2.66736
           2.53347          -1.09483          -2.08585
          -3.00467         -0.631807          -1.93335
          -2.25738          0.311588          -1.79873
           -2.1934          0.769257          -1.01102
          -1.64384           1.52054         -0.662594
         -0.507799           2.77156          0.549442
          0.956534          -2.88342           1.25782
           1.08419          -2.19715            1.5913
           1.28927          -1.66851           1.88549
            1.1202          -1.72911           1.68658
           1.27962          -1.70042          0.793851
            1.1208          -1.43978          0.709354
           1.04594           -1.5767          0.629066
           0.29847          -1.22095          0.800305
          0.382265         -0.974911           0.57563
          0.315279         -0.986385             1.084
          0.494391         -0.729563          0.653899
          0.412461         -0.290101           1.18538
          0.656673        -0.0920219           1.36734
           1.00986          0.421807          0.965008
           1.59745          0.663371          0.720674
           2.11507          0.708934          0.397717
           2.36905           0.36552         -0.312157
           2.57969          0.649053         -0.686666
           3.07222           1.48011          -1.27397
          -2.96574           1.59849          -1.69435
           -2.9182           1.81582          -2.17636
          -1.94097           2.14048          -2.59185
          -1.84552           2.38926            -2.204
          -1.69672            2.3173          -2.34147
          -1.17327           2.16934          -2.57332
          -0.94592           1.99253          -2.91709
         -0.899215           1.71589            3.1237
         -0.714135           1.93129           3.11438
          -0.80935           2.21144           2.70646
         -0.629295           2.01679           2.76818
         -0.786476           1.81992           2.94561
         -0.841469           1.78047          -2.79792
         -0.426435           1.92716          -2.91042
          -0.98262           2.27465          -3.04161
          -1.01702           2.26746           2.90603
          -1.11397            2.1277           3.10936
         -0.835991           2.00089           3.10381
         -0.752545            2.4856           2.59019
         -0.540895           2.40395           1.83138
         -0.198467           2.53886           1.44431
         -0.186489           2.84747            1.2364
          0.495743           3.04879           1.19555
           1.14495          -2.81808           1.47466
           1.41989           -2.5864           1.33135
           1.48662           2.84713           1.21816
           1.29527           2.71544           1.43112
           1.64421           2.73359           1.62235
           1.43957           2.38491           1.36784
           1.84508             2.629            1.3433
           2.21054           2.55988           1.19673
           2.48052           1.96055           1.10484
           3.00714           1.88171          0.851997
          -2.69567           1.59638           1.09845
           -2.4658           1.06912           1.18322
          -2.11616          0.458532           1.15054
          -2.11624          0.253957          0.991286
          -1.77055         0.0522842          0.892309
          -1.43689          0.188532           1.08503
         -0.914042        -0.0549142          0.811416
         -0.161838         -0.312265           1.39251
            0.4925          -0.35321           1.37528
          0.950951         -0.575139           1.37865
          0.984359         -0.446573           1.72331
           1.42955         -0.521824            2.0754
           1.12973         -0.784422           2.12439
          0.358113         -0.833758           2.40946
         -0.636941          -1.18399           2.51876
          -1.28229         -0.819108            2.5991
          -1.21788         -0.678887           2.53015
          -1.02756         -0.595313           2.92966
         -0.959432          -1.37173           3.04559
         -0.633561          -1.36881          -3.04778
          -0.78469          -1.17249          -2.89223
         -0.900314          -1.46704          -2.80081
         -0.826785          -1.60235           -3.0074
         -0.593448          -1.67727           2.86665
         -0.628343          -1.39973           2.91212
        -0.0822635          -1.83216           3.02956
          0.533894          -1.92471           2.86338
          0.752968          -2.16891           2.17981
           1.28682           -2.2972           1.99075
           1.41025          -2.33972            1.4986
            1.4785           -2.4526           1.36986
           1.11023          -2.14766           1.97617
           1.04433          -2.15944           3.00936
          0.855912          -2.23416           3.11915
         -0.098664           -2.5624           2.96943
         -0.595588          -2.64566           2.70473
          -1.01308           2.94293           2.66125
          -1.44209           2.59718           3.10902
          -2.38065           2.12266          -2.97717
             3.127           1.72351          -2.78336
           2.30677           1.10907          -2.84019
           1.55199          0.203973          -2.92983
           1.30364         -0.279966          -2.48946
          0.820227         -0.424552           -2.7351
          0.376335         -0.297298          -2.43553
       -0.00416111         -0.592044          -2.36907
         -0.792587         -0.705221          -2.30404
         -0.853595         -0.813269          -2.17498
          -1.11139         -0.724814          -1.97595
          -1.22009          -1.15024          -1.98819
          -1.42034          -1.59537          -1.98877
          -1.80523          -2.18076          -1.29437
          -2.10545          -2.72731         -0.797406
          -2.10048            -2.569         -0.833673
          -2.36306          -2.95561         -0.361616
          -2.76958          -2.98167        -0.0417678
          -2.95632           2.95892          0.675249
           2.74891            3.0607           1.07461
            2.1111          -3.05729           1.32285
            1.7052          -2.90924            1.4402
           1.38794          -2.32487           1.24877
            1.4084          -2.17691           1.06825
           1.28652          -2.16314          0.436789
           1.26055          -1.84752          0.315347
           1.41979          -2.11896           0.40008
           1.04731          -1.92824          0.443609
          0.725609          -1.65384           0.70876
          0.867188          -1.16299          0.376439
           0.81696          -1.29792           0.53139
          0.885814         -0.962984          0.674699
           1.05338          -0.78303           1.06955
           1.12846          -0.70674           1.27154
          0.904034         -0.318455           1.58188
          0.310248        -0.0715725            2.0384
         0.0865747          -0.17615           2.20049
        -0.0673909          -0.23177           2.23911
         -0.209623         0.0789574           2.54289
         -0.257046          0.288109           2.74608
            0.3278         -0.153652            3.0568
           1.16696         -0.494971           3.06091
           1.61618         -0.989874           2.91773
           2.04828           -1.5405           3.01956
           2.65121          -1.74189          -3.05119
          -2.74725          -2.13158           -2.5876
            -2.661          -2.42433          -2.02445
          -2.94536          -2.92912          -1.99279
          -3.11296          -3.01069          -2.15657
           2.86924          -2.89793          -2.13325
           2.80511          -3.12639          -2.68494
           2.28877           2.75646          -2.95517
           1.97538           3.05669           2.59595
           1.11024           2.86434           2.27692
          0.538158           -2.9354           2.32354
       0.000936859          -2.19828           2.10226
         -0.219539          -2.00508           1.73376
         -0.413454          -1.43111           1.89286
         -0.435854          -1.41869           2.02106
         -0.824729          -1.40224           1.90046
         -0.597469         -0.835378           1.98054
          -1.02203          -1.02229            1.8581
           -1.0338          -1.07219           1.90432
         -0.975215         -0.670245           2.18582
         -0.955107          -0.39976           2.29905
         -0.251304          0.247495           2.57157
         -0.323707          0.230339           2.70771
         -0.368377          0.983042            2.7055
         -0.497085          0.948114           2.59799
         -0.513702          0.800044           2.79884
         -0.187611          0.749989           2.78063
        -0.0218596          0.752704            2.9032
         -0.429493          0.628654           -3.1176
         -0.517504           1.02752           2.93509
          -0.92786           1.46014          -2.89948
          -1.27708           1.98436           2.84634
          -1.20722            2.9609           2.79961
         -0.371194          -2.57397            3.0074
          0.160446           -2.3698           2.72997
          0.660606           -2.0546           2.91338
          0.989584          -1.74739           3.13793
           1.33838           -1.7863           3.09322
           1.52757          -1.95374           2.81834
           1.70366          -1.97431            2.7851
           1.90979          -1.87446           2.33097
           2.21002          -2.05808           2.07586
           2.61437          -1.94402            1.7259
           2.43728          -2.20947           1.65992
           2.54204          -2.35515           1.44661
            1.6559          -2.69178           1.36801
           1.76146          -2.28526           1.16643
           1.62046          -2.08853           1.19276
           1.25112           -2.0101           1.11732
          0.959697          -1.98608            1.2605
          0.603707          -2.29767           1.20009
          0.988283          -2.73139          0.927187
          0.879788          -2.94516           1.30369
           2.58723          0.885184          0.216269
          -3.09166          0.869864         -0.481884
          -3.09098          0.707838          -0.81395
           3.01203          0.875509          -1.02651
           2.51187          0.927001          -1.76389
           2.20988          0.754334          -2.71893
           2.22135          0.457719          -3.02043
           2.10757          0.312589          -2.81255
           1.88837          0.159881          -2.39513
           1.78883         -0.297851          -2.50425
           1.35001         -0.193566          -2.61632
          0.886534         -0.591298          -2.43823
         0.0610339          -1.11388           -2.8581
         -0.259011          -1.20804           2.82498
         -0.776507          -1.41555           2.76151
         -0.542655          -2.04728          -2.92848
         -0.482052          -3.01878          -2.88732
         -0.107177           2.97895          -2.71029
         0.0639552           2.36955          -2.40816
        -0.0379134           1.85841          -2.36986
          0.734762           1.47695          -2.67287
           1.38606           1.32738           3.07085
           1.73405           1.56509           3.12218
             2.157           1.95535          -3.03145
           2.24937           2.50404           3.06725
            2.5512          -3.01131           3.04596
           2.40648          -2.54865           3.11267
           2.07572          -2.13906           3.08605
           2.13987          -1.82698          -2.96291
           1.99562          -1.74951          -3.13742
           1.97256          -1.59088           2.94365
           1.87841          -2.07747           2.90061
           1.78558          -2.21263           2.87778
           2.25873          -2.36813           3.06876
           2.14481          -2.93712          -3.04909
           2.33978          -3.05429          -3.09153
           2.25239          -2.94587           2.61629
           1.98413           2.99152           2.61452
           1.66982           2.92355           2.85017
           1.67412            2.9525           2.93544
          0.871625           2.93305           2.47642
          0.485559           3.07088           2.32691
         -0.164512           2.88363           2.29912
         -0.305933            3.1208           1.86788
         0.0965764          -2.58593            1.6916
        0.00542031          -2.49838           1.67057
         0.0408994          -2.13126           1.58561
         0.0182239          -1.71026           1.34071
         -0.118993          -1.10588          0.860354
         -0.215032         -0.842856           0.32159
         -0.587044         -0.485186          0.032049
         -0.866217         -0.434381        -0.0200833
         -0.550991         0.0195277          0.355737
         -0.789303          0.302906          0.828392
         -0.832191          0.697669          0.793273
         -0.280959           1.38752           1.03026
         -0.431793           1.68376          0.528931
         -0.242397           1.91423          0.530908
         -0.112823             1.708          0.401843
          0.176323           2.06017          0.671169
          0.183949           2.43316          0.737119
          0.312139           2.67027           1.27986
           0.35794            3.0256           1.60866
          0.567038          -2.74932           2.03804
           1.03143          -2.14332           2.42335
           1.49153          -1.50471           2.78004
           1.97335          -1.13713           -3.0551
           1.92326         -0.393695            3.0576
           2.02535        0.00495288          -2.90474
           2.28742          0.441086          -2.48699
           3.13726          0.478356          -2.56908
           3.11575          0.780413          -2.93762
           2.69481           1.31755          -3.08626
           2.56584            1.3956           2.94907
           2.78768           1.15541           3.06174
            2.8893           1.04229          -2.80315
          -3.08948           1.05563          -2.74995
           3.03451          0.848196          -2.62747
          -3.13656          0.894233           -2.8974
           2.97948            1.0657          -2.77063
           2.48356           1.70785           -2.9569
           2.36592           1.56869               2.9
           1.96465            1.5872            2.5674
           2.33301           1.49665           2.43023
           2.38769           1.00368           2.10513
             2.581          0.719716           1.99774
          -3.06513          0.782636           2.40738
           -2.8049          0.875007           3.07404
          -2.99144           1.28298          -2.16949
          -1.90182           1.81101          -2.08971
          -1.43776           2.31536           -2.3565
          -1.11607           2.51687          -2.88102
         -0.779536           2.78737          -2.65858
         -0.114141           -2.9544           -2.8103
          0.345203          -2.97436           -2.8911
          0.896189           -2.6889          -3.13238
           1.29764          -2.33729          -2.95043
           1.57004          -2.37181           3.10466
           1.06223          -2.25558           3.03413
          0.963604          -1.97475            2.7871
           1.41783          -2.37135           2.72896
           2.13694          -2.71782           2.42816
           2.33993           2.95094           2.67991
           2.47088           2.93648           2.56023
            2.4702           2.47286           2.04526
           3.12046           1.87969           1.83192
          -2.82342           1.45317           1.83635
          -3.00753          0.996756           1.79777
           -2.9139          0.609028           1.85283
          -3.05454          0.466822           2.01872
           3.11249        -0.0960503           1.89463
          -2.78671          -0.34345           1.91519
          -2.99118         -0.578206           2.04762
           3.04654          -0.50331           2.35572
           2.81468         -0.882875           2.51259
           2.77289          -1.31009           2.91678
            2.7325          -1.43378          -2.99791
           2.46993          -1.01421          -2.73002
           2.31281         -0.555293          -1.97101
           2.30888         -0.184642          -1.53433
           1.92202         -0.372499         -0.948207
           2.26024          -1.31283         -0.745878
            2.6169           -1.5717         -0.488327
           2.40017           -1.3517         -0.445223
           2.41931          -1.42777         -0.107514
           2.70971          -1.32453          0.267548
           2.73093           -1.0773         -0.112659
           2.62562         -0.655034         -0.537009
            2.4454         -0.944236         -0.875377
           2.60233          -1.37675         -0.718246
           2.62253          -1.17065         -0.594128
           2.63348          -1.72163         -0.674328
           2.92219          -2.25994         -0.552495
          -2.75946          -2.72837         -0.723967
          -2.55534          -2.83965          -1.20881
          -2.32694          -2.79691         -0.889557
          -2.03372          -2.75409         -0.363852
          -1.95472          -2.67025         -0.923433
          -2.45559          -2.65193          -1.94315
           3.02508          -2.16728          -2.15892
            3.0093          -1.78131          -2.19097
           3.09901          -1.70309           -2.0487
           3.05135          -1.16259          -1.67619
          -3.03133          -0.99471          -1.41335
          -2.76432          -1.05147         -0.995231
          -2.30498          -1.65128          -1.21106
          -2.29414          -1.80019         -0.961571
          -2.22067          -1.36278         -0.925588
          -2.20659          -1.42686         -0.967078
           -1.9425           -1.5663         -0.457086
          -2.23482          -1.57048         -0.724759
          -2.32198          -1.31633         -0.991108
          -2.83958          -1.88933         -0.687273
           3.12029          -1.90854         -0.588368
           2.96694          -2.03939         -0.875525
          -3.13551          -2.26779          -1.40249
          -3.06503          -2.70163          -1.13954
          -3.08389          -2.51589         -0.863977
           2.56097          -2.88197         -0.508298
           2.41144           2.83589         -0.410417
           2.16007            2.4133         -0.932234
           1.62767           1.89987         -0.727903
          0.690002           1.56675         -0.796227
         -0.192383           1.23761         -0.728696
         -0.282865           1.19913          -1.05938
          -1.16449           1.09856         -0.987259
          -2.11404           1.05983         -0.802146
          -2.47391           1.59663         -0.565667
          -2.49928           1.75291         -0.364012
          -2.12962           1.58403         -0.513908
          -1.87795            1.1537         -0.312687
          -2.00407           1.00695         0.0151763
           -2.3156          0.848357         -0.205913
          -1.96464          0.896621         -0.167143
          -1.63739          0.703716        -0.0963816
          -1.40099          0.821785          0.624827
          -1.36843          0.656692          0.687966
          -1.61827          0.703521          0.595027
          -1.98572          0.578222           0.95158
           -2.1781          0.128225           1.11326
          -2.50087         -0.468918           1.08716
            -3.129          -0.91935          0.695254
            2.6127         -0.814984           0.61509
           2.66634         -0.973674          0.146936
           2.46614         -0.501351          0.172074
           2.35907          0.284908          0.150515
           2.59655          0.860358          0.164883
          -1.02828          -3.13402          -1.19618
          -1.41065           3.04648          -1.26339
          -2.04361           2.83666           -1.4835
          -1.78213           3.05285          -1.56484
          -2.39271          -2.85749          -1.58188
          -3.07378          -2.47619          -1.74176
          -3.00607          -1.81402          -1.82166
          -2.76859          -2.00395          -1.82661
          -2.16857          -2.55096          -2.11434
          -1.58414          -2.87746          -2.34243
          -1.50735           2.83291          -2.90828
          -1.36874           2.43504           2.83871
           -1.5756           2.39627            2.0963
          -1.71327           2.29136           1.51607
          -1.75337           2.22948           1.29667
          -1.93065           2.02563           1.15443
          -2.14363           1.92449          0.645832
          -1.98773            2.3822       -0.00209398
          -1.94768           1.86688         -0.291245
          -2.10522           1.92488          -0.41387
          -2.26714           2.09089         -0.601515
          -2.02375           2.17676          -1.21162
          -2.08567           2.54666          -1.65343
          -1.70748           2.65696          -1.42985
           -1.4612           2.61764          -1.29802
          -1.08226          -2.77028          -1.31316
         -0.902213          -2.60165          -1.42074
         -0.662751          -2.60229          -1.90944
         -0.469426          -2.65235          -1.94198
         -0.603436          -2.54705          -2.23564
           -1.0644          -2.57101          -2.87831
         -0.971241          -2.60402          -2.84963
         -0.965991          -3.11258          -3.01849
         -0.706501           3.05949           2.82875
         -0.398087          -3.08883           2.76748
         -0.260473           -2.9213           2.47329
         -0.249702           3.11652           2.07655
         -0.669657           3.01529           1.52658
          -1.02154          -3.03421           1.05544
         -0.910193          -2.77458          0.949864
         -0.428007           3.00672          0.971656
         -0.186398           2.65291          0.850073
        0.00815331           2.24079          0.303778
         -0.317197           1.81196          0.264892
         -0.728282           1.38716          0.682465
         -0.740486           1.08755          0.984191
          -1.02182          0.998918           1.88028
          -1.05258          0.990649            2.4793
          -1.40802          0.611419           2.85691
          -1.59185          0.816547          -2.94184
          -1.71994          0.822572           2.93435
          -1.47935          0.293004           3.13864
          -1.59141        -0.0201623          -2.92489
          -1.64737         -0.220156          -2.57722
          -1.12598          -0.29521          -2.54683
         -0.468829         -0.515151          -2.38813
         -0.717212          -1.04882          -2.38137
          -1.11397          -1.92759          -2.55069
          -1.16566          -2.47706          -2.71484
         -0.938497          -2.90208          -2.69904
          -1.21521            2.8549          -2.48582
          -1.38101            2.4031          -2.50539
          -1.62404           1.56854          -2.46303
          -2.20919           1.14109          -2.12633
          -2.41282          0.156877          -2.26659
          -2.37128         -0.425513          -2.06836
          -2.27015         -0.603542          -1.57907
          -2.35719         -0.871742          -1.22214
          -2.54442         -0.848172         -0.429563
          -2.60462          -1.03279          0.244945
          -2.44576         -0.970498          0.841785
          -2.86939          -1.37749           1.21849
           2.89461          -1.16047           1.36496
           2.66304         -0.928819            2.0016
           2.48789         -0.955407           2.70986
           2.56033         -0.841477          -2.59835
           2.53964         -0.943668          -1.93979
           2.80895          -1.16018            -1.261
           2.76128          -1.39508         -0.435681
           2.55989          -1.22052          0.148206
           2.41314          -1.20102          0.615438
           2.04893          -1.01496             1.349
           2.09328           -1.1313           2.07465
           2.33545          -1.65617           2.68029
           2.26002          -1.57538           3.03749
           1.80535          -1.39689          -2.81212
           1.85782          -1.47189          -2.86705
           1.45182          -1.17086           -3.1395
          0.638732          -1.23267          -2.96068
          0.262268          -1.17155          -2.88322
         -0.277442         -0.515294          -2.50634
         -0.833767         -0.426678          -2.01032
          -1.04045         -0.510682          -1.95727
          -1.02191         -0.277231            -2.146
          -1.49716         0.0641991          -2.13717
          -1.63222          0.356317          -2.06413
          -1.63361          0.255002          -1.80708
          -1.87236          0.466867          -1.61653
           -2.1437          0.481391          -1.43488
          -2.28981          0.408542          -0.99152
          -2.41565          0.228545         -0.371778
          -2.62856          0.337023         -0.505172
          -2.43967          0.152775          -0.35656
          -2.71495         -0.218868         -0.530947
          -2.96577         -0.246225         -0.889119
          -3.05395         -0.895927         -0.677906
          -2.94161          -1.56086         -0.319452
          -3.10697          -1.68411        -0.0334618
           2.70039           -1.3151        -0.0928995
           2.76329          -1.33276          0.355311
          -2.97375          -1.38917         0.0703614
          -2.20223          -1.56189          0.194528
          -1.62241          -1.40993          0.160971
          -1.16727          -1.17945          0.461356
         -0.670479           -1.0891          0.903888
          -0.29183           -1.4123           1.37862
        -0.0144599          -1.36172           1.80051
        -0.0733592          -1.51682             2.195
          -0.26361          -1.31098           2.34489
         -0.154268          -1.60321           2.40849
          0.302546          -1.80242            2.3328
          0.364517           -2.0513           1.95438
          0.465437          -1.86013           1.45235
          0.922757          -1.98651          0.662376
           1.62548          -2.16262          0.331992
           1.94058          -2.10012         0.0104109
           2.19269          -1.93499         -0.175939
           2.14417          -1.64638          0.139431
           2.40453          -1.49273          0.282095
           2.08293         -0.628306          0.771007
           1.76909         0.0923814          0.992128
           1.51516          0.344556          0.654391
           1.28522          0.288125          0.634239
           1.52658          0.201434          0.643405
           1.50996          0.530931          0.634353
           1.62027          0.247913          0.717167
           1.69581          0.229427           1.02594
           1.72595          0.589918          0.788521
           1.39336          0.950443           1.26982
           1.13163           1.07573           1.15597
          0.787949           1.40711           1.05099
          0.842358           1.31312          0.424263
          0.630943           1.30517          0.136159
          0.738577           1.03439          0.356901
          0.992613          0.910659          0.234411
           1.14444           1.37031       -0.00439394
           1.80545           1.90349         -0.821125
           2.29344           2.07239          -0.93169
           2.65998           2.38069          -1.45224
           2.86185           2.53061          -2.00276
          -3.01624            2.9769          -2.65088
          -2.64398          -3.09953            2.8671
          -2.40645          -3.05593             2.638
          -2.30102          -2.62646           2.24347
          -2.13184            -2.231           1.48169
          -2.11223          -1.36582           1.14985
          -2.72195         -0.855692          0.588474
          -2.89048           -1.2898         0.0378939
           2.96844         -0.771146         -0.300008
           3.03886         -0.586605         -0.604999
           3.01537         -0.488114         -0.546158
          -2.84431         -0.156442         -0.229643
          -2.62803          0.103158         -0.275251
          -2.24447          0.057793          0.108005
          -2.04889          0.124368          -0.28149
          -2.37553          0.455224         -0.688526
           -2.6927          0.759335         -0.450982
           -2.7753           1.37923         -0.548442
          -2.59434           1.96625         -0.184628
          -2.46098           2.43844          0.276757
          -2.58162           3.04028          0.828941
          -2.98763            2.9088           1.11092
          -2.72324          -2.59275           1.21387
           -2.0472          -2.20447            1.4301
          -1.72929          -2.00459           1.43658
          -1.28723          -2.67584           1.76682
          -1.61499          -2.82415           1.73982
          -1.41834           2.88574           1.20923
          -1.14746           2.91864          0.596847
          -1.11003           2.86918          0.103817
          -1.06638           3.12503          -0.30982
         -0.870321           -3.0962         -0.187058
          -1.13938          -2.96646          -0.08953
          -1.17692          -2.81469         -0.602926
         -0.856578          -2.96821          -0.70113
         -0.580749          -3.13227          -1.08558
         -0.981149           -3.1021          -1.00488
          -2.27963          0.455524           1.22471
           -2.5825          0.249907           2.08506
          -2.61059        -0.0184063           2.96433
           -2.7224          0.103856          -2.67316
           3.00625          0.206059          -2.35292
           2.64263          0.171571          -2.14047
           2.52679          0.179162          -1.92082
           1.48189          0.641598          -2.02693
          0.693149          0.792372          -2.47858
          0.420159          0.957028          -2.52442
         -0.123406           1.53256          -2.74886
         -0.869365           1.96334          -2.70698
          -1.58938           1.73715          -2.68211
          -1.97524           1.49088          -2.16085
          -2.60242           1.21147          -2.53573
          -3.04722           1.18726          -2.64747
           2.67095           1.18679           3.07931
           2.04381           1.45663           2.94864
           1.96011           2.30599          -3.12909
           1.71288           2.59669           2.73789
           1.44952           2.76447           2.55812
          0.497895          -3.01892           2.38764
         -0.126928          -2.58663             2.222
         -0.213155          -2.52702           2.20556
         -0.992848          -2.34168           2.21914
          -1.45894          -1.65296           2.35189
          -1.49399          -1.42962           2.32524
          -1.72938          -1.47777           1.95904
          -2.01909          -1.15916           1.87999
          -2.36933          -1.23437           2.06996
          -2.53396            -1.219           2.16555
          -2.12653          -1.07952           2.61161
          -2.40888          -1.07158           2.86754
           -3.0918          -0.85702           2.77459
           2.91034         -0.765321           2.67187
           2.40637         -0.855743           2.56694
           1.88693         -0.604556           2.74898
            1.5176         -0.599641           2.92532
           1.53497         -0.927668          -3.12477
           2.29742          -1.20145          -2.83047
           2.60048          -1.28523          -2.75594
            2.5463          -1.60219          -2.76351
           1.97984          -1.77864          -2.46328
           1.78208          -2.24602          -2.64826
           1.86659           -2.5709          -3.09521
           2.33009          -3.02892          -3.04711
           3.02833           2.94688           2.93861
          -2.61716           2.94298            3.0947
          -2.36684            3.1287          -2.95042
          -2.15522           2.76296          -2.67192
          -2.21381           3.08709          -2.48208
          -2.41877            -2.848          -2.20699
          -2.13188          -2.41169          -2.12139
          -2.22366          -2.06879          -1.83843
          -1.86418          -1.67034          -1.95003
          -1.74226          -1.16587          -1.88204
          -1.43383         -0.963213          -2.39616
          -1.00539         -0.913594          -2.60353
         -0.433274         -0.878791          -2.47275
         -0.136929          -1.08137          -2.51771
          0.298788          -1.23541          -2.52354
           0.15414         -0.882188          -2.90732
          0.575279           -1.0766           2.83297
          0.913683          -1.25965           2.85329
           1.10346           -0.9091           2.56901
           1.22603         -0.304718           2.18974
            1.5958          0.128596           2.32736
           1.83176          0.328201           2.29464
            2.0992          0.441581           1.85723
           1.68447          0.781478           1.28422
            1.5003           1.15361           0.77077
           1.82115            1.4847          0.258925
           2.21242           1.98389         0.0627816
           2.08342           2.55482         -0.435003
           2.34406           2.74362         -0.733524
           2.28712           2.52864           -1.5994
           2.27018           2.79867          -2.23587
           1.76615           -2.8875          -2.41109
            1.9751          -2.47809          -2.83941
           2.01344          -1.64603           -2.9584
           1.48281           -1.1899           2.99612
            1.4549          -1.10899           2.79787
           1.43968          -1.28493           2.62545
           1.11317          -1.14668           2.19891
          0.960543          -1.05552           2.32885
          0.685944          -1.46946           1.77344
          0.418243          -1.15527           1.47674
          0.153956         -0.878504           1.47725
         0.0458493         -0.636986           1.53865
         -0.273506         -0.668959           1.80246
         -0.738752         -0.062984           1.91099
          -1.19933           0.20749           2.16338
          -1.83536          0.258573           2.32627
          -1.79813           0.10923           2.39827
          -1.74914          0.134384           2.36159
          -2.06172          0.249525           1.75781
          -1.52506          0.198691             1.625
          -1.55079         -0.033026           1.04218
          -1.50062         -0.404606           0.87083
          -1.54188         -0.604849           1.17501
          -1.56414          -1.13086           1.06513
          -1.41313          -1.15473          0.721608
          -1.65546         -0.899075          0.650489
          -1.88865           -1.1521          0.842462
          -1.33958          -1.15463           1.00327
         -0.957384          -1.15522           1.71801
         -0.648581          -1.36656           1.67204
         -0.503161           -1.8736           1.49462
         -0.635283          -2.17917          0.637491
         -0.575763          -2.40218          0.307527
         -0.169374          -2.15174          0.259871
          0.279948          -1.94557         -0.545419
          0.590586          -1.84492          -1.14311
           1.17334          -1.60873          -1.29592
           1.73173         -0.990316          -1.35199
           1.72969         -0.643803          -1.60384
           2.52181          0.367791          -2.03718
           3.00265          0.884039          -2.32485
          -3.08072          0.884884          -2.57597
           -2.9495           1.06548          -2.34137
           -2.7491              1.38          -2.13293
          -3.09695           1.05062          -2.54311
           3.06161           1.22266          -2.74686
          -2.71198           1.16813          -3.10064
           -2.9968          0.986611          -2.93016
           3.09769          0.930809           -2.9194
           2.44661          0.903505          -3.09332
           2.81288          0.543417           3.10007
           2.91392          0.433519           2.69869
            2.8927         -0.190836           2.21542
           2.88147         -0.662503           2.05088
           3.01865          -1.19158           1.61488
           2.96984          -1.14288           1.62682
           3.11251          -1.35756           1.71059
           2.94308          -1.66613           1.64236
          -3.13899          -1.57284           1.51996
          -3.02714          -1.28046           2.07461
          -2.74784          -1.50155           2.57298
          -2.62647          -1.84495           2.66087
          -2.53441          -1.66722           2.58822
          -1.98205          -2.23197           2.58037
          -1.79221          -2.99072           2.27357
          -1.37315           2.72866           1.86764
         -0.818499           2.20522           2.29508
         -0.607251           2.35721           2.75853
          -0.70743           2.50298           2.67453
          -0.65645           2.62329           3.00187
         -0.428021           2.72135          -2.72902
         -0.331163           2.52152          -1.92563
         -0.153673           2.07104          -1.21701
         -0.160909           1.78049         -0.532168
         -0.355697           1.43293         0.0647763
         -0.629922           1.40382          0.378406
         -0.866422           1.23995          0.913882
          -1.31017           1.13629           1.38474
          -1.49037          0.700919           1.71382
          -1.46235         -0.302468           1.96005
          -1.52876         -0.851541           2.18516
          -1.62591         -0.800829           2.29181
          -1.57546         -0.928358           2.36953
          -1.41533          -1.24489           2.22094
          -1.14184          -1.22299           2.20994
         -0.615303           -1.2519           2.00789
         -0.481658          -1.21273           2.31348
         0.0599872          -1.69344           2.16768
             1.056          -1.95169           2.27485
            1.4524          -2.11015           2.26604
           1.66051          -2.23061           2.04126
           1.60731          -2.39321           2.41434
           1.71934          -2.45938           2.63099
            1.5341          -2.46334           2.82471
            1.6571           -2.4979           2.92769
           1.47188          -2.49094           2.88556
           1.13112          -3.02074          -3.10382
           1.39333           3.00712          -2.46098
           1.22499           2.90884          -1.77978
           1.13621           2.67681          -0.97036
            1.6305           2.44788         0.0362341
           1.87797           2.44308          0.454256
           2.14029           2.34979          0.881651
           2.35366           1.88885           1.16347
           2.92772           1.51857           1.41807
           3.02961           1.26767           1.34516
          -2.96151           1.12043           1.27385
          -2.65846           1.48262           1.39606
           -2.4333          0.882933            1.3135
          -2.15159          0.452723            1.4176
            2.4113          -2.82459           2.86809
           2.40617          -2.47774           2.64562
           1.94245          -2.76833           2.86945
           1.48274          -2.81164           2.99526
           1.14095           -2.4821          -2.96549
          0.667346          -2.37412          -2.61644
          0.216628          -2.33939          -2.29956
          0.198462          -2.45192          -1.83549
         -0.122424          -2.60026          -1.29493
         -0.490836          -2.75457          -1.16336
         -0.514912          -2.68355          -1.54865
         -0.907274          -2.65394          -1.43487
         -0.501667           -2.5317          -1.11762
         -0.337795          -2.75392         -0.673479
         -0.474796          -2.80295        -0.0429238
         -0.641692          -2.71855          0.227928
         -0.709545          -2.52124          0.633852
         -0.478696          -2.81871           1.02403
          -0.19765          -3.12805          0.624866
         -0.325607           -3.0862          0.751182
         -0.887797            2.6578          0.927818
           -1.3471           2.54805           1.16229
          -1.81035           2.19022           1.87346
          -2.82827            1.9671           2.77561
           2.66555           2.29766           2.88772
           2.47766           1.47207          -2.99234
           2.02288          0.754769          -2.76083
           2.03076          0.590069          -2.79181
           2.46853          0.457497          -2.51481
           2.90722          0.416525          -2.86225
          -3.10179         -0.245995          -2.79924
          -2.86696           -1.2783            -2.569
          -2.85453          -1.78855          -1.96532
          -3.03477          -2.12314          -1.85033
          -2.82463          -2.76804          -1.71759
          -2.82879           2.54446          -1.50141
          -2.77787           1.80611         -0.790848
          -2.70432           1.30235         -0.324144
          -2.64248           1.00342         -0.317414
          -2.82943          0.976467         -0.291243
          -2.92498           1.04423        -0.0984585
           3.13018           1.07244         0.0618493
          -2.93209          0.960089          0.178215
          -2.85213          0.444566          0.257022
           3.11472             0.181         -0.261318
           -3.1045           0.17578         -0.889923
           2.49722         -0.237678         -0.623549
           2.63247         -0.656554         -0.533462
           3.10198         -0.547837         -0.599225
           3.06397         -0.890787         -0.923502
           -2.9337          -1.06587         -0.991588
          -2.46629          -1.40763         -0.980581
          -2.08756         -0.997885          -1.38124
          -1.84284          -1.62139          -1.75253
          -1.85336          -1.87452          -1.63741
           -2.2139          -1.75277          -1.46815
          -2.36169          -1.79007           -1.4667
          -2.32007          -2.36781          -2.05443
          -2.75901          -1.92103          -2.69028
           3.02768          -1.54496          -2.77375
           2.55495          -1.29385          -2.90161
           2.20781          -1.43379          -2.79189
           1.54707          -1.29852          -2.84234
            1.3869          -1.05855          -2.86646
           1.01414          -1.64751          -2.99044
           1.56499          -1.73044          -2.60366
           1.75353          -2.00878          -2.35609
           2.08375          -1.90705          -2.10364
            2.2933          -1.14809           -1.6326
           2.75398          -1.21118          -1.69898
           2.78104          -1.53895            -1.397
           2.37022          -1.38735          -1.50598
           2.74293          -1.38917          -1.12744
           2.81611          -1.51516         -0.832035
          -3.08345          -1.67676         -0.790012
           2.97033           -1.2598         -0.550695
           2.97889          -1.14002         0.0293671
           2.99248         -0.938388          0.210175
           3.00352         -0.986554          0.169098
           2.57517          -1.42115         0.0298797
           2.59047          -1.83787          0.118059
           2.53296          -1.81998         -0.119706
           2.81612          -2.21371       -0.00967349
          -3.03832          -2.89837         0.0741817
           2.88207           2.91664          0.264387
           2.76594           2.10194          0.719888
           2.66589           1.71887          0.658847
           2.82287           1.50176          0.877475
          -2.99991           1.43018           1.19775
          -2.63631           1.22375           1.36265
          -2.49175           1.10232           1.83269
          -2.07546          0.988975           1.82645
           -1.8085           1.22772           2.31964
          -1.64052           1.73453           2.68288
          -1.56011           1.81808           2.55051
          -1.39234            1.0296           2.82541
         -0.898333          0.854297          -3.10945
         -0.892155          0.892251          -2.82025
          -1.09171          0.720965           -2.6415
         -0.765358          0.644501           -2.6417
          -0.36565          0.839878          -2.48361
          -0.31666          0.803528          -2.31491
         -0.033074          0.483399          -2.01566
          0.210741          0.491768          -2.08151
         -0.448432          0.640026          -1.85453
         -0.927107          0.930664          -1.74432
          -1.64243           1.29631          -1.18219
          -2.16533           1.95501          -1.06226
           -2.5143           2.02778         -0.729633
          -2.72303             2.626         -0.201423
          -2.39242           2.67761        -0.0919543
          -1.93613            2.6829         0.0819013
          -2.01327           2.47048         0.0508142
          -1.97083           2.69493          -0.35213
          -2.12819           2.43081          -0.54827
          -2.47847           2.84277         -0.769793
          -2.73714           2.92527         -0.552512
          -2.73635          -2.96348         -0.547402
           3.13788          -2.70065         -0.215819
            2.9594           3.06947         -0.164821
           2.95795            2.5172          0.087401
           2.76229           2.11894         0.0522132
           2.78592           1.90905         -0.395897
           2.80577           2.02039          -0.29445
           2.79094           1.98301         -0.510973
              2.91           1.73569         -0.300393
           3.10442           1.75596          0.014689
           -3.1188           1.55691         -0.360657
          -2.55688           1.46051         -0.833698
          -1.83998          0.977761          -1.19488
          -1.35781          0.434191         -0.998764
          -1.36383          0.239897          -0.85471
         -0.985752         -0.383358          -1.05871
         -0.681571         -0.367119         -0.898854
        -0.0289273         -0.456593          -1.33358
          0.143652         -0.225602          -1.54044
          0.382912         -0.221373          -2.18189
          0.453576         0.0659801          -2.37199
          0.843486          0.431182           -2.8517
           1.46646        0.00533561           3.11437
           1.86867         -0.133311           2.92618
           2.11706          -0.16081           2.63211
           2.41527         -0.374772           2.64335
           2.76932          -0.60146           2.90299
           3.10011         -0.299344           3.11521
          -2.66678         0.0287486           2.48261
          -2.53711          0.569306           2.37808
          -2.77595           1.27471           2.09781
          -3.04995           1.91987           2.04418
           -2.8831            2.3428           1.30231
          -2.28095           2.58396           1.09603
          -2.01761          -2.73324          0.628945
          -2.06884          -1.96744         0.0808834
          -1.50787          -1.66887         -0.702995
          -1.31568          -1.27459         -0.906109
          -1.23583         -0.881926          -1.21406
          -1.19218         -0.994634          -1.45009
          -1.47899          -1.00046          -1.85761
          -1.90036         -0.507643          -2.62459
          -2.07671          0.283693          -2.95025
          -2.02718          0.933902          -2.99003
          -1.85163          0.891297           3.08244
          -2.09316            1.1891           2.46381
          -2.11316           1.17616           1.81922
          -2.27852           1.09769            1.7332
           -2.4626           1.55983           1.42698
          -2.39125           2.14916           1.14051
          -2.60839           2.99216          0.937343
          -2.49989           3.04815          0.894975
          -2.52055          -2.98977            0.6653
          -3.10696          -3.03097          0.328647
           3.10061          -2.50765         -0.117064
           2.91412          -2.25678         -0.572685
           2.35411            -2.014         -0.558663
           2.67981          -1.34055         -0.866848
           2.57373         -0.516302          -1.05919
           2.63752          0.253254          -1.52874
           3.02018          0.545866          -1.61552
           3.09126           1.02666           -2.1239
           2.53139           1.50118           -2.7304
           2.45245           1.79086          -2.76035
           2.78067           1.89353          -2.83904
            2.8697           1.76854          -3.11314
           2.61365           1.75882          -2.86322
           2.39213           2.04437          -3.08929
           2.23449           2.80686           2.86029
           2.37006          -2.93101           2.81167
          0.152036            2.6429           1.46311
          0.200595           2.35611           2.07327
         -0.175395           2.24539           2.09451
        -0.0813921           2.36333           2.40261
          0.727978             3.029           2.39841
          0.787175           3.03085           2.24904
            0.4518           2.91837            2.0883
          0.251281          -3.05393           1.60221
         -0.114566           3.11737           1.42799
          -0.56042           2.99529           1.61468
         -0.646993          -2.59725           2.12835
          -0.34884          -2.02405           2.44329
         -0.377912          -1.87315           1.96627
         -0.103698          -1.81559            2.2213
         -0.664278          -1.50422           2.49485
          -1.25465          -1.94107           2.13488
           -1.7514          -1.76346           1.95695
          -1.81462          -1.72728           2.01865
          -2.26003          -1.38346           2.30464
          -2.55142          -0.46191           2.20617
          -2.94877         -0.171908           1.71121
          -2.51981          0.433472           1.97354
          -2.23119          0.934067           2.45478
          -2.47195           1.43593           2.57437
          -2.93684           1.52779           2.97543
          -3.00229           2.04385          -2.79486
           3.05363           1.48592          -2.83511
           3.06387           1.65154          -2.56584
            2.7285           1.72023          -1.66885
           2.63657           1.91483          -1.24669
          -3.09762           2.22127         -0.837868
          -2.97346           2.27158         -0.211419
          -2.55544           2.28437         0.0886186
          -2.49001           2.02153            0.6574
          -2.30529           1.92554           1.30892
          -1.75396           2.32068           2.26189
         -0.965313           2.51556           3.01951
         -0.839641           2.74038          -2.54044
         -0.173929          -3.11722          -2.25632
         -0.206072           2.93645          -1.64069
        -0.0602355           2.73326          -1.02619
          0.350719           2.72408         -0.633522
          0.381523          -2.80133         -0.027378
          0.107154          -2.81453          0.456195
        -0.0434537          -2.65332          0.622089
         -0.300788          -2.44305          0.548836
         -0.537912           -1.7556          0.133458
         -0.211318          -1.26102           0.41618
           0.14381         -0.974026          0.861554
          0.112191         -0.335589          0.714874
        -0.0271665         -0.988689          0.240404
        -0.0398528          -1.38948         0.0498581
        -0.0625468          -1.48037         -0.177538
         -0.464556          -1.40598         -0.557608
         -0.848789          -1.71548         -0.818936
         -0.488965          -1.47864         -0.685757
          0.224318          -1.68732           -0.2345
           0.46241          -1.56459         -0.040556
           0.68939          -1.87587         0.0712749
          0.768544          -1.99405         -0.192597
             1.267          -2.60848         0.0590427
           1.08379           -2.7485          0.347297
          0.672408          -2.79062         0.0508991
          0.347108          -2.94404         -0.175186
          0.328261          -3.04012        -0.0458387
          0.109381           2.43007         -0.208224
         -0.494801           2.36334         -0.735255
           -1.0101           2.13573          -1.16959
          -1.49436           2.90529          -1.46805
          -1.26448          -3.09026          -1.99477
           -1.4431           -2.6868           -2.3772
          -1.76644          -2.68357          -2.54514
          -1.89328          -2.60922          -2.79966
          -2.35961          -2.80875          -2.85135
          -2.54628          -3.08242          -2.69835
          -2.65571            2.7491          -2.79708
          -2.50443           2.51144           2.98672
           -2.4183           2.10279           2.14077
          -2.49561           2.11464           2.20236
          -2.49915           2.38869           1.84195
          -2.64033           2.22427           1.70467
          -2.60784           2.11861           1.46298
          -2.57936           2.07686           1.57452
          -2.20755           2.41726           1.46475
          -2.03573           3.08299           1.34435
          -2.29775          -3.08004           1.05851
          -2.15225           3.05553           1.25598
          -1.87436          -3.01087           1.02639
          -1.49866          -3.08664          0.925804
          -1.03397          -2.90823          0.401011
         -0.705253          -2.63117          0.562067
         -0.540591          -2.58923           0.83642
         -0.783946          -2.71078           1.36027
        -0.0382938           -2.7415           2.07582
          0.218737          -2.38743           2.53177
          0.583409          -2.33048           2.54766
          0.911867          -2.76548            2.1008
           1.36257          -2.88984           1.84261
           1.45673            2.9327           1.71667
           1.59337           2.58263           1.25279
           2.09963           2.44632           1.76618
            2.3112           2.42799           2.40776
           2.50426           2.74178           2.58203
           2.59956           2.95657           1.60619
           2.60059          -2.87012           1.33501
            2.1417          -2.70333          0.992811
           1.96797          -2.53298           1.01828
           1.96682           -2.5122          0.763112
           2.16951          -2.36497          0.261065
           2.72711          -2.92166         -0.471959
           2.99123          -2.78624         -0.245458
           2.92757           3.03397         -0.256462
          -3.13715           3.13863         -0.175484
           2.81748           2.88887         -0.250502
           2.87644           2.37807          -0.36476
           2.20797            2.2709         -0.840629
           2.32534           1.75871          -1.26813
           2.20034           1.52737          -1.75098
           1.72154           1.55216          -1.81242
           1.51098           1.34178          -2.20287
           1.65874           1.53672          -2.38984
           1.56319           1.82009          -2.14867
           1.76003           1.06345          -2.39409
           1.51957          0.266954          -3.11439
          0.695015         -0.320028          -2.63342
          0.253282         -0.371833          -2.43553
        -0.0652648         -0.574529          -1.92116
          0.471184         -0.900747          -1.44252
           1.73674          -1.48368          -1.74231
           2.24437          -1.63226          -1.71744
           2.36457          -2.30833          -1.94408
           2.45884          -2.39851          -2.35888
           2.25471          -2.70081          -2.30558
           2.66143          -2.57166          -2.50308
          -2.89907          -2.79233          -2.44873
           -2.3384          -2.57039          -2.37667
          -2.28783          -2.12096          -2.74262
          -2.22855          -2.16274           3.02074
          -2.16541           -1.7503           2.98547
          -1.81586          -1.52633           2.49228
          -1.88343          -1.30701           1.76361
          -1.68099         -0.949332           1.14034
           -1.1154         -0.855632          0.622899
         -0.719116         -0.569923          0.652275
         -0.690342        -0.0860937          0.771945
         -0.928026          0.293761          0.954862
          -1.05345         0.0279584          0.842209
          -1.52043          0.515129          0.929738
          -1.53336          0.388092           1.27934
          -1.37323         0.0603267           1.59421
          -1.44797        0.00907886           2.03357
          -1.59342          0.067664           2.34446
          -1.41307          0.117884           2.16525
          -1.20743         -0.232853           2.39511
          -1.30243         -0.428872           2.36771
          -1.21202         -0.452341           1.92881
          -1.75405         -0.466017           1.29837
           -2.0221          -0.62318           1.32124
          -1.65525         -0.698697           1.12772
          -2.49698         -0.492901           1.10613
          -2.84245        -0.0417829          0.922089
          -2.78139         0.0826499          0.980912
          -2.90685         -0.209295          0.735237
          -2.98805         -0.443703          0.482782
          -2.98869         -0.311683          0.504079
          -2.91803          -0.17478          0.169728
           3.05998            -0.386          0.127561
           2.42058         -0.616076         0.0827479
           2.49754         -0.776581         -0.094898
           2.35895         -0.675208         -0.155389
           2.84524         -0.788156         -0.485206
          -2.99568          -1.28358         -0.934422
           -2.6459          -1.03274         -0.664167
          -2.81683          -0.92922         -0.161831
          -3.11266         -0.880162          0.226201
          -3.07672          -1.34831         0.0947729
           -3.0176          -1.32371          0.342844
           2.72261          -1.67128          0.639087
           2.39879          -1.72853          0.878307
           2.17722          -1.88451          0.785645
           1.70132           -1.8909          0.643559
           1.29987          -2.05312           1.12041
           1.54915          -2.59586           1.25388
           1.25337          -2.85114           1.31524
          0.908354          -3.14053           1.31258
          0.589692           3.02394           1.20592
        0.00966283            2.5117           1.39207
           2.45155             2.796          0.292442
           2.39018           2.65047          0.269013
           2.42641           2.93031          0.403617
           2.47395           3.03702          0.429858
           2.45993           2.88349          0.761127
            2.4209           3.02576          0.838274
           2.43137           2.67136          0.998512
           2.83947           2.70884          0.705741
           2.70591           2.30169          0.491363
           3.01824           1.99315          0.864412
          -3.08559           1.59929           1.26176
           2.63906           1.63838           1.28427
            2.3531           1.03892           1.59177
           2.01679          0.813304           1.33949
           2.02841          0.926555            1.4012
           1.81874           1.38031           1.74617
            1.4944           1.43312           1.53608
           1.21996           1.45649           1.50181
          0.714495           1.39979          0.849763
          0.259884           1.65167          0.272241
         -0.220723           1.57976         -0.158962
         -0.911003           1.27547         -0.322253
          -1.28631           1.15024         -0.801457
          -1.95201           1.31617         -0.746589
          -2.56993            1.2429         -0.610326
          -3.13851          0.955948         -0.218648
           2.94929          0.677926          0.213295
           2.75005          0.793643          0.502307
           2.62681          0.713268          0.958392
           2.23538          0.591215           1.22659
           2.09926          0.865749           1.79707
           1.90084           1.05694           1.52949
           2.07305          0.894816           1.39845
           1.72195          0.339637          0.972845
           1.51324         0.0898104          0.330841
           1.73258          0.104625        -0.0502029
           2.22475         -0.302137         -0.490644
           2.57403         -0.475658          -1.15774
           2.79872         -0.795527          -1.43341
           2.82048         -0.832134          -2.00234
            2.8664         -0.984046          -2.03129
           2.63782          -1.18505          -2.02851
           2.54882         -0.823775          -1.74804
           2.18254         -0.873633          -1.98601
           1.74189         -0.903402          -1.83587
           1.25977          -1.01553          -1.90049
           1.45528          -1.16174          -1.72673
           1.49791          -1.70162          -1.55159
           1.73814          -2.22341         -0.981483
           2.48739          -2.41486         -0.755405
           2.53488          -2.56315          -1.02467
           2.19835          -2.32972         -0.416133
           2.02375          -2.66675         -0.284245
           2.09528          -2.54224         -0.380952
           1.80462          -2.58605         -0.436943
           1.38563          -2.52883         -0.681039
           1.50232          -2.39652         -0.612978
           1.14394          -2.21741         -0.613191
           1.05238          -2.39513         -0.507544
           1.37194          -2.46223         -0.632408
          0.943336          -2.85528         -0.404176
          0.364511             2.973       -0.00606592
          0.108936           2.51254          0.219094
         -0.532734           1.85473         0.0632392
           -1.1726           1.65392         0.0436695
          -1.79581           1.79174         -0.133688
           -2.1124           2.41244         -0.351251
          -2.46164           2.37812          0.290211
          -2.71443           2.56802          0.677635
          -2.79823          -3.11941          0.755628
          -2.86302           -2.9929           1.26553
          -2.56026          -2.99634           1.53895
          -2.66657          -2.85411           1.58571
          -2.90407          -2.42563           1.50067
           2.63139          -1.87088           1.22184
           2.38051         -0.965898           0.67386
           2.34843         -0.787624           0.95853
           2.53621         -0.930574           0.76861
           2.58042         -0.571578          0.777641
           2.88628         -0.499899            1.2106
           3.00358         -0.506889           1.46762
           2.98812          -1.10315           1.59836
           2.98528          -1.68522           2.26046
           2.83035          -2.34757           2.56251
           2.65563          -2.83592            2.1054
           2.51378           3.10527              1.96
           2.58677           2.49388           2.29857
           2.39863           2.42467           2.37217
           2.19529           2.21316           2.63492
           2.01957           2.30814          -3.02226
           1.98045           2.35859           3.02436
           1.91013           2.06556          -3.13503
            1.7624           1.71489           2.97907
           2.24772           1.13645           2.57281
           2.48693           1.33866            2.4532
           2.78749          0.984173           2.72836
          -2.94114           1.29702           2.40731
          -2.49611           1.26408           2.10128
          -2.18032           1.85117           2.25153
          -1.69319           2.38886            1.8331
          -1.32226            2.8519             1.146
         -0.637135          -3.12746          0.482028
        -0.0783566          -2.71711          0.503271
          0.412733           -2.5069         -0.187913
          0.804035          -2.65195         -0.720937
           1.59857          -2.85661         -0.836223
           2.33517          -2.77884          -1.48563
           2.95527          -2.55669          -1.53936
           -2.3599          -1.89015          -1.84732
          -1.91923          -1.46325          -2.05824
          -1.08445         -0.928913          -2.18397
         -0.455961         -0.424642          -2.54383
          0.710835         -0.564886           3.09081
           1.88517         -0.249715            2.6756
           2.06326          0.288262           1.97037
           2.52986          0.205982           1.84395
           2.77228          0.597161           1.88732
           2.67821           1.06855           1.58762
           2.57115           1.60601           1.66815
           2.88031           2.22462           1.96399
          -3.07277           2.26012           2.15893
          -2.66683           2.68114           2.12535
          -2.70808           2.65576           2.50083
          -2.36335           2.92602           3.10637
          -1.93537          -3.06235           2.81702
          -1.86123          -2.64295           2.98088
          -1.83157          -2.49258          -3.12643
          -1.59554          -2.40885          -3.08929
          -1.61419          -2.63974          -2.68143
          -1.31985          -2.79579          -1.75098
          -1.05762           3.06884          -1.04636
          -0.95342           3.10632          -1.10422
          -1.18536          -3.12767         -0.737397
          -1.19526          -3.11412          -0.73872
          -1.36167           -2.8761         -0.459369
          -1.83604          -1.95171         -0.660628
          -2.18476          -1.32616         -0.402328
          -2.01382         -0.717895         -0.580292
          -1.47254        -0.0652468         -0.595289
          -1.40514          0.541288         -0.289048
         -0.989719           1.06029          -0.52759
         -0.626579           1.45186         -0.148135
          -0.38073           1.61745           0.44419
         0.0362136           1.60063           1.16955
           0.42997           1.44241           1.41139
          0.785819           1.55786           1.89032
           1.32801           1.79438           1.74588
           1.42433           1.87095           2.15169
           1.23165           1.81212           2.49815
           1.37714           1.68096            2.3464
           1.24179           1.32077           2.54016
          0.776004           1.62334           2.62182
          0.697109           1.49428           2.53275
          0.263853           1.77759           2.28499
          0.223804             2.169           2.20855
          0.394235           2.25727           2.27238
          0.437068           2.52218           2.48594
           0.61175           2.52566           2.69248
          0.938666           2.61777            2.8373
           1.43993           2.56034          -2.92782
           1.35509           2.28397          -2.72751
            1.3455           1.96092           2.99321
           1.37563           1.97831           3.07912
            1.1958           1.90689           2.73108
           1.24283           1.55143           2.34308
           1.22749           1.30348           1.84912
          0.833355           1.04033           1.83009
          0.456141          0.814779           2.09088
          0.110761          0.158446           1.82584
         -0.196954          0.140246            1.9433
          -0.58083         -0.117145           1.50295
           -1.2913         -0.570378           1.24848
          -1.55328         -0.956487           1.25219
          -2.15443          -1.36733           1.23372
          -2.49022          -1.54512           1.12659
          -2.70053          -1.91564           1.79217
          -2.64069          -2.16626           1.49323
          -2.84121          -2.42612           1.08324
          -2.79334          -2.46356          0.779874
          -3.03106          -2.43903          0.186951
          -2.97312           -2.9317        -0.0790307
            2.9966          -2.95377         -0.295323
           2.94254          -2.68243          0.120921
            3.0741          -2.53792         -0.021671
           2.94781           3.10346         0.0516181
          -3.03648           3.01512         0.0461072
           2.43018           2.78533          0.254865
           2.18945         -0.709454          -2.74304
           2.54966         -0.351135          -2.64445
           2.96385           0.13509           -2.5752
           2.76943          0.896049          -2.69225
           2.98878           1.31945          -2.46189
            2.8136           1.02127          -2.84978
           2.97272           1.07084          -2.86386
          -2.70862           1.23499           2.84312
          -2.45363           1.04732           2.95682
          -1.94636           1.00269          -2.89115
          -1.67086          0.488895          -2.45433
          -1.90778          0.157419          -2.01223
          -1.32738        -0.0770669          -2.02082
          -1.27806         -0.260058          -1.76833
         -0.799343        -0.0690284            -1.551
          -0.45637         -0.183328          -1.10194
         0.0537398          0.290825          -1.03263
           0.62738          -0.34485          -1.47699
          0.694012         -0.788185          -1.34974
          0.557578         -0.758145          -1.73498
          0.879918          -1.06507          -1.71781
           1.67517          -1.38574          -1.82484
            2.5012          -1.31586          -2.08045
           2.72157          -1.55185          -2.27425
           3.03736          -1.42326           -2.2616
          -3.07688          -1.98887          -2.15329
           3.13509          -1.95693          -2.23483
          -2.81542          -1.94025          -2.02557
          -2.77017          -2.13925          -1.99894
           -2.6326           -2.1389          -1.53629
           -2.5764          -2.56564          -1.17921
          -2.00363           -2.8858          -1.08389
          -1.82224          -3.13354          -1.21822
          -1.59267           2.85834          -1.62043
          -1.57851           2.62534          -2.02092
          -1.24695           2.48585          -2.06467
         -0.779091           2.82369          -1.88011
         -0.431438          -3.06382          -1.96934
         -0.329416          -2.75287          -1.69182
          0.129928          -2.21065          -1.21336
          0.672091          -1.50643         -0.673448
          0.932658          -1.54645         -0.667423
           1.41725          -1.27019         -0.820016
           1.78922          -1.14765          -1.06293
           2.35367         -0.522977          -1.11912
           2.89387         -0.492087         -0.658066
          -3.13394          -0.24755         -0.561484
          -2.70846         -0.349247         -0.666417
          -2.05388         -0.165753         -0.563449
          -1.99791         -0.283979         -0.143994
          -1.51122         -0.160795          0.120507
          -1.35671        -0.0355997          0.177747
          -1.06812          0.301352          0.264683
         -0.287254        0.00428067          0.475012
        -0.0455126         -0.311734          0.672345
          0.230597         -0.439359          0.568679
          0.259478         -0.242206          0.475415
          0.539787            -0.151          0.625752
          0.669575          0.365654           1.14472
          0.766502          0.482388           1.44474
          0.746545          0.835866           1.41354
          0.838631             1.073           1.43749
            1.5459           1.14892           1.29687
           2.24943           1.01531           1.00778
           2.64941           1.55119            1.4566
           2.82485           2.05093           1.46532
          -2.69907           2.34776           1.64572
          -2.18547            2.4183           1.17369
          -1.57375           2.62339           1.01141
          -1.01222           2.80423           1.05676
          -1.20957           2.88258          0.857033
         -0.962528           2.81857           0.98382
         -0.535176          -2.90626          0.910323
        -0.0251756          -2.38289           0.35474
          0.369214          -2.09281         0.0671602
          0.857271          -1.81014           0.06957
            1.1536          -1.89189         -0.232678
           1.25795          -1.35965         -0.298412
           1.31678          -1.36285         -0.632237
           1.92731         -0.875328         -0.661429
           1.84584         -0.987895         -0.804167
           1.81517         -0.494749         -0.844621
           1.55679         0.0614333         -0.771248
           1.60021           0.35818         -0.683647
           1.50847          0.853402         -0.336697
           1.79348          0.846392          0.264315
           1.50514           0.93609          0.539498
           1.35968          0.943483          0.810625
           1.01579              1.16          0.669271
          0.740695          0.977957           0.71201
          0.630265          0.894382          0.855947
          0.940323          0.559772           0.87382
           1.17565        0.00380999           1.07777
           1.46119         -0.267284           0.94052
            0.8546         -0.486608          0.624436
          0.656579         -0.103328           1.12496
          0.176281          0.417877            1.5397
          0.203813          0.135943            1.9387
         -0.406381         0.0826335            1.6134
          -0.85169        -0.0053844           1.61007
          -1.30081          0.396318           1.61913
          -1.81322          0.328902           1.31955
          -2.50433         0.0351922           1.66881
          -3.06494          0.310318           1.71726
           2.39705          0.193981           1.55503
           2.11269         -0.283497           1.74829
           1.71113         -0.180089           2.01876
           1.67478         -0.164617           2.15168
           1.45963         -0.113363           1.53929
           1.15117         -0.232678           1.35289
          0.518791         -0.632398           1.55229
          -0.22806          -1.47729            1.4475
         -0.586177          -1.99545          0.987463
         -0.854759          -2.03286          0.997424
         -0.960233           -1.5921          0.988369
          -1.33897          -1.80636          0.936548
          -1.51694          -2.36379          0.577072
          -1.56776          -2.87824        0.00638179
          -2.21266          -3.12009        -0.0533261
          -2.44385          -2.74237          0.157803
          -2.43118          -2.82201          0.152995
          -2.29071          -2.87562         0.0837687
          -2.32717          -2.17737         0.0511636
          -2.31826          -1.90667         -0.119674
          -2.68224          -1.78468         -0.105574
          -2.02374          -1.80144         -0.121665
          -1.54011          -1.38834         -0.486777
          -1.03549          -1.15584          -0.59205
          -1.00663          -1.09537         -0.477119
          -1.32383         -0.971064         -0.722085
           -1.8034          -1.04834          -1.12524
          -2.19971          -1.57629         -0.634186
          -2.36905           -1.4733         -0.509058
          -2.19279           -1.5592         -0.557178
          -2.73369          -1.91765         -0.589722
          -3.00748          -1.71535         -0.530824
           2.93296          -1.76411         -0.619167
           2.08719          -1.73269         -0.592164
            1.5176          -1.67633         -0.558155
          0.832185          -1.60271          -1.15088
        -0.0316713          -1.63004         -0.904784
          -0.36586           -1.9248         -0.988982
         -0.541464          -2.09496          -1.07269
          -0.53486          -2.28044          -1.57109
         -0.779741          -2.27773           -1.9085
         -0.876675          -2.79048          -2.02965
          -1.11409          -2.97847          -2.34121
          -1.36603           2.63131          -2.25975
          -1.59908           2.31287          -1.95946
          -2.52516           2.86605           -1.9952
          -2.89435           3.12565          -2.27339
            2.8196          -2.83948          -1.71049
           2.60759           3.14141           -1.8731
           2.24371           2.62596           -1.7348
            2.5378           2.50149          -1.95756
           2.46858            2.0353          -2.49234
           1.74566           2.14795          -2.92823
           1.31698           1.77333          -2.48389
          0.873449           1.89211          -2.74724
          0.516255           2.09214           -3.1285
          0.441433           2.03023          -2.98325
          0.487407           2.35437          -2.71326
          0.268462            2.0717          -2.70781
          0.214959           1.65241          -2.86773
          0.230852           1.36159           3.00614
         -0.581084           1.01327           2.90007
          -1.09612          0.408489           2.41428
          -1.09034         -0.163028           2.07689
          -1.01337         -0.682517           1.81519
          -1.19908          -1.52552           2.18892
         -0.898417          -1.94797           2.77408
         -0.837123          -2.45603           2.50426
          -1.05029          -2.82555           2.62115
          -1.70325           2.99521           2.61451
          -2.00185            2.5303           2.61048
           -1.7865           2.51481           2.22905
          -1.65306           2.73127           2.40785
          -1.47172          -3.03543           2.47111
          -1.69799           -2.3952            1.7267
          -1.31359          -1.53937           1.49975
         -0.913996           -1.5965           1.63577
          -1.21456          -1.67595           2.19233
          -1.78331          -1.91214           2.95719
          -2.64154          -1.50496          -2.91801
          -3.04405          -1.27864          -2.19928
           2.83286          -1.04549          -2.14548
            2.2541         -0.585153          -2.68598
           2.75975           2.81213           1.97529
          -2.64084           2.55272           2.15201
          -2.14333           2.28677           2.86455
          -1.56959           2.02278          -2.96748
          -1.25053           1.94475          -2.81713
         -0.580299           1.65306           -2.8214
         0.0635032            1.2147          -2.75153
          0.665753           1.28106          -2.86041
           1.09892            1.1521          -2.76811
           1.65395           1.40172           -2.9228
           1.75455           1.98085          -2.72863
           1.48516           2.16077           -3.1283
           2.05362             2.659           3.12888
           1.96615           2.85983            2.9614
           1.88838           2.74918           2.75049
           2.01351           3.01164           2.59558
           2.19982           2.95512            2.8784
           2.26258           3.09431          -3.08808
           2.42575          -2.99137          -2.60844
           3.01364           3.10727          -2.31411
          -2.84688          -3.08031          -2.36475
          -1.69901          -3.08433          -2.93284
          -1.25245           3.02932          -3.02682
          -1.14745           2.56033          -3.03951
          -1.36022           1.87581          -2.94221
          -1.74719           1.37819          -2.97215
          -1.99794           1.02222          -2.85957
          -1.73445          0.786385          -2.90273
          -1.58943          0.018911           -2.2665
          -1.33306         -0.681345          -2.16855
          -1.30779          -1.23685          -2.02245
          -1.46694           -1.2609          -1.68772
          -1.72529          -1.39704         -0.809336
          -1.86839          -1.06073         -0.363715
          -1.97791         -0.877337        -0.0858941
          -1.76283         -0.357209        -0.0308587
          -1.55618          0.284866        0.00780354
          -1.36363          0.982903          0.249629
          -1.14826           1.19033          0.377166
         -0.883189           1.29943          0.927268
         -0.819259           1.31808           1.07639
         -0.668337           1.03838            1.2129
         -0.611085           1.00232           1.78422
         -0.507571          0.519036           1.42357
         -0.264098          0.602078           0.70982
          0.382706          0.305353          0.599826
          0.606364          0.311708          0.896324
          0.643859          0.448688           1.01462
           1.27555          0.531654          0.983559
           1.82245          0.310898            1.3063
           2.30396          0.518972           1.26857
           2.58563          0.415701           1.71857
          -3.11647         0.0104061           1.85056
           -2.8042         -0.475516           2.07362
          -2.88068         -0.384598           2.05924
           -3.0801         -0.330818             1.964
          -2.99192         -0.313099            1.8319
          -2.61422          -0.45729           1.86339
          -2.38545         0.0408065           2.07737
          -2.74674          0.633532           2.52159
          -2.55462           1.19877           3.11761
          -2.99046           2.11406          -2.88045
          -3.01684           2.46418          -2.43321
           3.11215           3.07107          -2.00664
          -2.71525           3.04162          -1.94524
          -2.74433           3.09469          -1.88955
          -2.63215          -2.98082          -1.58116
          -2.76796          -3.05652         -0.954613
          -2.85643            2.9524          -1.01078
          -2.67733          -2.84488          -0.40751
          -2.51472          -2.16909         -0.101158
          -1.97879          -1.99252          0.227463
          -1.48835          -1.75915          0.710587
          -1.72226          -1.88333           1.30339
          -1.83109          -1.65659           1.76081
          -1.89408          -1.28898           1.63797
          -1.82697          -1.29997           1.60192
          -1.73148          -1.16658           1.67779
          -1.94784         -0.644573           1.68218
            -2.133         -0.278711           1.08882
          -2.24512         -0.082558          0.187508
          -2.26332        -0.0221319         -0.105067
           -1.7508         0.0977194         0.0271204
          -1.28271          0.383058         -0.426584
         -0.819787          0.213097         -0.313096
         -0.449982          0.608159         -0.274589
         0.0505078          0.772441         -0.569417
        -0.0717472           1.32804         -0.552792
         -0.381279          0.731164         -0.631486
         -0.122927          0.422299         -0.221311
          0.106258          0.291683         -0.532344
         0.0701578        -0.0629733         -0.893858
         -0.254209         -0.280089         -0.828704
         -0.524208         -0.378455         -0.838524
         -0.855322          0.127898          -0.42919
          -1.02117          0.220622         -0.337458
         -0.931225           0.31673        -0.0925216
          -1.26416          0.721632         -0.160621
          -1.13609           1.00734          0.272412
          -1.13133          0.747041          0.278361
           -1.1873          0.985246          0.398497
           -1.3946          0.703215          0.023641
          -1.37522        -0.0729281         -0.681643
          -1.37264         -0.797346         -0.910613
          -1.13075          -1.51361          -1.57503
          -1.21781           -2.0952          -1.64584
           -1.5472          -2.14742          -1.48704
          -1.78177          -2.67364          -1.87931
          -1.97156          -2.86195          -2.21292
          -2.25025          -2.90764          -2.70417
          -1.91272            2.9229           3.12944
          -1.99521            2.6965           2.46554
          -1.98586           2.59042           2.49129
          -1.84005            2.2278           2.14975
          -1.81474           2.40394           2.07424
          -1.80193           2.38995           2.32948
          -1.99679           2.15102           1.73806
          -2.74765           2.35417           1.56441
          -3.12903            2.2482            1.4548
           2.83751           2.47833           1.19553
           2.40789           2.81302           1.11577
           1.98133           2.96472           1.02206
           1.64911             2.978           1.01467
           1.33221           2.97662           1.23326
          0.969177          -2.93063           1.14478
          0.710416          -2.22846          0.629758
          0.289294          -1.85681         -0.220066
         -0.527564          -1.67302         -0.551209
         -0.887359           -1.8053           -1.2157
          -1.63324          -2.06083          -1.58956
          -1.69031          -2.08999          -1.77975
          -1.79462           -1.8693          -2.26215
          -2.03495           -2.0709          -2.69704
          -1.93193          -2.21176             3.028
          -1.74305          -2.43946           1.95298
          -1.61644          -2.08853          0.998596
          -2.05697           -2.1932          0.792189
          -2.52671          -2.00676          0.664573
           3.04456          -1.56544          0.429599
           2.29377          -1.48571          0.264133
           1.73417          -1.11341          0.469926
          0.730101         -0.508607          0.655226
          0.487863         -0.384397          0.420885
         -0.378726         -0.519439           0.46078
         -0.822361          -1.01821           0.20785
          -1.04876          -1.41405        -0.0661012
           -1.5925          -1.89824         -0.143897
          -2.16131          -1.93899        -0.0947928
          -2.48615          -1.41806          0.253659
          -2.65642          -1.46531          0.177256
          -3.05775          -1.56136         0.0349944
           2.61709          -1.57069          0.478874
           2.57984          -1.95683          0.865648
           2.95248          -1.90161            1.0443
          -3.06225          -1.41573          0.625289
           -2.1966          -1.00583         0.0754566
          -1.61491          -1.03972          0.122803
          -1.41706          -0.76161       -0.00659816
          -1.31922         -0.642213          0.353241
          -1.64076         -0.643681          0.604149
          -2.00168         -0.594919          0.421374
          -2.44433          -0.64556          0.505932
           3.07513         -0.310147         0.0805203
            2.5876         -0.395951         -0.093739
           2.53127         -0.701444         -0.326026
           2.42704          -1.30831         -0.668779
           2.66994          -1.33026         -0.609802
           2.62294          -1.38258         -0.224564
           2.36876          -1.21085         0.0454095
           2.14836          -1.42389          -0.19803
              2.57           -1.2438          0.245773
           2.82449         -0.981047          0.402058
           2.34276         -0.747852          0.101134
           1.72435         -0.844915         -0.022613
           1.60824          -0.80279         -0.407083
           1.68558          -1.02545         0.0190621
           1.89318          -1.26545          0.390313
           1.81342          -1.48148          0.798772
           1.60034          -1.70782          0.652227
           1.35564          -1.58983          0.599784
            1.2437           -1.5557           0.79194
           1.31374          -1.67582           0.89427
           1.27172          -1.96776           0.93672
            1.4646          -2.21873           1.57797
           1.90393          -2.75088           1.40041
           2.29904           3.09723           1.62207
           2.47581           2.91429           1.95842
            2.4589          -2.44141           1.99148
           1.68551          -2.24862           1.63831
           1.86238          -2.35628            1.8131
           1.93274          -2.67148           2.15433
           1.57756           -2.7898           2.30733
           1.79098          -2.92141           2.78334
           1.76518          -2.72908          -2.97219
           1.70545          -3.08094          -2.42717
           1.44338           2.66968          -1.73864
           1.15211           2.22885          -1.39195
            1.0564           2.46024         -0.807552
           1.12844            2.5924         -0.391202
          0.682598           3.07755         -0.669532
          0.501966          -2.81872          -1.11137
          0.553106           3.10042          -1.56266
          0.389882          -3.08638          -2.24016
          0.537064           2.96152          -2.95082
          0.965211           3.08968           3.07731
           1.61359           2.56128           3.01606
            1.8941           2.20594           2.62427
           2.33286            2.2584           2.51069
            2.9315           2.15643           2.78909
          -2.83623            2.0336            2.9197
          -2.52965           1.82536           3.08229
          -1.97893            1.7989           3.02981
          -1.36488           1.79768           2.79932
           -1.0812           1.67943           2.73812
          -1.09677           1.59074           2.28852
         -0.864182           1.20041            1.8583
          -1.03607          0.762269           1.63584
          -1.07513          0.652829           1.85718
          -1.07441          0.973236           1.46434
          -1.00742          0.684966           1.15368
         -0.957752          0.089707          0.876359
         -0.662596        -0.0310742          0.724939
         -0.349993           0.53682          0.526429
        -0.0482442          0.719073        -0.0578535
          0.377502          0.795945         -0.161618
           1.02959          0.795239         -0.351389
          0.963818          0.949323          -0.18026
           1.00053           1.34868         0.0919546
           1.41773           1.83112          0.100137
           1.36514           2.37926          0.165624
           2.16418           2.93704         0.0488944
           2.43998           3.11754        -0.0149493
           2.76979          -2.96956          -0.11591
           2.98384          -2.96238         -0.171357
           2.33864          -3.00063         -0.141695
           2.43259           2.75261        -0.0779641
            2.5097           2.95025         -0.111458
           2.84106           2.84588        -0.0422296
           -2.6983           2.54746         -0.452548
          -2.46143           2.81931          0.154173
          -2.38738           2.94967         -0.276817
          -2.74554           2.93431         -0.634064
           3.01302           2.93289          -1.09412
           2.71637           2.82273          -1.38499
           2.40272           3.06611          -1.68857
           2.41577           3.06535          -1.66108
           2.20652           3.03542          -2.52555
            2.2918          -3.06616          -2.75252
           2.76765          -3.04897          -3.01736
           3.03893          -2.37306          -2.76974
           2.60237           -2.1319          -2.91015
           2.83842          -2.14913          -2.68974
           2.96383          -1.53283          -2.49295
          -2.84191          -1.73843          -2.62199
           -2.7477          -1.54404          -2.28117
          -2.60007          -1.33442          -2.36736
          -2.43287          -1.43596          -2.50887
          -2.41006          -1.49508          -2.27297
          -2.44271          -1.41463          -2.61434
          -1.92052          -1.14769           3.12733
          -1.44537          -1.38968           2.41383
          -1.33137          -1.27125           1.95527
         -0.997132          -1.16078           1.85453
          -1.02791          -1.22891           2.13643
          -1.20887          -1.00761           2.10911
          -1.52003          -1.02993            1.6207
          -1.33444          -1.08159           1.36597
          -0.93348          -1.03359          0.461804
         -0.579357          -1.13709         -0.177961
         -0.277207          -1.14056         -0.484853
          0.108814          -1.47942         -0.703413
           0.51846          -1.37816          -1.03342
          0.653389         -0.842315         -0.901027
           1.03542         -0.480274         -0.544528
           1.29299          0.137635         -0.182839
          0.700785          0.967427         0.0832422
          0.335522           1.31938           0.40643
          0.361227           1.53542          0.626507
          0.573244           1.49899          0.874141
          0.374167           1.83877          0.863384
          0.249174           1.68011          0.708332
         -0.394524           1.21073           0.26554
          -1.13395           1.18861        -0.0573634
          -1.50202          0.784504           0.13048
          -2.12995          0.479417        -0.0732851
          -2.37999          0.401217         -0.659972
              -2.8          0.361848         -0.581702
          -2.65308          0.925394          -1.45924
          -2.17071           1.42181          -1.76255
          -1.52471           1.89872          -1.57753
          -1.18661           2.16041          -1.27215
          -1.27411           1.95343         -0.942049
         -0.909333           2.36489         -0.423988
         -0.756854           2.52953       -0.00244338
         -0.496869           2.69202           1.05858
         0.0849279           3.10182           1.19084
          0.647691           2.91878           1.64978
            1.0017           2.95194           2.53077
          0.878538           2.57222           2.13838
          0.760761           2.40834           2.51246
          0.981577            2.1814           2.74783
          0.726084           1.75038          -2.84396
          0.899282           1.17362          -2.38371
          0.938043          0.727564          -1.69526
          0.728492          0.258542           -1.1642
          0.340792          0.262454         -0.603267
         -0.278448        -0.0807438          0.170557
          -1.03128         -0.275414          0.650122
         -0.982353         -0.785318           1.00454
          -1.34749         -0.781766           1.51714
           -1.4911         -0.521716           1.64129
          -1.62138         -0.136557           2.14701
          -1.88452          0.103413           2.31152
          -2.49226          0.445825           2.46936
          -2.35876           1.00241           2.01443
          -2.26918             1.234           1.94273
          -2.54983           1.25732            1.9979
          -2.67669          0.744239           1.79906
          -2.89061          0.160105           2.27803
           2.99874          -0.21884           2.18055
           3.05403         -0.636002           2.32071
           2.52665           -1.0394           2.97902
           2.16507          -1.18412          -3.00551
           2.02676          -1.58478          -2.84804
           2.02487          -1.59791          -2.50609
           2.14474          -1.69196          -2.04928
           1.87387          -1.22788          -2.14473
           2.01494          -1.09581          -2.68184
           2.17496          -1.29171          -2.48336
           2.26552         -0.992481          -2.70986
           2.15047          -1.12135          -2.90831
           2.28285         -0.722913          -3.09502
           2.19405         -0.288625           2.82961
           2.10271          0.232319            2.9706
           1.99051         0.0582371           3.00436
           1.32042         -0.317201           3.07626
           1.37883         -0.501039           2.87682
            1.2456          -0.48144           2.36618
           1.04166         -0.975369           2.07989
           1.36796         -0.787115           2.05413
           1.32444         -0.697538           2.28632
          0.983457         -0.397253           2.80249
           1.02182         -0.661413           3.10095
          0.912016         -0.787132           3.00684
          0.379919         -0.397651           2.92905
         -0.400814         -0.181908           2.59094
         -0.383435          0.163517           2.66951
         -0.281807          0.349602           2.29278
         -0.125095          0.204175           2.20278
        -0.0879251           -0.2513            2.4822
          0.104693         -0.664771           2.58922
         -0.364107         -0.352223           2.44048
         -0.238828         -0.429959           2.58668
         -0.377011         -0.683048           2.35704
          -0.55499         -0.876244           2.13889
         -0.806607         -0.544514           1.75642
         -0.950113         -0.135848           1.27178
         -0.983896          0.541449           1.12107
          -1.54609           1.23006          0.773467
          -2.00237          0.918985          0.305073
          -1.99855          0.817557          0.257133
          -2.66908          0.844518           0.44923
          -3.01983          0.657428          0.468524
          -2.99378          0.671391        -0.0176303
          -2.61313            1.0007         -0.348781
          -3.00661          0.669844         -0.983796
          -2.60992          0.444281          -1.06824
          -2.77524          0.463598          -1.39387
          -2.55063        -0.0210352         -0.936109
          -2.34163          -0.29434        0.00461887
          -2.79299         -0.555135          0.797867
           3.13776          -1.44187           1.63122
           2.94859          -1.62557           1.64127
           2.34634          -2.20522           1.93658
          0.588084           3.08908           1.47738
          0.562022           2.77742           2.07074
          0.502602           2.39626           2.16911
          0.590621           2.77586           2.50954
           1.06882           3.13717           2.68233
           1.47985           3.07885           3.05948
           1.32835           -2.9342           2.90091
           1.36667          -2.65155           3.10005
          0.951254           -2.4563          -3.00969
           1.46761          -2.41207          -2.75977
           1.06816          -1.92544           -2.4728
           1.29503          -1.71663          -2.57471
           1.70751          -1.28075          -2.42538
           1.34132          -1.19266          -2.64555
          0.764366         -0.664418          -2.88693
          0.590954          -0.41779          -2.81521
          0.458016         -0.498014          -3.00995
          0.334668          -0.45982          -2.85703
          0.426414         -0.163513          -3.00917
          0.123953         -0.184867           2.99706
         -0.125814          0.630633           2.66013
         0.0733058           0.51058           2.29473
        -0.0342189          0.778102           2.35703
         -0.229268           1.08474           2.65763
         -0.360498           1.45911           2.82101
         -0.781106           1.81646           2.60597
          -1.25005           1.78072           2.43879
          -1.63441           2.10974           2.68422
          -2.33923           2.57106           2.94771
           2.97009           2.59916           2.80587
           2.12131           2.00956            2.8272
           1.55763           2.05044           2.58302
           1.41403           2.34505           2.61278
          0.849231           2.72514          -2.82744
          0.552311           2.54034          -2.62249
          0.111903           2.64046          -2.54674
          0.375046             2.257          -2.48981
          0.275918           1.80485          -2.18875
          0.493386           1.66558          -1.54534
          0.192903           1.28423          -1.51451
          -0.07447          0.678815          -1.88404
          0.272285         -0.307318          -1.63865
          0.395796         -0.538889          -1.45234
          0.990373         -0.652013          -1.40874
           1.13776         -0.791597         -0.772597
           1.23164           -1.1298         -0.445583
           1.51181          -1.06939         -0.586364
           1.81805         -0.932941         -0.530792
            1.7093          -1.32541        -0.0860777
           1.26385          -1.65837         -0.239074
           1.23328           -2.1091         -0.452189
           1.20129          -1.73511        -0.0139027
           1.82087          -1.50224          0.462234
            2.0712          -1.04145          0.889019
           2.15918           -0.7943          0.762481
           1.91073          -1.10541          0.978505
           1.46197         -0.889429           1.32531
           1.56813         -0.343899           1.66595
           1.43977         -0.682311           1.27564
           1.69486          -1.00061           1.26745
           1.71063         -0.774748           1.05974
           1.46226         -0.613209          0.860592
           1.10215         -0.233982          0.407552
          0.983405         -0.314548         -0.344046
            1.0059          -0.33739         -0.979671
          0.885252         -0.747386          -1.47583
          0.626172         -0.777702          -1.65988
           0.47673         -0.968291          -1.35738
       -0.00584824         -0.455682          -1.93477
          0.224849         -0.427288          -1.78456
          0.671205         -0.209356           -1.4907
          0.817092         -0.350922          -1.62202
           0.78917          -0.29128          -1.64644
           1.40193         -0.200119          -1.45835
           1.67805         -0.333368          -1.88116
           1.94919         -0.431964          -1.98413
           2.61874         -0.581946          -1.42028
           2.53813         -0.874909          -1.12746
           2.64029          -1.64278          -1.60327
           2.16856          -2.08641          -1.94271
           2.36372          -2.20733          -2.12767
           2.25344          -2.21873          -1.78245
           2.01683          -1.74487          -1.31999
           1.70154             -1.16          -1.15622
            2.0658          -1.51905         -0.551956
           2.20383          -1.03333         0.0797796
           2.06721         -0.588017           0.58156
           2.40139         -0.164895          0.690392
           2.37224          0.180897          0.539439
           2.30057          0.255172          0.205721
           1.96595          0.411046        -0.0917924
           2.12907          0.669605          -0.35509
           2.19178           1.22236         -0.600199
           2.38254           1.77371         -0.619027
           2.45179           1.68353           -1.2467
           2.09029           1.57959          -1.69653
           2.23492           1.80099          -1.82213
           2.41487           1.33123          -1.74601
           2.10861           1.19696          -2.65076
           2.10412          0.783481          -2.72459
           2.13936          0.730465           3.11502
           2.06035          0.934302           2.45607
           1.77592           1.04554           2.52967
           1.74893          0.899665           2.43229
             1.472          0.924799           1.87521
           1.36192           1.02075           1.56811
           1.28612           0.63781          0.766527
          0.923337          0.815603         -0.119196
          0.993046          0.884032           -1.0061
            1.4417          0.537138          -1.44906
           1.52589         0.0521415          -1.77836
           1.79584          0.165247          -2.14353
           1.97556          0.333025          -2.51477
           2.52358         0.0831759          -2.76546
           2.71359           0.17172          -3.12436
           2.90305          0.405659           2.93273
           3.07566          0.484519           2.42217
          -3.10882          0.362742           2.32976
          -2.86154         -0.337117          -2.78871
          -2.65263         -0.667927          -2.00178
          -2.56825          -1.58494          -1.59578
          -2.10676           -2.1815          -1.52363
          -1.51689           -2.1647          -1.12353
          -1.39993          -2.02193           -0.9635
         -0.946885           -2.3387          -1.16337
         -0.747288          -1.98724         -0.997354
         -0.949808          -1.58681         -0.550358
          -0.94655          -1.71656         -0.205904
          -1.06274          -2.08124          -0.16777
         -0.784551          -2.22087          -0.19508
          -1.30475          -2.28076         -0.129339
          -1.03531          -2.22079         -0.321774
          -1.06655          -2.16133        -0.0296262
          -1.20925          -2.45286          0.139493
         -0.961779          -2.30156          0.108652
         -0.462562          -2.85004          0.194457
         -0.138358          -2.62286          0.590122
           0.13249          -2.68664          0.498115
        -0.0476273          -2.75349          0.565324
         0.0100004          -2.22773          0.953969
         -0.275291          -1.71724            1.1269
         -0.276342          -1.41411           0.94452
         -0.111616          -1.27545            0.9946
        -0.0209756          -1.31768           1.70159
         -0.225415          -1.73112            1.1463
        -0.0375573          -1.35342           1.12418
          0.411575          -1.37357          0.113575
           1.13591           -1.2791           -0.4283
           1.66388         -0.552388         -0.517563
           1.79805         -0.373857         0.0433586
           2.44966        -0.0357999          0.341925
           2.85028         -0.181197          0.201283
           2.82901        -0.0347283           0.28582
           2.47534          0.224583         0.0129663
           2.87385          0.124863         0.0115908
           2.87815          0.416921           0.26688
          -2.69259        -0.0704107          0.435342
          -2.32837         -0.560276          0.360762
          -2.50436          -1.04898          0.321739
          -2.65678          -1.30895         -0.429808
             2.926          -1.23677          -1.06703
           2.65147          -1.36753          -1.45842
           2.08944          -1.42627           -1.6426
           1.43352          -1.30657          -1.84901
           1.18517          -1.71314          -2.22138
           1.03235          -1.72595          -2.17011
          0.829456         -0.931891          -2.25787
           1.49845         -0.361911          -2.64304
           1.55575         -0.592257          -2.65771
           2.11343         -0.696382          -2.68325
           2.47504          -1.03164          -2.85363
           2.49859          -1.01208          -2.74047
           2.47231          -1.14243           3.11538
           2.46376          -1.23775           -2.7897
           2.20118          -1.42806          -3.13387
           2.28419          -1.33556           3.13025
            2.3243          -1.41864          -3.08725
           2.05256          -1.58704          -1.86927
           2.12754          -1.70771          -1.21315
           2.01947          -2.00509         -0.475334
            2.0978           -2.2203          0.033094
           2.05203           -1.9382          0.741336
           2.14559          -1.59121          0.949168
           2.10552            -1.637           1.04701
           1.68904          -2.40429           1.11076
           1.17349           -3.0876            1.3437
          0.660958           2.90246           1.74148
           2.17249           1.93718          -0.93176
           1.46763           2.19244         -0.592402
          0.459031           2.25136         -0.393033
          0.120419           2.44065         -0.125414
          0.150831           2.35533        -0.0159271
         -0.358085           2.74869          0.472182
         -0.333578          -2.91559          0.942945
        -0.0392431           -2.6488           1.60665
         -0.615453          -2.35435           1.53589
         -0.770809          -2.08546            1.5946
         -0.652714          -1.98535           1.36222
         -0.990593          -1.26368            1.2411
          -1.69968         -0.848153           1.15659
          -1.90813         -0.503386           1.29579
          -1.99089        -0.0353029          0.903335
          -2.11039          0.600603           1.00524
          -2.32469           1.21069           1.33552
          -2.68781           1.77266           1.60656
          -2.72019           1.80198           1.58492
           2.79223           1.98166           1.41373
            2.7504           1.72973           1.45893
          -3.04559           1.61053           1.33188
          -2.75008           1.71575           1.44431
          -2.41355           1.88176           1.86044
          -2.05038           2.39656           2.26725
          -1.84649           2.56695           2.28612
          -1.16785           2.98694           2.30689
         -0.518322          -2.71102           2.87958
         -0.078404          -2.85034          -2.98025
          0.343329           2.91378          -2.91506
          0.533955           2.58541          -2.49794
          0.905487            2.4019          -2.39507
           1.41276           1.50115          -2.08921
           1.65112           1.13001          -2.16625
           1.98752           1.49571          -2.05659
           2.07216           1.34057          -2.57586
           1.92986           1.54961          -2.83178
           1.98318           1.40876          -2.91938
           2.03697           1.34767          -2.33164
           2.27546           1.19745          -1.77742
           2.39286           1.02094          -2.01212
           2.69379          0.569827          -2.10037
           2.90972          0.642619          -2.30131
           -2.9283          0.345885          -2.56104
          -2.65522          0.426855          -3.12444
          -2.63294          0.416244           2.79585
          -2.50932          0.391758           2.95037
           -2.4859            0.5854           2.75743
          -2.09226          0.374328           2.58912
          -1.86665        -0.0571329           2.50278
          -1.92774         -0.648454           2.69044
          -1.84525          -0.85931           2.65096
          -1.84707          -1.15381           2.05929
          -2.31724          -1.21993           1.60725
          -2.77156          -1.32454           1.44619
           3.02277          -1.70633           1.56039
           3.09734          -2.37609           1.73269
            3.1026          -2.22512           2.05285
           2.43668          -2.47246           2.60408
           2.31212          -2.22855           2.89821
            1.8713          -2.25675          -3.02798
           1.70453          -2.08809          -3.13555
           1.34403          -2.27533          -2.89737
           1.24444          -2.40966          -3.02178
           1.33084           -2.6888          -2.83956
            1.3013          -2.76167          -2.94716
           1.48406          -3.00493          -2.57003
           1.75483           3.10571          -1.87048
           1.67785            2.4705          -1.57188
           2.09436           2.30353          -1.43023
           2.12341           2.18437          -1.02883
           2.17721            2.2445          -1.32051
           2.24886           2.38552           -1.1977
           2.32006           2.38328          -1.39522
           2.28799           2.63809          -1.77187
           2.60642            3.1366          -1.72221
           2.67434          -2.83128          -1.02926
           2.87136          -2.50334         -0.646573
           2.68365          -2.32217         -0.372558
            2.7621          -1.98215         -0.357344
           3.07693          -1.78748         -0.436928
           3.09475          -1.96589         -0.651316
          -2.64892          -2.35037          -0.70266
          -2.31934            2.7921          -0.55437
          -2.40402           2.16818         -0.812996
          -2.86748           2.15067         -0.979744
          -2.72562           1.99807          -1.35789
          -2.67292           2.06424           -1.7101
          -2.42121           1.73213           -1.9894
          -2.89402            1.6051           -1.8496
           2.71448           1.92132           -1.5825
           2.28807           2.01706          -1.48421
           1.96144           1.63996          -1.99039
           1.32957           1.57161          -1.56265
          0.737064           1.57921          -1.15111
          0.122532           1.51713         -0.942324
          -0.11502           1.32311         -0.510534
         -0.745632           1.06093          -0.16269
          -1.06682           1.07575         -0.406274
          -1.74544           1.15221         -0.181682
          -2.17735           1.23139           0.15827
          -2.45272           1.69969          -0.16655
          -2.04452           1.66624         -0.318652
           -1.9219           1.56033         -0.430027
          -2.04644           1.46294           -0.2691
          -2.06753           1.47807        -0.0493734
          -1.54488           1.88237         -0.170181
          -1.78455           1.93358         -0.813249
          -1.88993           2.05315          -1.47492
          -1.95254           2.31196           -1.9615
          -1.83917           2.35257          -2.49187
          -2.13676           2.71806          -3.08393
          -2.42741           2.98409           2.23274
           -2.6593           3.09551           1.92203
          -2.44069           2.83286           1.82958
          -2.16452           3.01934           1.23004
          -2.38486          -2.60732           1.05877
          -2.18747          -2.50373           1.01806
          -2.01991          -2.04603          0.915457
          -1.71706           -2.0176          0.666386
          -1.68929          -1.99009          0.340515
           -1.2165          -1.66016         0.0727106
         -0.722176          -1.84418          0.187383
         -0.225349          -1.72201         -0.397427
         -0.147632          -1.48898          -1.14812
           0.33032          -1.82208         -0.970012
          0.335742          -2.41698         -0.871059
         -0.235194          -2.48931          -1.11303
         -0.407553          -2.67213           -1.3246
         -0.615768          -3.12516          -0.90668
         -0.715583           2.70265         -0.780128
         -0.790327            2.9968         -0.897864
         -0.869373           3.01503          -1.35171
         -0.877962           2.76307          -1.14147
         -0.356428          -3.11865         -0.502215
         -0.113716          -3.03559         -0.986986
          0.314315           2.98435          -1.08878
          0.846242            2.7241          -1.12141
           1.12807           3.05875          -1.12186
           1.28599           2.98068          -1.01793
           1.44998           2.86548         -0.720843
           2.27033           2.57729         -0.565726
            2.6273           2.38001         -0.662879
           2.50437           2.51514         -0.284459
           2.11592           2.33707          0.454186
           2.24747           2.50979          0.293514
           2.66332           3.07025           0.85188
           2.38832          -3.00004           1.46379
           1.91943          -3.10959           2.15979
           1.43338           2.90535           2.57083
          0.984615          -2.95364           2.81028
          0.421726          -2.63939           2.55571
         -0.151852          -2.91689           2.49599
         -0.136276          -2.92263           2.43871
         -0.497605          -2.64611           1.93793
         -0.649383          -2.07987           1.88884
          -1.06034          -1.17465           1.51024
          -1.00056         -0.987202           1.18641
          -1.42261         -0.859999          0.468014
          -2.09498           -0.3772         -0.634711
          -2.41374          0.208981          -1.08565
          -2.88252          0.257671           -1.4067
          -3.10878          0.361131          -1.49607
           -2.8598        -0.0049251          -0.99218
            -2.615         -0.493855          -1.27501
          -2.08976         -0.813463          -1.09442
          -2.04068          -1.31431         -0.688974
          -1.90457           -1.2989         -0.613747
          -1.58518          -1.69668          -0.50563
          -1.23372          -1.83595         -0.722137
         -0.998771          -2.01082         -0.609902
       -0.00531308          -2.15171         -0.295252
           1.09322          -2.39429          -0.27291
           1.24091          -2.94717         -0.416087
           1.25328           2.88098         -0.216673
           1.11419           2.27672         -0.228059
          0.831232           1.73699         0.0984389
          0.675504           1.24028        -0.0871924
          0.785566           1.45459         -0.144556
          0.964769            1.2439           -0.1914
           1.80762          0.588325         -0.220503
           1.63435          0.349204          0.132632
           1.31522          0.540759          0.300678
            1.2843          0.717432        0.00650462
           1.26094           1.12641         -0.550584
           2.03131           1.51287         -0.847196
           2.22496           2.12243         -0.819713
          -1.18513          -1.96098          -1.02573
          -1.79854          -1.78442          -1.21528
          -1.76856          -1.53524          -1.03462
          -1.64483          -1.14441          -1.23946
          -1.96478         -0.501138          -1.62511
          -1.67362          0.352484           -1.5722
          -1.59702          0.529262          -1.72522
           -1.3038          0.838395            -1.843
         -0.786475           1.60505          -2.02068
         -0.962477           1.96787          -2.33232
          -1.29854           2.78638          -1.58783
          -1.04386           -3.1165          -0.98581
          -0.95058          -2.87375         -0.636694
         -0.687001          -2.58492         -0.366131
         -0.919877          -2.19821          0.374745
          -1.04647           -1.9785           1.33591
         -0.912189          -1.55197            1.3104
          -0.77947         -0.811318           1.75917
          -0.75211         0.0508205           2.22613
         -0.513347          0.304546           2.30165
         -0.506168         -0.139401           2.18845
         -0.300193         -0.729724           2.16338
         0.0178504          -1.18582           2.10847
         -0.238217          -1.42623           2.21118
         -0.561192           -1.4667           1.93535
         -0.403089          -1.55549           2.02811
        -0.0436627          -1.58586           2.52255
         -0.254888          -2.13228           -3.0088
         -0.539461          -2.62656          -2.61613
         -0.768705          -2.70583          -2.62564
         -0.730935          -2.64275          -2.25109
         -0.976182          -3.09941           -2.0988
          -1.33153           2.97079          -2.01225
          -1.58538           2.53221          -2.33543
          -1.40622           2.40955          -2.83817
          -1.68537           1.85769          -2.45666
          -1.33477           1.33006          -2.68169
          -1.29514          0.592142          -2.67909
          -1.11417          0.511858          -2.78415
         -0.602299          0.178381           -2.6967
          -0.44651        -0.0202014          -2.73153
         -0.475036         -0.561001          -2.61281
          0.106531         -0.896934          -2.36423
          0.539258          -1.13226          -2.00727
          0.300961          -1.38026          -1.89245
          0.311002          -1.93804          -1.84955
         0.0219223          -2.13403          -1.88705
           0.29769           -2.3909          -2.13642
          0.721946          -2.83731          -2.54864
          0.982483           2.61769           -2.6014
           1.45092           2.24058          -2.81062
           1.51168           1.66899          -2.46772
           1.79057           1.09172          -1.86412
           2.38267           1.07644          -2.09023
           2.26206           1.25244           -1.3819
           2.27303           1.38993          -1.80957
           2.16781           1.01711          -1.30418
            2.3447           0.79043         -0.737198
           2.19178          0.599842         -0.233255
           1.84521          0.440333          0.031985
           1.70363          0.150084        -0.0776032
           1.61044         -0.725012         -0.531868
           1.37074          -1.11647          -0.70305
           1.33462          -1.28963         -0.702029
           1.17352          -1.87999          -0.46575
          0.941022           -2.1406           0.10775
          0.953484          -3.01798         0.0820505
          0.456739           2.69201         0.0299708
          0.420063            2.6383         0.0626106
          0.441044           2.60878           0.59279
          0.301275           2.37416          0.099366
          0.120023           2.21855          0.185145
          0.258368           1.95925         0.0134324
          0.547804           2.12835         0.0547893
           0.39329           1.94212          0.321862
          0.282534            1.7155           0.39397
          0.116472           1.94362           1.11898
         -0.466287           1.40516           1.25449
         -0.756755          0.893623           1.80902
           -1.3396           0.80706           2.24211
          -1.61642           0.41265           2.07968
          -1.65719         -0.159932           2.01433
          -2.37435        -0.0188186           2.59825
           -3.0701         -0.280031           2.63351
           2.93964         0.0623158           2.78726
           2.61911          0.533254            2.3521
           2.49368          0.822593           2.00525
            2.5239          0.632547           1.63598
           2.90104          0.568503          0.667379
           -2.9606          0.465714          0.880566
           -2.1311          0.243177          0.616854
          -1.55404          0.331687          0.532315
          -1.13828        -0.0312921          0.485238
          -1.03565        -0.0283257           0.52336
          -0.87329         -0.207681          0.274822
         -0.910536         -0.580378        -0.0934621
         -0.811195         -0.495529         -0.191508
         -0.915506         -0.233826         -0.100793
         -0.665626         -0.170501          -0.37684
          -0.76909        0.00453769         -0.123469
         -0.236175         -0.385488         -0.326161
        -0.0486537          0.145916         -0.317436
          0.486729          0.626129         -0.478218
           1.05158          0.606102         -0.263611
           1.86146           1.08014          -0.52822
           2.21155           1.45977         -0.739605
          -3.11615           1.60544         -0.547871
          -2.96545           1.76696         -0.847318
          -2.59252           1.59799          -1.15789
          -2.71426           1.57422          -1.09508
          -2.65816            1.1817          -1.06358
          -2.66211           1.61676         -0.786986
          -2.46123           1.98429         -0.818891
          -2.64316           1.99089         -0.884608
          -2.24203           1.59341         -0.371072
          -2.09428           1.91455          0.113992
          -2.08212            2.6762        -0.0121353
          -2.25242           2.98749         -0.698263
          -1.81699           2.87931         -0.934045
          -1.87971           -2.7744         -0.971371
          -1.75682          -2.45012         -0.869371
          -1.84318          -1.70933         -0.995408
          -1.94042         -0.903948         -0.462632
          -1.54442         -0.844689         -0.378036
          -1.59763         -0.913912         -0.738628
           -1.8121         -0.452859          -1.01554
          -1.46161         -0.768841           -1.0853
          -1.06059          -0.90578           -1.0534
         -0.224984          -1.15444          -1.39781
         0.0724328          -1.47447          -1.49119
         0.0426765          -1.69526          -1.41324
          0.695845          -1.97977          -1.26517
           1.24099          -1.85573          -1.94086
            1.7338          -2.00549          -2.08988
           1.81721          -1.78008          -2.24231
           2.05544          -1.62455          -1.96152
           2.09553          -1.20488          -2.29553
            2.0003         -0.763472          -2.45835
           1.70626          -0.61347           -2.5543
           1.72044          -1.11116          -2.85614
           1.05835          -1.48838          -2.64006
          0.713272          -1.70714          -2.80922
           1.09271          -1.72638           2.86401
           1.18961          -2.10018            2.9787
            1.5857          -1.91718           2.53024
           1.84331          -1.53566           2.66762
           2.36818          -1.54268           2.47068
           2.50367          -1.59649           2.31763
           1.95915          -1.36181            2.3167
           1.36083         -0.775062           2.05882
           1.24934         -0.457435           1.74753
            1.0444        -0.0350021           1.49537
          0.997147          0.640173           1.00905
           1.02907          0.957243           1.33948
           1.07907           1.25988           1.16514
          0.855716           1.33158           1.14758
          0.247149           1.60439           1.29667
        -0.0859269           2.21515           1.18581
         -0.572918           2.13842           1.43534
         -0.990564            2.4418           1.37614
          -1.19912           2.70086           1.20806
          -1.64427           2.76851           1.07947
          -1.78143           2.62102           1.01123
          -1.72656           2.24615          0.459121
          -2.12229           1.90607       -0.00564652
          -2.27259           1.02743         -0.423425
          -2.42231           1.34024         -0.862251
          -2.34321           1.90826          -1.17329
          -2.73899           2.27468          -1.43819
           3.09893           2.53672          -1.31538
          -2.96904           3.01269          -1.21888
          -2.59713          -3.03903           -1.3326
          -2.89877          -2.78107          -1.64449
            2.8931          -2.16691          -1.59122
           2.27761          -2.10485          -1.49577
           2.19872          -1.85316           -1.8241
           1.82298          -2.16414          -1.99521
           1.84705          -2.12382          -2.10013
           1.63864           -2.8323          -1.84416
           1.09921           3.13665           -1.9168
            1.1802           3.05803          -1.46542
           1.47841          -3.04764          -1.41719
          0.938393          -2.70551           -1.6764
          0.529581          -2.67254          -1.40188
          -0.15087          -2.67209          -1.18757
         -0.710402          -2.19108          -1.00614
          -1.20822          -1.87521          -1.11237
           1.57798          -3.11213          -1.23832
           1.79749          -3.03998           -1.4406
           2.02983            -2.922          -1.83274
           2.18049          -3.05984           -1.9605
           2.04095           3.05142          -1.78526
            2.6272           3.06237          -1.57491
           2.65298           2.75751          -1.15212
           2.64573           2.65601          -1.23286
            2.8068           3.01154          -1.14781
           -3.1174           -2.5749          -1.14502
          -2.98352          -1.99547          -1.06442
          -2.68353           -1.4107          -1.30758
          -2.27572          -1.59229          -1.02641
          -1.90342          -1.73623         -0.628289
          -1.53331          -1.74041         -0.819592
          -1.68613          -1.75187           -1.2062
          -1.85622          -1.42018          -1.08061
          -2.31534         -0.961133          -1.20254
          -2.36295         -0.927469          -1.20695
          -2.48012          -1.38936           -1.6648
          -2.25482          -1.79262          -1.57667
          -1.68303          -1.80076          -1.53908
          -1.66529          -2.26642          -1.52182
          -1.46842           3.09485          -1.45757
          -1.64226           3.12481         -0.875328
          -1.72556          -2.62935         -0.423261
          -2.15224          -2.35473         -0.534506
          -2.26641          -2.10831         -0.544177
          -2.67731            -2.309         -0.602525
          -3.05457          -2.45179         -0.612936
           2.97418          -2.14715         -0.579705
           2.66935          -2.45489         -0.798972
           2.86113          -2.80446          -0.78313
           2.90667           3.01731         -0.718443
           3.11234           2.88671         -0.747041
           -2.8729           2.68239         -0.371314
          -2.08646           2.58467       -0.00847734
          -2.14291           2.75906          0.416321
          -2.25442           2.94841          0.668466
          -2.01425            3.0205           0.84532
          -1.82106           2.89896          0.766173
          -1.59206           3.05438          0.866512
          -1.25617           2.99731           1.04407
          -1.34838           2.75463           1.14499
          -1.17522           3.09541           1.26697
         -0.847914           3.12694            1.4549
         -0.523707           2.97024           1.40062
         -0.563996           3.13234            1.2212
         -0.107026          -3.03862          0.932444
         -0.121767          -3.01092          0.651569
         -0.251171          -2.37943          0.238141
         -0.251823          -1.61443         -0.632212
         -0.475478          -1.35395          -1.41584
         -0.189165         -0.629526          -2.11793
         0.0914869        -0.0756484          -2.88578
          0.572931          0.469171           2.81839
          0.750575          0.853248           2.08862
           1.28623           1.02299           1.51913
           1.44283           1.39177          0.880685
           1.41101           1.44542          0.460383
           1.43452           1.44547         0.0123426
          0.909663           1.43606          -0.24292
          0.710767           1.53701          -1.10628
          0.552943           1.38376          -1.76938
        -0.0545718           1.28767          -1.68163
          -1.09021           1.65511            -2.295
          -1.54096           1.72239          -2.54945
          -2.18617           2.04689            -2.832
          -2.15528           2.38904          -2.85183
          -2.53967           2.29581          -2.73186
          -3.02094           2.29911          -2.55619
          -2.95653           2.25259          -2.47634
           3.02926           1.63852          -2.75778
            2.3204           1.32361          -2.55318
           1.72928           1.11808          -2.19247
            1.3482          0.941028          -2.03683
           1.39943          0.978357          -1.74449
           1.47437           1.19287          -1.38404
           1.01511           1.19601          -1.18637
           1.23169           1.15599         -0.898974
           1.39462          0.890986          -0.52946
           1.85678          0.632355          -0.30747
           2.67951          0.193611         -0.158485
           2.97626         -0.118106         -0.120994
           2.86515         -0.227858         -0.265634
           2.75629         0.0108988         -0.396892
           3.09465          0.262921         -0.371937
            3.0265          0.779284         0.0571267
           2.89205          0.797489          0.476131
          -3.08066           0.65912          0.776035
           3.10508          0.910014          0.836369
           2.98651           1.58272           1.41139
           2.53796           2.09841           2.30115
           2.50611           2.48513           2.91653
           2.49004           2.15044          -3.06541
           2.38566           2.07978           -2.4687
           2.26535           1.97004          -2.33321
            2.5678           2.11704          -1.66367
            3.0567           2.29053          -1.04747
          -2.73888           2.34654         -0.802997
          -2.55973           2.10968         -0.530062
          -2.40073           1.98062         -0.813445
           -1.8696           1.85034         -0.956443
          -1.26938           1.60251          -1.16002
         -0.993378           1.03125          -1.39964
         -0.548036          0.823089          -2.15036
         -0.115474          0.847972          -2.03029
          0.183238          0.966096          -1.78671
          0.574351          0.919784           -1.2803
          0.589968          0.694423         -0.879225
          0.628602          0.204148         -0.819774
          0.919742         -0.638773          -1.11042
           1.42313          -1.04877          -0.88799
            2.5855          -2.02184         -0.589105
           3.05101          -2.14498         -0.554749
          -2.89072          -1.97362         -0.269455
          -2.34311          -2.12759         -0.039701
          -2.39819          -2.17044          0.724193
          -1.89085           -2.2955          0.886128
          -1.83891          -2.58999           1.13839
          -2.04667          -2.89325           1.06175
          -2.25785           2.87017           1.26391
          -2.75109           2.61158           1.64816
          -2.71402           2.15716           1.98382
          -2.59739           1.91013           2.40847
          -2.52205           1.48614           3.02117
          -2.32004           1.46811          -3.11455
          -2.51422          0.983233           2.92625
          -2.99625          0.637633           2.68878
          -2.94467          0.730623           3.04932
          -3.09294          0.498999           3.09219
           2.86183          0.229487           3.01557
           2.40036        -0.0772831          -3.13544
           2.55073         -0.190516          -2.53433
           2.76131          -1.07711          -2.54027
           2.69577          -1.21038          -2.20879
           2.41889          -1.85605          -2.13858
            2.5491          -2.40478          -2.01374
           2.32574          -2.93513          -2.10941
           2.07697          -2.97326          -2.84863
           1.89535           -2.8453           2.62864
           1.27449          -3.04537           2.63533
           0.39532           2.38817           2.24721
         -0.102559           2.12533           2.06993
         -0.456028           2.20322           2.06572
         -0.746931           2.23956           1.33298
           -1.1214           2.49673           1.06302
          -1.68487           2.65967           0.63744
          -1.97908          -2.87137          0.220182
          -2.05121          -2.10515        -0.0188072
          -1.79498          -1.74258        -0.0967774
          -1.82952          -1.59817         -0.126956
          -1.86875          -1.69949         -0.625798
          -1.47293          -1.53213          -1.21035
          -1.04676          -1.83887          -1.61343
          -1.05519           -2.1528           -1.7509
           -1.3813          -2.04003          -1.97516
          -1.73598          -1.56595          -1.72594
          -1.76709           -1.2879          -1.87299
          -1.50723          -1.07651          -2.23665
          -1.57144         -0.896198          -1.78157
          -1.47673         -0.121255          -1.76536
           -1.6214          0.709128          -1.86169
          -1.96031           1.29657          -2.05337
          -2.58428           2.25196          -1.88449
          -2.90997           3.09736          -1.68395
          -2.88947           3.07805          -1.44894
          -2.51091           3.12902          -1.15369
          -2.42948          -2.63727          -1.34596
          -2.67853          -2.63693          -1.47501
          -2.98286          -2.23962          -1.68035
           2.92232          -2.06579          -1.40874
           2.77429          -2.04719          -1.30318
           2.44747          -2.01857          -1.30366
           2.06783          -1.92575           -1.3309
           1.78325          -2.04539         -0.924182
           1.67904          -1.89214         -0.486631
           1.15768          -2.05361         -0.424116
           1.34365          -2.17969         -0.341445
           1.05341          -2.76974         0.0679838
           1.34923          -2.86904          0.246602
           1.19981           -3.0609        -0.0427613
           1.14684          -3.07238          -0.14451
           1.39992           2.73473         0.0102264
           1.61953           2.42189         -0.163255
           1.80427           2.83203         -0.505793
           1.65041           -2.9164         -0.827842
           1.27049          -2.32165          -1.42896
            1.4268          -2.64984          -1.66292
           0.92483          -2.66648          -1.77409
            0.8014          -2.43395          -1.61033
         0.0136075          -2.26362          -1.47703
         -0.371351          -2.04849          -2.10135
         -0.682033          -1.45482          -2.49003
          -1.15422          -1.09288           3.02664
          -1.36386         -0.466628           2.56356
          -1.52548         -0.105397           2.03638
          -1.96011          0.332805           1.95711
          -2.28347          0.732808            1.7461
           -2.6381          0.403418           2.00539
           3.07026          0.125974           1.90267
           2.63819          0.177748           1.65591
           1.83694         0.0890114           1.93343
           1.59672          -0.21066           1.85555
           1.42579          -0.23347           1.71098
           1.74423         -0.127322           1.36711
           1.42566          0.236477           1.16384
           1.50639         0.0526825           1.28522
           1.34064          0.368203           1.42867
           1.28568          0.231165           1.71771
           1.06591          0.321021            1.9975
           1.21897          0.483173           2.31826
            1.6522           0.51124           2.61588
           2.03414          0.998667           2.73045
           2.28532           1.29462            2.7567
           2.06733            1.7053           2.66957
            1.4055           2.08857           2.49043
           0.90945           2.64815           2.26665
          0.596637           2.82904           2.43997
          0.880887          -2.59326           2.79694
          0.910307          -2.05796           2.96621
          0.637106          -1.89605          -2.79659
          0.673039          -1.52744          -2.28683
          0.850801           -1.3915          -2.09407
          0.854001          -1.45381          -1.69903
             1.174          -1.77916          -1.54685
          0.827221          -1.56429          -1.21578
          0.709663          -1.06931           -1.1139
          0.550763          -0.66387         -0.929547
          0.225062         -0.214824          -0.54931
         0.0824203          0.672605         -0.597854
         0.0489905           1.38183          -1.24758
           0.35793           1.71043          -1.74719
          0.956314           1.56892           -2.0081
           1.59472           1.25254          -2.43925
           2.24257           1.02335          -1.94994
            2.0263          0.868071          -2.01134
           2.29467          0.189704          -1.47042
           2.19522        -0.0446928          -1.54989
            2.0308         -0.122877           -1.8436
           2.12578         -0.585298          -2.45305
           1.54802         -0.641651           3.13462
           1.34971         -0.347763           2.66828
           1.52627          0.405432           2.65475
           2.07432          0.991532           3.07874
            2.6201            1.0051          -2.85681
           3.13265           1.39363          -2.54878
           -2.6687           2.22359          -2.32056
          -2.28873           2.86426          -2.19972
           -1.7975          -2.81247          -1.48262
           -1.6859          -2.11454         -0.393841
          -1.75925          -1.84736          0.225509
          -1.73985          -1.77406          0.938894
           -1.7335          -1.88873           1.46144
          -1.29593          -2.00866           1.29093
          -1.03055          -1.92399           1.09815
         -0.770438          -1.56016           1.18936
         -0.910829          -1.37963           1.05964
         -0.625627          -1.19383          0.831213
         -0.522617         -0.859746          0.393613
         -0.879117          -1.26863          0.823398
         -0.845053          -1.19605           1.12033
          -1.09594          -1.27695           1.14841
          -1.76822          -1.40316           1.09739
          -2.03265           -1.5346            1.3402
          -2.04646          -1.10855           1.53884
          -2.40213         -0.714982           1.74008
           -2.8255         -0.440111           2.06791
          -2.88033         -0.227473           1.84475
          -2.63314         -0.310778           2.30091
          -2.12568          0.411493           2.37906
          -2.18067          0.448623           2.21411
           -2.5889         -0.119404            2.7366
           -3.1219          -0.54388          -3.09584
           2.76916         -0.571719          -3.02562
           2.44238          -1.05105          -2.67639
           1.98792          -1.87816          -3.10743
           2.04214          -2.20745           2.82944
           2.31282           -2.5758           2.78197
           1.93021          -3.05406           2.86877
           1.93732          -3.04491          -2.98302
           1.74828           3.08798          -2.83503
           1.79568          -2.95241          -2.35827
           1.99711            -3.047          -1.82946
           1.87437           2.94318          -2.04818
           1.87129           2.80927          -2.08436
           1.68841           3.08745          -2.00992
           1.58677           3.05355           -2.1546
           2.22687          -3.12155           -2.1269
          -3.13738             3.132          -1.93779
          -2.87985            2.6652          -1.73988
          -2.24434           2.43669          -1.74596
          -2.02891           2.50209          -1.36801
          -1.57717            2.7295         -0.932655
          -1.29898           2.78268         -0.280485
         -0.969444           1.98843          0.333302
         -0.888404           1.75294          0.376343
         -0.905304           1.89608         -0.106851
          -1.04984           2.17623        -0.0811329
         -0.767273           2.79291          0.211291
         -0.473493           2.94908          0.595437
         -0.549694          -3.09036          0.328161
          -0.54913          -2.74614          0.274657
         -0.549032          -2.31386          0.488989
         -0.625759          -1.88339          0.873656
         -0.937552          -1.62284           1.28961
         -0.311955          -1.85215           1.74407
          0.356791          -2.11795           1.68569
          0.951663          -2.72627            1.5092
           1.76378          -3.06621           1.67853
           1.98891           2.80381            1.5948
           1.68237           2.61469           1.64996
           1.52122           2.57809           1.74937
           1.97777           2.31543           2.08542
           2.45224           1.67464           2.72216
           2.81934           1.48335           2.67119
           3.13238           1.29924           2.84681
          -3.07891          0.839606           2.77364
          -2.75615          0.140462           2.58869
          -2.36657        -0.0560802           2.57332
          -2.02915         0.0576472           2.85132
          -2.40127        -0.0264508           3.11375
          -2.61621         -0.486262          -2.92467
          -3.10976          -1.01232          -2.98199
           2.74121          -1.34042          -2.91117
           2.82949          -1.78919          -2.81951
            2.7632          -2.29939          -3.04619
            2.6765          -2.79853          -2.86841
           2.54781           -2.8349          -2.93214
           2.53748          -3.05765           3.09891
           2.61108           2.87888           2.87213
           2.77925           2.56466           2.61343
           2.74054           2.55762           2.76379
           2.96913           1.90182           3.03317
           2.81214           1.71336          -2.96586
           2.51998           1.47327          -3.04283
           2.74584           1.41882          -3.05456
           2.78626           1.01579          -3.02121
           2.32712           1.07295          -2.57045
           2.25049          0.703205          -2.46689
             1.934          0.126908          -2.61633
           1.64692         0.0526945           -3.0613
           1.31246         -0.395429           2.73766
           1.49014         -0.622703           2.66419
           1.14609         -0.395528           2.24257
          0.869656         -0.128625           1.79273
           1.31388         -0.147589           1.71134
           1.44828         0.0389344           1.17791
          0.821262         -0.490736           1.21422
          0.808053          -0.94066           1.21907
          0.225314          -1.29584          0.636392
          0.203712          -1.90653          -0.12116
          0.207459          -1.96756         -0.407181
          0.141668          -2.25089          -1.11909
          0.533791          -2.71099          -1.57702
          0.782467           3.07373          -2.29157
           0.72625            3.0828          -2.64055
          0.668999           2.84219          -3.04847
          0.848941           2.82015           2.83719
           1.18297           2.61061           2.58511
           1.34149           2.77849           2.41285
           1.61498          -3.03882           2.45879
           1.43228          -2.49526           2.36265
           1.30854          -2.21547           2.09112
            1.1418          -2.49463            1.8167
          0.905942          -2.17527           1.74671
           0.87548          -2.36842          0.991535
           0.89079           -2.4023          0.943373
           1.08818          -2.46203          0.126055
           1.27641          -2.46168         -0.194767
            1.2675          -2.62373         -0.434213
           1.16622          -2.74415         -0.836893
           1.49872          -2.13559         -0.903814
           1.16062          -2.43121          -1.37392
          -3.03055           1.11624         -0.331197
           -3.0662           1.05352         -0.460946
          -2.86218            1.0308          -1.20264
          -2.40759           1.34446          -1.23433
          -2.17893           1.16877          -1.41226
           -2.0823           1.02259          -1.67745
          -1.68615          0.673573          -1.67028
          -1.72571          0.374037          -1.64221
          -1.79222          0.473398          -1.52689
          -1.59801          0.660898          -1.18615
          -1.77198          0.647175          -1.07833
          -1.61475          0.886952         -0.964739
          -1.26366           1.11295          -1.03797
         -0.911123           1.50639         -0.644113
          -0.82852           1.98439         -0.854013
          -0.94601           2.69569          -0.29112
          -1.31175           3.06268          -0.09971
          -1.30844          -3.04246          0.787756
           -1.1704          -2.79497          0.703277
          -1.37745          -2.61617          0.587481
          -1.65853           -2.3973          0.699199
          -1.21457          -2.40387          0.892303
          -1.10126           -1.8968          0.676586
         -0.958802          -1.31925            1.0334
          -1.02751           -0.9416           1.30022
          -1.31309         -0.651939           1.55531
          -1.66482         -0.580166           1.79809
          -1.88813         -0.592227           2.16726
          -2.30306         -0.278955           2.12024
          -2.44631         -0.178655           2.08752
          -2.35049          0.289915           1.76586
          -2.63824          0.784474           2.04639
          -2.60675           1.27984           1.87145
          -2.96313           1.93919           1.15179
           3.07422           2.72601          0.876286
           3.11597          -3.10691          0.595236
          -3.02625          -2.81526          0.114854
           3.04239          -2.34869         -0.416205
          -3.04836          -2.38045         -0.869892
          -2.76685          -2.37442          -1.67168
          -2.89523          -2.32558          -2.22863
          -2.69808          -2.81781          -2.53344
          -2.82676          -2.72115          -2.91358
           2.93842          -2.93337           2.76129
           3.06825          -2.64771           2.73716
           2.65363          -2.52998           2.74237
           2.03473          -2.31528           2.72893
           1.83475          -2.42646           2.64191
           1.50673          -2.26652           2.58301
           1.41219          -2.28643           2.31574
           1.29547          -2.47602           2.10466
           1.06995          -2.59678           2.52067
          0.608772          -2.67449           2.49919
          0.634952          -2.96861           2.40373
          0.452324            3.0646             2.419
          0.152793          -3.12834           2.03656
         -0.029125           3.04608           1.75194
         -0.174032          -3.04918           1.17968
         -0.222606          -2.97525            1.0579
         -0.147329          -3.13077           0.84502
         -0.515382          -3.06658          0.958615
         -0.784041           2.57479           1.18742
           -0.8238           2.56901           1.09743
         -0.814546           2.62187           1.33989
         -0.815646           2.45773           1.91724
          -1.45587           2.73276           2.00348
          -2.19968          -3.12037           2.81895
          -3.00136          -2.94275          -3.09148
          -2.87702          -3.13028          -2.71284
          -2.91038           2.88018          -2.66791
          -2.74994           3.12987          -2.36335
          -2.33735           2.88132          -2.04347
           -1.9223           2.56011          -1.93298
          -1.75508           2.84311          -1.86763
          -1.50923           -3.0587          -1.34321
            -1.458          -2.67548         -0.942989
          -1.64652          -2.46822         -0.477944
          -1.61536          -3.00433         0.0465823
          -1.21377           2.95679          0.268792
          -1.32853           2.86785          0.589046
         -0.767481           2.59602          0.899194
         -0.583484           2.96202           1.49826
         -0.382333          -2.85681           1.52437
         -0.492971          -2.93681           1.18584
         -0.259372          -2.56923             1.138
         -0.379324          -3.00003           1.32935
          -1.17884           2.59655           1.69188
          -1.60608           1.95213           1.86944
           -2.2389           1.25128           1.63999
           3.03084          0.767973           1.54776
           2.03675          0.493088           1.45237
           1.24321          0.421947           1.11535
          0.748107          0.645974          0.833925
           0.44265          0.815484          0.885485
          0.261999           1.00158           1.23513
         -0.123181           1.25137            1.9877
          0.294145           1.54455           2.04409
          0.238131            2.3263           2.37007
          0.108511           2.24968           2.86111
         -0.442154           2.27666          -3.05475
         -0.516091           2.64407           3.09188
         -0.360569           3.03991          -2.89588
         -0.647855           2.72426          -2.47602
          -1.09053           2.27383          -1.89504
          -1.22613           1.84085          -1.10474
          -1.21995           1.44159          -1.35346
          -1.32824           1.10935          -1.68088
            -1.191           1.36854          -1.79354
          -1.23516           1.63135          -1.75436
           -1.2644           1.63986          -1.76533
          -1.51868           1.43159          -1.62227
          -1.66433          0.906779           -1.9661
          -2.07586           0.63979          -1.84036
           -2.5817          0.654293          -1.81334
          -2.70724           1.27569          -2.04578
          -2.84314           1.05455          -2.19159
           2.75078          0.561118            -2.106
           2.80517          0.222886           -1.9736
            2.7672          0.501895          -1.98516
           2.18156          0.819778          -2.02581
           1.42735          0.854975          -1.77156
           1.02371            1.4596          -1.49492
          0.655503           1.27832          -1.29503
       -0.00485404           1.16296          -1.69658
          -0.35176           1.42506          -1.65665
         -0.586296           1.23145          -1.96208
         -0.864943           1.58936          -1.92285
         -0.419287             2.251          -1.68844
         -0.209826           2.32832          -1.81237
          -0.29813           2.14253          -2.09909
         -0.418166           2.10853          -2.30177
         -0.533508            1.9067          -1.92848
         -0.641252           1.95082          -1.53981
         -0.801257           1.62285          -1.92902
         -0.695471           1.40569          -2.05245
         -0.468604           1.41543          -2.40203
         0.0697884           1.67582          -2.50831
         -0.489493           1.25463          -2.50606
         -0.144345           1.23568          -2.63209
          0.147528           1.46748          -2.66726
          0.779109           1.48953          -2.89954
           1.12933           1.29172           3.08265
           1.31197          0.928959           -2.7717
           1.63589          0.569369           -2.4566
           2.14893          0.515629          -2.38909
           2.65741          0.204578          -2.36646
          -3.11881         0.0644435          -1.87171
          -2.73218         0.0204778          -1.12765
          -2.47861         -0.518108          -0.81925
          -2.00303          -1.20469         -0.699708
          -1.48503          -1.64091         -0.537135
         -0.456381          -2.14255        -0.0495517
          0.122614          -2.80228         -0.246958
          0.399494           3.06388         -0.143681
          0.584725           2.76978         -0.162342
          0.575261           1.93391          0.234629
          0.793635           1.58175          0.443857
           1.26015           1.33558          0.932398
           1.17988          0.675883           1.51384
            1.6895          0.184208           1.25845
           1.87193         -0.287523          0.730373
           2.12713         -0.959182          0.904253
            2.6718          -1.16205           1.04037
           3.07898          -1.19925          0.747578
          -2.69898           -1.2151          0.117059
          -2.17137          -1.61014         -0.141235
          -1.98599             -1.81         -0.616712
           -1.9224          -1.82596          -1.20863
          -1.49023          -1.75318          -1.02668
          -1.42772          -2.07012         -0.995464
           -1.8421           -2.3608          -1.34388
          -1.57372          -1.69476          -1.61175
          -1.22186          -1.56234          -2.32068
         -0.728962          -1.47221          -2.82401
         -0.249933            -1.398           2.94999
          0.445657          -1.03634           2.66235
           1.35892          -1.33511            2.6292
           1.82074          -1.06188            2.2917
           2.08162          -1.28461           2.32524
           2.21219          -1.18389           1.86333
           2.16516          -1.14461           1.34933
           2.04591           -0.5364           1.05324
           2.23971         0.0762036           1.24245
           2.49222          0.384191           1.00368
           2.78401          0.838592          0.573235
          -3.02544          0.738172          0.498348
          -3.04371           1.09154         -0.150427
          -2.90363          0.208845          -2.62767
          -3.07953        -0.0769404          -2.16156
          -2.75888         -0.146248          -2.09477
          -3.05481         -0.441425          -1.78928
          -3.06575         -0.230655           -1.9219
          -2.88467          0.507483          -2.26779
          -3.03529          0.426365          -2.33078
           2.76232          0.122669          -2.45337
           2.42577          0.140614          -2.69348
           2.57929          0.362486           3.01374
           2.92301          0.838354            2.5497
           3.09158           1.05821           2.56694
            -3.003           1.08561           3.10814
          -3.03449           1.45843           -3.0728
          -2.46829           1.04748          -3.02783
           -1.7451           0.79156          -2.89712
           -1.0661          0.959994          -2.50295
          -1.45854           1.31251          -2.18582
          -1.00227           1.58919          -2.29378
         -0.857238           1.82708          -2.17891
         -0.905579            2.1131          -2.13573
          -1.07402           2.48297          -2.38423
          -1.22302           2.74564          -2.53866
          -1.30683          -3.09268          -2.63976
          -1.44812          -2.83929          -2.67206
           -1.3721          -2.47324          -2.65033
          -1.72371          -1.97368          -2.53121
          -1.63949           -1.5636          -2.51623
          -1.80087          -1.19272          -2.78522
          -1.31622         -0.400539          -2.71133
          -1.51108          0.337067          -2.89525
          -2.23892          0.296688          -2.92196
          -2.60373          0.701672          -2.69656
          -2.67507          0.512098          -2.81427
          -2.43416          0.371458          -1.78761
          -2.25981         0.0067406           -1.6534
          -2.53139            0.5352          -1.16086
          -3.02238          0.659724         -0.693037
          -2.87596          0.857386         -0.485207
          -2.78684          0.982833         -0.100127
           -2.7649           1.20677        -0.0652393
          -3.07398           1.44444          0.882307
          -2.89129           1.59548           1.90452
          -2.66844           1.91176           2.21758
          -2.49422           2.26565           2.63859
          -2.25227           2.50573           -2.7454
          -1.98545           2.70415          -2.48669
          -1.34762          -3.01643          -2.57992
         -0.547084          -2.52076          -2.62974
          0.284593          -1.98908          -2.64413
          0.328432          -1.88325          -2.72118
         0.0937822          -1.88432          -2.94952
          0.346241          -1.77278          -3.10581
          0.658552          -1.44826           2.83474
           1.09524          -1.01289            3.0077
           1.50833          -1.05499          -3.08993
           1.50963         -0.652962          -3.06341
           1.66145          0.111044          -2.85025
            1.1715        -0.0129988          -2.52171
           1.29989        0.00586385          -2.08294
           0.84282         0.0395412          -2.05604
          0.683097         -0.182216          -1.65307
          0.720067         0.0663831           -1.3138
         0.0620273          0.315851          -1.41838
        -0.0615121          0.318895          -1.44099
        0.00330242          0.433003           -1.3354
         0.0760402           0.24974           -1.2274
          0.181387        -0.0227084         -0.968717
         -0.417673         -0.169875         -0.563795
         -0.406836         -0.579279        -0.0302328
         -0.726518         -0.909885          0.735208
         -0.633657          -1.36049          0.730134
          -0.32401          -1.57978          0.497122
         -0.210145          -2.07224          0.201494
        -0.0230449          -2.35764          0.351256
          0.564988          -2.90755         0.0199537
           1.04228          -3.03414         -0.406827
           1.37369          -2.74827         -0.959441
           1.54812          -2.73713          -1.31136
           1.80537           -2.7502          -1.76133
           1.63009          -2.89831          -2.10701
            1.9375          -2.92439           -2.3133
            1.8481           3.05697           -2.5654
           2.00975           3.14028          -2.77546
           2.01916          -3.13493          -2.52621
           2.23207           3.12728          -2.60721
           2.73571           2.70218          -2.84145
           3.12214           2.26257           2.74946
          -3.10674           2.02296           1.68966
           3.07703            2.4408           1.05382
          -3.11723           2.71212          0.738304
           3.00288          -3.08473          0.622866
           2.74757           2.98066          0.696898
           2.93233           2.99398            0.8021
           2.65482           3.09107           1.23098
           2.58172           2.92102           1.73395
           2.16086          -2.95896           2.15877
           2.10818          -2.81419            2.1404
            1.8997          -2.40774           1.84963
           2.20526          -2.35133           1.47526
            2.0259          -2.59685           1.71011
           1.86509           -3.0101           1.62962
           1.61659           2.76505           1.52515
            1.8907           2.70654           1.59452
           2.31788           2.60069           1.92437
           2.87378           1.94889           2.01789
           2.65145           1.33005              1.82
           2.63527           1.02112           1.73892
           2.35033          0.991793           2.18447
           2.22191          0.569885           2.10378
           2.09081          0.206431           1.39891
           2.68726         -0.182082          0.879832
           2.64487         -0.177012          0.398125
           3.06547         -0.155615          0.056775
           3.14157         -0.521807         -0.640972
          -3.02311         -0.366729         -0.880209
          -2.62442          -0.12464          -1.08807
          -2.19337          0.240373          -1.34695
          -2.25905         0.0628771          -1.44634
          -2.26491         -0.939466          -2.11314
          -2.09397          -1.65893          -2.59045
          -1.35737          -2.43712           2.69758
          -1.14775           2.93934           2.64139
         -0.798845           2.52715           2.36661
         -0.538363           2.12338           2.68672
         -0.452607           2.08217          -3.04533
         -0.496805           2.53909          -2.86813
         -0.606938           2.20959          -3.05248
         -0.588127           1.17756          -2.91805
         -0.527598          0.573528           -2.8266
         -0.920839          0.116465          -2.45557
          -1.02237          0.228289          -2.37084
           -1.3711         -0.212331          -2.70121
           -1.2585         -0.688543          -2.48223
          -1.29851          -1.26007          -2.28421
         -0.970409          -1.69089          -2.35921
         -0.201089          -1.84881          -2.38538
         -0.132447          -1.82706          -2.25771
         -0.225977           -1.7393          -2.43875
         -0.156325          -1.76996          -2.37369
          0.296391          -1.83074           -2.2634
          0.415875          -1.37389           -2.1471
          0.258348          -1.50437          -2.16279
           0.40044          -2.20983          -2.02491
          0.262682          -2.20518          -2.13449
          0.563885           -2.6662          -2.29199
          0.794165          -2.58223           -2.1736
          0.812634          -2.20193           -2.3069
             1.169          -2.05078           -2.5403
           1.27306          -1.89009           -2.7739
           1.53258          -1.78367          -2.86862
           1.63152          -1.64737          -2.91824
           1.06387          -1.84941           -2.8265
          0.659421          -2.41654          -2.47478
          0.410409          -2.06713          -2.12405
         0.0827608          -2.05152          -2.17233
          -0.25978          -1.70156          -2.10756
         -0.746659          -1.50958          -1.78055
           -1.2031          -1.52327          -1.36786
          -1.65134          -1.20506          -1.19666
          -1.88628         -0.933237         -0.904028
          -2.38561         -0.276999         -0.247904
          -3.01166         0.0677673          0.549227
          -2.80317          0.768953          0.360238
          -2.90852            1.0655           0.37205
          -2.65373           1.61252          0.586942
          -2.51005           1.61554          0.444784
          -2.47761           1.43549          0.320188
           3.13811           1.08912         -0.192304
           2.92313          0.609418          -0.94059
           2.48176          0.393632          -1.47257
           1.96705          0.297726           -1.8075
           1.72081          0.265566          -2.21943
           1.37656           0.12601          -2.21689
          0.366468         -0.266228           -1.8645
         -0.616526         -0.890231          -1.82037
         -0.755355          -1.66805           -1.9755
          -1.35816          -1.86292          -2.08003
          -1.83976          -1.62759          -2.11471
          -1.83638          -1.36541          -2.35563
          -1.70065         -0.953459          -2.44641
          -1.65963         -0.719595          -2.69685
          -1.76058         -0.639373          -2.45083
          -1.96126         0.0600889          -2.38703
          -2.45823         0.0281304          -2.41479
          -2.92971          0.182187          -2.56278
          -2.88152          0.325574          -2.72762
           1.24768         -0.211844          -2.20073
           1.66781         -0.509726          -1.72996
           1.11405         -0.389841          -1.08905
            1.0307         -0.273891          -1.36741
           1.02803         -0.247647          -1.87404
           1.05189          -0.45221          -2.32272
          0.763701         -0.217631          -2.66793
          0.378821         -0.268717           3.01286
          0.353317         0.0998762           2.37329
          0.356724           0.46653           2.19064
          0.651431          0.600481           1.82439
          0.431356           1.57054           1.96578
          0.101678           2.12601           2.10844
          0.191896           2.13422           2.35623
        -0.0749672            1.8848           2.90545
          0.300539            2.1444           3.05155
          0.426533           2.15306          -2.59464
          0.672909           2.15217           -2.4169
            1.0023           2.14042           -2.4392
          0.981162           2.34343          -1.97248
           1.01148           2.52292          -1.91825
          0.874582           2.38918          -1.62815
           1.31579           2.87725          -1.00223
           1.41122          -2.98818         -0.336232
           1.61888          -2.45201          0.133394
           1.63896          -2.21988         -0.114337
           1.35972           -1.5118         -0.370357
           0.90264         -0.843449         -0.759468
         -0.102247         -0.526488          -0.70867
         -0.586869          0.136768         -0.533115
         -0.704673          0.816495         -0.696879
         -0.151713           1.41937         -0.792661
         -0.239823             1.817          -1.03873
         -0.468602           2.07074          -1.78839
         -0.875423           2.09514          -2.14679
          -1.50398           2.03326          -2.16337
          -2.15104           2.01735           3.06614
          -2.41816           2.37525           2.50799
          -2.45971           2.37384           2.20757
            -2.547           2.88332           2.47786
            -3.123            3.1142           2.66155
           2.90172           2.88941           2.89056
           2.83109           2.61022           2.36798
           2.73356           2.34658           2.13097
           2.53667            2.6451           2.57715
           1.96832           2.60478           2.86154
           1.77958           2.72072          -2.72936
           1.84768           3.06618          -2.37422
           1.63903           3.06848          -2.09878
           1.58084          -3.11045          -1.26549
           1.78361          -3.05732         -0.424671
           1.62424           3.00062          0.146598
           1.55347           2.83082          0.664648
           1.55677           2.74164           1.30758
           1.29964           2.63529           1.33209
           1.03908           2.40514           1.18547
          0.647909           2.16007           1.03298
          0.317741           2.31399          0.706385
         -0.488165           2.26552          0.199946
         -0.844485           2.58503          0.229175
         -0.970061          -2.97471          0.176545
         -0.714267          -2.87819         0.0277434
         -0.809776          -2.82973          0.114989
           -1.3225          -2.33945          0.173107
          -1.41791          -1.92075          0.306044
         -0.930655          -2.04814          0.284319
          -1.04342          -2.19682          0.241696
          -1.13333          -2.43706          0.129775
          -1.13152          -2.47904          0.301772
          -1.15445          -2.72457          0.553104
          -1.25043          -2.46573           1.14578
          -1.35933          -2.14187           1.67859
         -0.854309          -1.83727           2.06267
         -0.657568          -2.03956           2.48666
         -0.513584          -2.09531           2.83446
         -0.190881          -2.04148           2.79795
          0.180522          -1.41787           2.88642
          0.858943            -1.416          -3.10349
          0.304849          -1.04121           3.13287
          0.312343         -0.360965          -2.87011
         0.0240051         -0.678177          -2.27238
         -0.304158         -0.969839          -2.13407
         -0.695373         -0.646204          -2.07578
         -0.715321         -0.750996          -1.98025
         -0.879204         -0.247944          -1.51838
          -1.16219         -0.163515          -1.05114
         -0.917138         -0.353626          -0.76723
         -0.833642         -0.554364         -0.568371
         -0.993274          -1.53079         -0.686316
          -1.10913          -1.75417          -1.23574
           -1.2786          -1.67689         -0.988593
          -1.00199          -1.33271         -0.963374
          -0.69285          -1.09341         -0.609029
          0.398109          -1.01324         0.0507804
           1.02793          -1.26331        -0.0229381
           1.21147          -1.40629         -0.109482
           2.02591          -1.55655           0.39495
           2.23494           -1.5999          0.830779
            2.0472          -1.70938          0.934851
           2.06354          -1.72204          0.911517
           2.45527           -1.4909          0.885536
           2.19067          -1.15872          0.976634
           2.23656          -1.05826          0.854691
            2.7753         -0.918343          0.155166
           2.92248         -0.946774         -0.535138
           3.02255          -1.12189         -0.802011
           2.89168          -1.02269         -0.794289
           2.73329          -1.13352         -0.730753
           2.72578          -1.04667         -0.608006
           -3.0685           -0.6653         -0.487424
          -3.05343         -0.285254         -0.360904
          -3.07102         -0.312924         -0.117519
          -2.74293        -0.0977729         -0.831585
          -2.10561        -0.0851632          -1.31229
          -1.27139        -0.0622373          -2.11434
         -0.596319         -0.512354          -2.64722
         -0.332638         -0.380452          -2.53386
         -0.268978          -0.13768          -2.44525
         -0.223803         0.0706373          -2.52987
         -0.287707         -0.124481           -2.5079
         -0.576685         -0.353944          -2.83042
         -0.266423         -0.412084           3.09947
          0.738307         -0.949992          -3.11442
           1.39255          -1.08034          -3.07621
           1.47006          -1.45609           -2.3961
           1.80673          -1.38374          -2.14229
           1.67951         -0.979403          -2.52504
           2.09216         -0.779561           -2.1305
           1.91124         -0.843118          -1.77144
            2.2441          -1.48921          -1.41616
           2.06846          -1.30462         -0.757551
           1.50257          -1.31089         -0.775667
           1.35291           -1.5336          -1.02292
           1.55855          -1.72629          -1.13962
           1.77565          -1.64886          -1.63818
           1.58533          -1.47352          -1.87518
           1.45334          -1.02054          -1.75872
           1.82319          -1.49045          -1.87534
           1.80757          -1.60508          -2.16812
           1.63912          -1.85982          -2.09794
           1.04979           -2.1379          -2.58121
           1.30791          -1.86197          -2.98492
          0.925716          -2.02981            3.1025
          0.690866          -1.70232           2.36975
          0.843263           -2.0893           2.06612
          0.558061          -2.57314            1.9253
          0.538234           3.03465           2.01831
          0.609856           2.85905           1.97673
          0.931868           2.61087           1.65619
           1.23077           2.40573           1.43837
           1.96039           2.03507           1.68982
           1.87966           1.46898           1.61199
           2.26004           0.74147           1.09598
           2.07545          0.406681            1.4401
           2.15513         -0.098585           1.67599
           2.23332         -0.511253           1.79308
           2.17729         -0.994824           1.93924
           2.24913          -1.20589           1.91423
           2.05479          -1.55052           1.53132
           2.66164           -1.9249           1.29061
          -2.68104          -2.61563          0.799191
          -2.77381          -2.91573          0.441931
          -2.84707           3.00174          0.319794
          -2.89632           2.73806         -0.281669
          -2.64419           2.30508         -0.279388
          -2.31891           2.46805         -0.448167
          -2.28864           2.42739         -0.220894
          -2.37148           2.11349         -0.341644
          -2.38089           2.02489         -0.487162
          -1.90428           1.54317         -0.881723
          -2.15208           1.37804          -1.00958
          -1.80453          0.892651          -1.01056
           -2.0443          0.901883         -0.984768
          -2.05026          0.838607         -0.269164
          -2.04977           0.74412        -0.0702798
          -2.12844          0.415895         -0.259311
          -2.15732         -0.130127         -0.671578
          -1.66175          0.263979         -0.770511
          -1.39435          0.463211         -0.556142
          -1.63037          0.575806         -0.643685
          -1.94773          0.652897         -0.657599
          -2.85373          0.708697         -0.401468
           2.77095          0.561901         -0.460208
           1.83251          0.444758         -0.691812
           1.72915          0.317429          -1.25064
           1.45811         0.0724048          -1.87325
           1.30556         -0.387564          -2.20714
           -3.1338         -0.784612           -2.3007
          -2.85135         -0.979898          -2.61945
             3.098          -1.50461          -2.08122
          -2.83938          -1.81416          -1.80246
          -2.70328           -2.1273          -1.96463
          -2.73106          -2.52508          -1.65947
           -2.5588          -2.33172          -1.52275
          -2.89085           -2.0502          -2.20567
           2.92991          -1.66723          -2.00116
           2.43833           -1.4525          -2.08422
           2.47679          -2.44001          -1.63633
           2.04215          -2.65371          -1.39861
           2.08079          -2.79505         -0.728359
           1.50662          -2.85683         -0.191194
           1.38207             3.097          0.363064
          0.738906           2.44892          0.268923
         -0.541283            1.8969          0.291182
          -1.01052           2.05046          0.707647
          -1.27371           1.96266          0.619157
          -1.05887           1.46428          0.463215
          -1.33222           1.37169          0.879341
         -0.937791           1.02507            1.2231
          -1.14646           1.34709           1.10853
          -1.04929           1.64229           1.40978
           -1.2855           2.44968           1.69363
          -2.11478           3.01608           2.37949
           -2.2843          -2.92922           3.05202
          -2.36036          -2.92392          -2.80447
          -2.20073          -2.99727           -3.0834
          -2.11136           3.12179           2.39102
           -1.8174          -3.06258           1.94945
          -1.26511           2.75054           1.80909
          -1.21544           2.93717           1.87164
          -1.24478            2.7983            1.8326
          -1.13318           3.07692           2.01775
          -1.32637          -2.93545           2.00772
          -1.39216          -2.95605           1.90459
           -1.4613          -2.69012           2.25647
          -1.51976          -3.00365           1.81222
          -1.87854           2.65654           1.70465
          -1.57559           2.56859           2.32758
         -0.974813           2.71029           2.86665
         -0.869137           2.94631          -2.96645
         -0.334405           2.77986          -2.60612
         0.0330289          -3.04692           -2.5962
          0.278287          -2.79143          -2.57711
       -0.00317364          -2.61972          -2.40314
         0.0623793          -2.24974           -2.6178
          0.212758          -2.34129          -2.87234
          0.325937          -2.43147          -3.06723
            0.6355          -2.55167           2.84328
           1.23772          -2.98866           2.35419
           1.86515           3.02716           2.22489
           2.16606           2.55192           1.69568
           2.59394           2.78938           1.09841
           2.25792           2.62969           1.22577
           2.26029           2.37309          0.963908
           2.29837           2.43858           0.89215
           2.21398            2.8983          0.897441
           2.10827          -3.12669          0.515483
           2.34859           2.64478          0.322525
           2.82088           2.26972          0.100845
           2.81801           2.12505          0.244331
           2.63937           2.31205          0.302878
           2.36596           2.90433          0.735512
           2.47975            2.9612           0.78379
            2.3633          -3.03223          0.628747
           1.93449          -2.89067           0.66215
            2.2439          -2.71653          0.552086
           2.35612          -2.91527          0.758528
           2.06251            2.9529          0.421015
           1.87208           2.65052         0.0842721
           1.40654           2.73397          0.211231
           1.30508           2.85675          0.657036
           1.23727           2.96097          0.673477
           1.16467           2.23978          0.915992
           1.02323           1.87858           1.25434
          0.515396           1.55843           1.31954
          0.487875          0.880852            1.9762
          0.538898          0.701561            2.3032
           0.40813           0.31845           2.28982
          0.390632        0.00448509           2.78833
         0.0977884         -0.725943          -3.07248
         -0.123712          -1.06417          -3.13833
         -0.256682          -1.48883           3.00502
        -0.0392222          -2.03717           2.70433
       -0.00911435          -2.37452           2.63437
       -0.00513818          -2.39974           2.51917
          0.635991          -2.22399           2.72993
           1.30796          -2.43305           2.97364
           1.75823          -2.81207           3.03313
           1.94286           2.74113           2.90594
           2.25645           2.33896           2.91923
           2.23112           1.46631           2.64372
           2.23799          0.828343           2.20005
           1.72602          0.505782           1.82676
           1.77419         0.0623545           1.57576
           1.61311         -0.346914            1.3713
           2.36613         -0.582443           1.75692
           2.24351         -0.330066           1.36179
           2.11967         -0.341847           1.28655
           1.85179         -0.837558          0.961654
           1.66262          -1.08737           1.14846
           1.52995          -1.52739           1.31211
           2.10977          -1.56551           1.92646
           2.27285          -1.18298           2.28926
           2.20268           -1.5221           2.35504
           1.86239          -2.05083           2.43866
           2.00547          -2.46262           2.49307
           2.42337          -2.87413           2.67928
           2.71892          -2.90215           2.71882
           2.46715           -2.3304           2.79269
           2.33442          -2.12557           2.67957
           2.73659          -1.76931           3.04135
           2.67492          -1.45594           3.05886
           2.52431          -1.15075           2.58788
           2.71973         -0.933373           2.51829
          -3.04196         -0.400083           2.62475
          -3.06949          0.022293           2.75798
          -2.98888           0.91329           2.48124
          -2.78019           1.76122           2.08211
          -2.64544           2.30658           1.77082
          -2.18541           2.96207           0.84404
          -1.29687          -2.74986          0.355112
         -0.519278           -2.5093          0.212874
          -0.14663          -2.25443         -0.343728
         -0.197191          -1.99908          -0.30949
         -0.352834          -1.04723          0.225254
          0.357665         -0.695041           0.60506
          0.726447         -0.697546          0.892289
           1.07425         -0.643801           1.30788
           1.09575        0.00696566           1.73056
           1.67123           0.57814           1.93069
           2.23037          0.937767           1.84966
           2.80958           1.46654           1.95974
          -2.91913           1.66155           2.20868
          -2.67245           2.43144           2.08506
          -2.92752           2.74584           1.95275
           2.67919          -2.90266           2.24572
            2.0901          -2.39104            2.2186
           1.73953          -1.99334           1.95484
           1.30718          -1.60286           1.92234
          0.539105          -1.69169           1.69268
         0.0528197          -1.65474           1.51294
          0.140081          -1.23772           1.40172
         0.0373295          -1.26225           1.27504
        -0.0524864          -1.35197           1.54087
        -0.0349574          -1.25759           2.39397
          0.325929          -1.41065           2.78397
          0.339489          -1.23757            2.7286
         -0.150197          -1.08039           2.29956
        -0.0949896          -1.15304           2.15022
         0.0940587          -1.21572           2.38786
         -0.134324          -1.50372           2.14587
         -0.126214          -1.54729           1.46727
         -0.639004          -1.91091           1.10556
         -0.392012          -2.29887          0.240227
         -0.368532          -2.71511       -0.00347453
         -0.215798          -2.72812         -0.156453
         -0.382348            -2.481         0.0320033
         -0.706251          -2.73485          0.441252
         -0.514613          -2.58007          0.072307
         -0.373448          -1.92307          -0.19824
         -0.448101          -2.22543         -0.708474
         -0.560928          -1.85225         -0.892205
         -0.772791          -1.40246          -1.13017
           -1.3048          -1.05982           -1.3819
          -1.77131         -0.569604          -1.33751
          -2.30114         -0.281965          -1.14347
          -2.29699         -0.198671          -1.33376
          -2.41504         0.0516081          -1.70428
          -2.37848        -0.0298256          -1.97018
          -2.89225         0.0987103          -1.60292
          -2.66536         0.0753003          -1.73851
             -2.98         0.0857232          -1.93391
           -2.5556         -0.256015          -1.78551
          -2.21374         -0.316531          -1.45796
          -2.02913          -0.49188          -1.69394
          -2.01287         -0.610926          -1.96994
          -2.04251         -0.694546          -1.76373
          -2.31105          -0.89401          -1.92057
          -2.42822          -1.00077          -2.37198
          -3.11182          -1.27719          -2.45036
           3.13803          -1.11751          -2.30222
           3.06078          -1.18373          -2.26688
           2.92134          -1.37867          -2.35624
          -3.09122         -0.967146          -2.28324
           -1.5352         -0.979784          -2.62088
          -1.91444         -0.533394          -2.11882
          -2.03458         0.0366841          -2.03395
          -2.42398          0.504543          -2.28508
          -2.86184           1.33653           -2.5181
          -3.05246           2.19157          -2.82725
          -3.13665           2.84137          -2.89179
           2.84053           -2.7449           3.08526
           2.94965          -2.43002           2.86186
          -2.97331          -1.79443           2.74804
           3.11029         -0.930094           2.46182
           2.83686         -0.503557           2.15052
            2.2826          0.035312           2.02957
           2.29978          0.434133           1.65148
           1.84129          0.950054           1.06872
           1.62608           1.68637           1.09761
           1.72482           2.14832          0.893433
           2.23705           2.05847          0.497081
           2.59664           2.23012          0.987118
           2.78955           2.44427           1.30683
          -2.83691           2.40003            1.6817
          -2.11784           2.27134           1.50462
          -1.83143           2.33004           1.40318
          -1.67553          -3.10736            1.5302
          -1.21516          -2.65941           1.51367
         -0.708519           3.04945           1.31715
         -0.108581           3.01037           1.04181
          0.592887           2.69259           0.98286
          0.996651           2.54317           1.60759
           1.12137           1.86514           1.55883
           1.38776           1.71874           1.96309
            2.1571           0.70628           2.09372
           2.53671          0.212402           2.15434
           3.12364         -0.481598            1.7512
           3.02678          -1.01803           1.68612
          -3.09463          -1.64545           1.39417
          -3.12108           -2.3431           1.21921
           2.76382           -2.4768          0.733821
            2.9175          -2.30494          0.220566
           2.98246           -2.7691          0.222972
          -3.14094          -2.70218         0.0357981
           2.52311          -2.42537        -0.0932249
           1.91915          -2.48108          0.119174
           1.77101          -2.83884          0.100066
          0.982886          -2.94451         -0.376884
          0.707982           -2.8742          -0.17213
          0.678413           3.08729         0.0835096
          0.278199           2.82362          0.359509
          0.207061           2.48929          0.387879
        -0.0561083           2.52176         0.0747496
          -0.45559           2.14321          0.247575
         -0.389539           1.93885          0.845634
          0.180666           1.74892           1.29213
        -0.0799809           1.76697           1.23248
          0.072454           1.25099           1.43697
          0.579041          0.996911           1.69835
          0.626398          0.427961           1.95412
          0.349943          0.131121           2.00079
          0.310941         -0.369061           1.97925
       -0.00841125         -0.748305           1.90825
         -0.362362          -1.31012           1.90855
         -0.705386          -1.78163           1.92747
          -1.53801          -2.05942           2.05789
          -1.74589          -1.95206           2.14147
          -2.07055           -1.4318           2.37479
          -2.44447          -1.24758           2.71882
           3.08121         -0.746708           2.75375
           2.44164         -0.652593             2.321
           1.98068         -0.470079           1.67615
           1.45441         -0.426227           2.57555
          0.640163          -0.92343           2.93234
          0.419737          -1.16177          -2.78391
          0.174948          -1.43815          -2.38211
          0.126122          -1.55169          -1.80162
         -0.243538          -1.62768          -1.67729
         -0.376209          -1.64334          -1.54524
         -0.345848          -1.43439           -1.2943
          -0.85095          -1.98791           -1.3627
           -1.3714          -2.10998          -1.29957
          -2.01222          -2.31887          -1.09405
            -2.368          -2.36838          -1.07592
          -2.79124          -2.30267          -1.54395
           2.99451          -2.27946          -1.60391
          -3.01345          -2.05822          -1.26793
          -2.90644          -2.08908          -1.14805
          -2.67099          -1.95683         -0.830976
          -2.71614          -2.41849         -0.906046
          -2.71523          -2.31061          -1.15684
          -2.72835          -1.92063          -1.16787
          -2.18785          -1.80517          -1.22039
           -2.3934          -1.97814          -1.05054
          -2.36961           -1.6249         -0.652799
          -2.60476          -1.43704         -0.399587
          -2.73805          -1.13757         -0.249512
          -2.04429         -0.546277         -0.342645
          -1.84515         -0.105743          -0.70112
          -2.02964          0.141243         -0.709799
          -1.81288          0.509613         -0.702393
          -1.38777          0.701675         -0.752094
          -1.21394          0.909973         -0.630048
          -1.51308          0.957552          -1.03831
          -1.19759          0.970345          -1.36088
          -1.06587           1.00313          -1.51346
         -0.971342          0.847041          -2.14407
         -0.981504           1.03273          -2.53352
          -1.32823           1.36223          -2.72625
           -1.2729           1.71751           3.09839
          -1.43155           1.60883           3.06918
           -1.8141           1.25979          -2.98956
          -1.91491           0.92454          -2.26406
          -1.59361          0.636267          -2.30511
           -1.8842          0.415255          -2.23859
          -1.57483          0.298507          -2.11861
           -1.3634         -0.146775          -2.21267
          -1.54421         -0.518905          -1.74807
          -1.44786         -0.544217          -1.84808
          -1.76574          -0.65033          -2.06906
          -1.86124         -0.819791           -1.4742
           -1.9421         -0.910518          -1.09525
           -2.2185         -0.681125           -1.0653
          -2.04495         -0.690819          -1.02002
          -2.14094         -0.776311          -1.26403
          -2.45638         -0.594942          -1.32963
          -2.62891         -0.565999          -1.27508
          -2.53149         -0.173036          -1.07136
          -2.75214        -0.0575664          -1.59701
          -3.09585         -0.224992          -2.01138
          -3.08374        -0.0888539          -2.44628
          -2.97978         -0.283998          -2.62219
           2.88982          0.158779          -2.15577
           2.10511          0.519949          -1.76507
           1.81027          0.375439          -1.59003
           1.79994           0.38793          -1.46111
           1.51685          0.674883         -0.955231
           1.05849          0.338903          -1.05025
          0.943927        -0.0638753         -0.720935
          0.703454         -0.300745         -0.368876
          0.568537         -0.631536         0.0804016
          0.564657         -0.840606         0.0466534
          0.863839          -1.29465         -0.109598
          0.954912          -1.44616         -0.141533
           1.46814          -1.87799         -0.038447
           1.79407          -1.91158        -0.0474348
            1.8249          -1.83539         0.0448204
           2.21904          -2.11468          0.159492
           2.61184          -2.41689         -0.332821
           2.91234          -2.52537         -0.172925
          -3.03577          -2.43222        -0.0119779
          -3.12492          -2.06787           0.43742
          -2.89424          -1.94039          0.365293
          -2.53225          -2.25704          0.403504
          -1.90212          -2.76862          0.098393
         -0.785145          -3.11736         -0.374012
         -0.465721           2.85404        0.00648116
         -0.234415            2.2611         -0.280836
         -0.145887           1.61782         -0.619311
          0.175492           1.36275         -0.639718
          0.194616          0.878731            -0.122
        -0.0143788          0.944043           0.49098
          0.130305           1.60818          0.473075
          0.166334            1.9458          0.711949
          0.461765           2.75779          0.886944
          0.937844          -2.73538          0.565597
           1.38378          -2.34336          0.520374
           1.62971          -2.27824        -0.0105992
           2.14147          -2.01403         0.0855883
           2.11662          -1.70806        -0.0417235
            1.8942          -1.31659          0.560754
           1.86827         -0.933034           1.21009
           2.20129          -1.14999           1.46971
           2.66196          -1.21293           1.38034
           2.97657          -1.17248           1.23705
           2.99807         -0.732412           1.14066
           2.84468         -0.804397           1.12375
           2.54923         -0.634892          0.743894
           2.63211         -0.996641          0.604088
           2.86436         -0.850254          0.625839
          -2.63881         -0.536665           1.13641
          -2.21967          -0.54371           1.08362
          -2.30911         -0.420409          0.281864
           -2.1246          0.164073       -0.00881288
          -1.29394          0.174427        -0.0893462
         -0.783716           0.05594         -0.761857
         -0.863411         -0.176215          -1.22265
          -1.09031         -0.613281          -1.40803
          -1.07722         -0.749552          -1.95686
          -1.47269         -0.952464           -2.4174
           1.45221          0.346474          -2.23971
          0.935211          0.809313           -2.2953
          0.825535           1.48585          -2.19674
          0.459697           2.24046          -2.74711
         -0.182283           3.06871           2.76892
         -0.745826          -2.49976           2.91607
         -0.555128          -2.10065           3.11316
        -0.0160635          -1.50618           2.86069
          0.651307          -1.03034           2.72743
           1.04846         -0.891212           2.91986
           1.31854         -0.658032          -2.94709
           1.60066          -0.50886          -2.98808
           1.58062           -0.2907          -3.06107
           2.27915         -0.450192          -2.83839
           2.59294         -0.437212          -3.01341
          -2.88258         -0.498295          -2.89163
          -2.79739          0.141018          -2.50058
          -2.04569          0.234201          -2.62741
           -1.5465          0.387705          -2.34494
          -1.57081          0.529697          -2.19852
          -1.48764          0.228976          -2.29238
          -1.88137          0.134838          -2.11431
          -1.93223          0.302042          -2.08225
          -2.02918            0.1312          -2.24339
          -2.71319          0.281725          -2.38286
          -3.03696           0.11521          -2.81213
            3.0919         -0.344062          -3.04311
           2.99295         -0.712231            2.8063
            2.9621          -1.13238           2.57552
           2.98536          -1.67041            2.8778
           2.60613          -2.00661          -3.03936
           2.98635          -2.19901           3.03213
           2.75207          -2.74567           3.01123
           2.41045          -2.65334            2.4447
           2.19595          -2.92157           2.52618
            2.0805          -2.70647           2.54962
           2.28916          -2.55117           2.96739
           2.54591          -2.92513          -2.91611
           2.83335          -2.98473          -2.97852
           2.79812          -3.01304          -2.98133
           3.11334          -2.99701          -2.74609
          -2.98271          -2.68696          -2.77007
          -2.91491          -2.41764          -2.77507
           -2.8025          -2.45352          -3.08195
          -2.55116          -2.29405           2.80467
          -2.05397          -2.48399           2.95753
          -1.29609          -2.44975          -2.96559
          -1.18562          -3.13508          -2.62986
         -0.984637          -3.06477          -2.47799
          -0.59424           2.97547          -2.80645
          -0.48616           2.64157          -2.61388
         -0.708128           2.64826          -2.70158
          -1.33135          -3.04431          -2.83962
          -1.49713            2.7923          -2.88855
          -1.15907           2.63604          -2.60833
          -1.09161           2.60873           -2.3878
         -0.977388           2.85924          -2.20167
           -1.0928           2.87805          -2.24281
         -0.843501          -2.81427          -1.79196
         -0.776933          -2.31861          -1.39191
         -0.343784          -2.18209          -1.34946
         -0.113115          -2.56981          -1.06811
          0.070983          -3.12115          -1.53506
         0.0537453            2.9209          -1.31417
          0.252538           2.51615          -1.09502
          0.592273           2.08289         -0.945636
          0.699854           1.33087         -0.665026
          0.489462          0.950937         -0.215878
          0.394805          0.615492         0.0769437
          0.575833          0.622461        -0.0936116
          0.485032          0.344578          0.233912
          -0.13368          0.224811          0.649123
         -0.270665          0.819637          0.985208
         -0.017317           1.23539           1.38739
          -0.20937           1.51943           1.89397
          0.319841           1.30844           2.24698
          0.772776           1.76027            2.1323
          0.700669           1.89714           2.13285
          0.438874           2.30996           2.34205
          0.810635           2.58301           2.14997
          0.913119           2.64919           2.00369
            1.2581           2.22794            2.2681
           1.64053           1.89635           2.66782
           1.87372           1.62631           2.44958
           1.81049           1.24824           2.44862
           1.75236          0.830934           2.68034
           1.53459           1.07213           2.82956
           1.35877           1.21656          -2.89055
          0.971647           1.50907           -2.0335
          0.774102             1.387          -1.31385
          0.855628           1.56118          -1.02907
          0.889231           1.62255          -1.13805
          0.468706           1.44597         -0.962065
          0.304602           1.83186          -1.07472
          0.179039           1.87254         -0.514132
        -0.0845875           1.52405        -0.0449487
         -0.311748          0.903931          0.691106
         -0.712954          0.450249           1.00735
          -1.13822          0.631359           1.92279
         -0.973805          0.764158            2.1948
          -1.20994          0.399056           2.26444
         -0.772861         -0.343705           2.33853
        -0.0657479          -1.26932           2.76723
          0.171572            -1.607           2.99763
           0.61388          -1.82016           3.06306
          0.623469          -1.42091           2.89548
          0.918878          -1.17486          -2.97666
           1.40765          -1.24174            -2.935
           1.65758          -1.14072          -2.94804
            2.0111           -1.4273           -3.0529
           2.38663          -1.24418           3.13729
           2.64073          -1.57759           2.78362
           2.71219          -1.83801           2.31064
           2.23137          -2.10647           2.73854
            1.6697          -1.89823          -3.13157
           1.18025          -1.99083           3.04116
           1.06507          -2.02711          -2.56877
          0.934857           -1.8601          -2.10877
          0.925133          -2.17225          -1.81614
          0.715621          -2.15558          -1.51716
          0.674565          -2.32363          -1.75005
          0.869409          -2.37998          -1.98691
          0.803269          -2.30919           -2.2625
          0.932794          -2.44617          -2.14747
          0.840069          -2.02895          -1.98448
          0.277475          -2.11223          -2.24757
          0.194575          -2.12482          -2.79447
          0.136824          -2.20903          -3.03062
         -0.269279          -2.62255           3.06283
         -0.946047          -3.02021          -3.01575
          -1.01714           2.92603           3.13355
          -1.30034           2.94881           3.04943
           -1.0417           2.60995           3.11645
          -1.22314           2.26654           3.04342
         -0.854643           2.28909           2.85974
           -0.5092           2.50996          -3.06304
         -0.540302           2.33308          -2.54153
         -0.145583            2.7089           -2.3681
        -0.0400413           2.52252          -1.94476
         -0.229082           2.64915          -1.93482
         -0.699417          -2.79281          -1.85291
          -1.00346          -3.12022          -1.98178
          -1.48856           2.82887          -2.15116
          -1.52831           3.11364          -2.44053
          -1.32725          -2.79559          -2.56798
          -1.10668          -2.66452          -2.26234
         -0.820699          -2.85184          -2.28503
         -0.822739          -3.04324          -2.73041
         -0.216558           2.92147          -2.63008
         -0.473952           2.61348          -1.86248
         -0.972828           2.45726          -1.75843
         -0.848973           1.81764          -1.89156
         -0.713912           1.10029          -2.11219
          -0.68645           1.14462          -2.29883
          -1.06246           1.23416          -2.64599
          -1.58322            1.0754           2.71237
          -2.03697          0.789065           2.52116
          -1.79652          0.404542           2.41014
          -1.83853         -0.208844           2.65003
          -2.08049         -0.416327           2.53748
          -2.34882         -0.495617           2.85348
          -2.74176         -0.346335            2.5815
          -2.79328          -0.41652           2.26422
          -2.88923         -0.313468           2.12906
           2.98034        -0.0213466           2.03204
           2.76791          0.596918            1.7033
           2.11175          0.929064           1.23345
           2.21805          0.855924          0.740453
           1.86614          0.849025          0.150221
           1.97186          0.744091         -0.421543
           1.16679            1.0899         -0.656527
          0.804559           1.21732          -1.25654
          0.749495           1.44747          -1.79527
          0.910411           2.16152            -2.258
           1.26447            2.9199          -3.04894
           1.10339          -2.41805           2.39951
           1.02707           -1.5193           1.78732
          0.771935         -0.734593          0.974853
          0.636257         0.0473598         0.0023214
          0.524802          0.505666         -0.560719
          0.599073           1.11667         -0.669182
          0.841356           1.33936         -0.940899
           1.50701           1.21648           -1.3938
           1.52306          0.523993          -1.45658
            1.5142          0.353683          -1.99534
           1.56241          0.572563          -2.10731
           1.42112          0.328187          -2.24297
           0.74732           2.28853          0.455719
          0.634288           2.66605           0.74122
          0.918896           2.85061           1.05121
           1.02394           2.80905           1.54456
           1.59261           2.16334           1.91032
           2.08664           1.56552           1.71809
           2.13722           1.11385           1.72713
           2.13468          0.867751           1.40335
           2.45276          0.922718           1.54523
           2.01495           1.43705           1.91078
           1.82432           1.70717           1.68852
           1.74053           1.55229           2.06575
           1.97299           1.78374           2.01492
            1.7552             1.775           1.57015
           1.94938           1.56096           1.46465
           2.38436           1.16462           1.00485
           2.63504           1.05222          0.585906
          -3.05289            1.1256          0.328515
          -2.96245          0.884625          0.380779
           3.05078          0.684721        -0.0891984
           2.46002          0.607352         -0.410823
           2.23965          0.654985         -0.789152
           1.79949          0.410512         -0.487974
           1.64785          0.437276         -0.585591
           1.81473          0.127483          -1.20655
           1.82818           0.52652         -0.994431
           2.22675          0.337632           -1.5717
           2.02328           0.14216          -1.62356
           1.77471         -0.159384          -1.65073
           1.51382         -0.138739          -2.17343
           2.22732          -0.11018          -2.28917
           2.97196         -0.553674          -2.01167
          -2.76568         -0.991063          -2.22666
          -2.29716         -0.441073          -2.47476
          -2.21729         -0.279287          -2.63691
          -1.83087         -0.827575          -3.11846
          -1.85252          -1.35852           2.84009
          -1.91197          -1.15451           2.02582
          -1.89517          -1.17518           1.54933
          -1.64345           -1.1137           1.57522
          -1.45674          -1.28314           1.62951
          -1.48829          -1.53132            1.3449
          -1.30602          -1.42449          0.759623
          -1.77956           -1.6337          0.272326
          -2.09502          -1.69601         -0.313046
          -1.99708          -1.52985          -0.67491
          -1.54915          -1.07347          -0.95467
          -1.56069          -1.02745          -1.27356
          -1.59872         -0.830129          -1.50183
          -1.63895         -0.674879          -1.52754
          -1.55012         -0.688691          -1.92397
          -1.56626         -0.776793          -2.81271
          -1.29012         -0.273713          -3.11359
          -1.30687         -0.343373          -3.11031
          -1.03976          0.294733           2.99554
          -1.14898          0.488346           2.54196
          -1.49988          0.882094           2.37525
          -1.98156          0.991635           2.62745
          -1.97333          0.624069           3.08923
          -2.13743           0.58309          -2.98833
          -1.95836           0.30993          -2.53004
          -2.77725         -0.160322          -2.42229
           2.93803        0.00518259          -2.16399
           2.97941          0.163593          -2.25767
            3.0059          0.279539          -2.38879
           2.37664          -0.13067          -1.98636
           2.31351         -0.601814          -1.99955
           2.24279         -0.804651          -1.79475
           2.43872         -0.925507          -1.75407
           2.97021          -1.58863          -1.38642
          -2.82412          -2.30275           -1.0052
          -2.65858           3.04849         -0.861713
          -2.88377           2.07887         -0.578983
           2.96811           1.19834         -0.823004
           2.80526          0.995199          -1.45336
          -2.97626           1.12613           -1.3908
           2.85206          0.795486          -1.00998
           2.78826          0.336489         -0.785125
           2.49779          0.271203         -0.389244
           2.45734          0.370284         -0.263101
           2.92419          0.308506         -0.338977
           3.13071           0.30939         -0.903533
           2.89826           0.34771          -1.20543
           2.67567          0.150948          -1.10757
           2.59132         -0.101023          -1.37008
           3.01802         -0.372384         -0.849299
           2.74929         -0.177775         -0.409744
           3.03065         -0.291593         -0.135892
          -2.82053        -0.0790307           0.10419
          -2.93915         -0.725531          0.693662
           3.04482          -1.31427          0.796293
           2.97914          -1.58064           1.34637
            2.8068          -1.80898           1.48702
           2.69608          -1.82201           1.60029
           2.26387          -2.09071           1.87004
           2.18025          -2.16364           2.48752
            2.1339          -1.98531           2.44876
           2.38435          -2.28843           2.65464
           1.81807          -2.12912            2.7474
           1.30868          -1.80261             2.712
           0.97962          -1.93766           2.48474
          0.814938           -1.7341           2.37028
          0.874643          -1.66028            2.6087
          0.400734         -0.525794           2.85629
        -0.0188225          0.250947           2.82091
          -0.78585          0.327164           2.52056
         -0.663678          0.037542           2.72807
          -1.12019         -0.254161           2.44528
          -1.40669         -0.226459           2.33684
          -1.58628         -0.176395           2.14554
          -1.85425         -0.344404           1.86921
          -2.72194         -0.180502            1.9253
          -2.48041         0.0926608           1.56585
          -2.56275         -0.208804           1.49314
          -1.98426         -0.412066           1.54692
          -1.97213          -0.53191           1.52412
          -1.49052         -0.754357           1.58422
           -1.3464          -0.94473          0.900974
           -1.1926          -1.06572          0.392101
          -1.06182          -1.11244         -0.124292
          -1.14119          -1.00933          0.108725
          -1.53124          -1.41728         0.0117319
          -1.89779          -1.64456        -0.0364132
          -2.17784          -1.45497          0.252553
          -2.32251          -1.83924          0.614935
           -1.7056          -2.15561          0.770089
          -1.22326          -2.04875           1.13864
          -1.09711          -1.70564           1.81369
          -1.20568          -1.85897           2.48485
          -1.59879          -2.16864           3.04052
          -1.58451          -2.81101           -2.9071
          -1.19518          -3.03566          -2.42805
         -0.794278           2.88949          -2.04129
         -0.136047           2.70075          -2.33974
         -0.257114           2.84951          -2.59921
         -0.188073           2.58468           -1.8097
         0.0325203           2.74972          -1.45374
        0.00995942           2.82502          -1.47788
          0.442551           2.69114          -1.48677
           1.41254           2.94703          -1.63052
           2.17317          -3.09341          -1.78429
           2.30021          -2.82968          -1.79088
           2.35257          -2.80277          -1.96956
            3.0577           -2.6507          -1.93774
           -2.9345          -2.06612          -1.92188
          -2.81539          -2.01662          -2.20124
          -2.74565           -1.4793           -2.6886
          -2.65838         -0.639115          -3.07166
          -2.97784         -0.121663          -2.74044
          -2.83709         -0.262454          -2.58888
          -2.74717         -0.161242          -2.67865
          -2.41196          0.196842          -2.43453
          -1.98652          0.639344          -2.60644
          -2.34177            1.5538          -2.68764
          -2.33343           2.79367           -2.9518
          -2.18641          -3.06761          -2.29389
          -1.79012          -2.85977           -1.5976
          -2.37805          -2.73903          -1.35457
          -2.74831          -2.51225         -0.997943
           2.96551          -2.70601         -0.669014
           2.22946           3.06429         -0.612304
           2.00425           2.70527           -1.0524
           2.00831           2.43618          -1.52307
           1.99014           2.08724          -1.53366
           2.21814           2.26325           -1.6866
           2.05672           2.87478          -2.24247
           1.50386           -2.4838          -2.49127
            1.4308          -2.23122          -2.81396
           1.59181          -1.38932           3.06155
            1.3891         -0.812009          -3.11308
           1.38921         -0.728675           3.08435
           1.88987         -0.314688           2.97209
           2.01967         -0.082129          -2.99398
           2.03455          -0.24792          -2.21821
           1.89629         -0.100977           -1.9207
            1.7215          0.264117          -1.66785
           2.22131         0.0934634          -1.21916
           2.30198         0.0964199          -1.00802
           2.09406        -0.0984728          -1.01726
           1.50392         0.0677408         -0.810119
            1.1167          0.431964         -0.775454
            1.3829          0.772884         -0.506726
           1.35992          0.732968         -0.490076
           1.67873           1.12423         -0.149399
           1.54255           1.52584          0.127093
           1.40616           2.00951          0.324958
          0.801446           2.20094          0.479901
          0.263031          -1.03059           1.51625
           0.30309          -1.07948           1.81549
          0.311587          -1.33604           2.26928
         0.0371901          -1.36979           -3.0421
         -0.296563          -1.45032          -2.90115
         -0.421166          -1.63944          -2.61664
         -0.865915          -1.47733          -2.30991
          -1.08821          -1.41967          -2.01888
           -1.1824          -1.87467          -1.86505
          -1.18353          -1.70641            -1.797
          -1.23561          -1.84796           -1.5134
          -1.55173          -1.93311          -1.48842
          -1.95523          -2.06729          -1.23745
          -2.41373          -1.98916           -1.1161
            -2.628          -2.05378         -0.669737
           -2.6212          -1.82029         -0.516933
           -2.5112          -1.93695         -0.483556
          -2.52745          -1.73936         -0.635848
          -2.77555          -1.60733          -1.20582
          -2.76752          -1.73008          -1.51489
          -2.99336          -1.54706          -2.36371
          -2.45466          -1.39302          -2.72823
          -2.25493          -1.63157          -2.88023
          -2.33022           -1.8327          -3.03191
          -2.64229           -2.1175           2.69958
          -3.01813           -2.6832           2.19195
           3.05781          -3.00086           2.43531
            2.6509           2.89356            2.6368
           1.81211           2.93913           2.33622
           1.83368           2.92039           2.30265
           1.88991           2.66072           2.29005
           1.59237            2.7956           2.42944
           1.35129           2.77338           2.03298
           2.13473           2.74634           1.80783
           2.81518           2.55989           1.78291
            2.7247           2.58258           1.98841
           2.82454            2.5327          -2.94944
           2.20741           2.24851          -2.66415
           1.56642           2.44032          -2.13122
           1.90086             2.934          -1.53639
           2.19862           3.01606          -1.46965
           1.94088          -3.00899          -1.12124
           1.89824          -2.55583         -0.894306
           1.74088           -1.7883         -0.792304
           2.26997          -1.06051         -0.487665
            2.4988         -0.698791         -0.337294
            2.6327          -0.50599          0.014485
           2.15578         -0.389423          0.151608
           2.32889         -0.191663         0.0800325
           2.48415         -0.163588         -0.167398
           2.34057         0.0172526          0.312053
           2.59358        -0.0270059          0.480791
           2.81077         -0.343901          0.743666
           2.66187         -0.116103          0.784936
           2.80501         0.0676929          0.886073
           2.71824          0.334915           1.35947
           2.61003          0.442769           1.72367
           2.36741          0.979629           1.49059
           2.59531          0.908848           1.26904
           2.59132          0.332828           1.44055
           2.40786          0.148367           1.48166
           1.97113         0.0426485           0.92139
           2.05448          0.345639          0.903494
           2.50335          0.247388          0.750973
            2.8826         0.0708655          0.216791
           -2.5435         -0.106384          -0.34203
          -1.90378         -0.265793          -1.41277
          -1.21333          0.086199          -2.22282
           -0.8246          0.015948          -2.39083
         -0.375901        -0.0971435          -3.04675
         -0.360199         -0.434354           2.81837
         -0.123493         -0.687443           2.56037
          0.995872         -0.575724           2.56072
           1.82446          -0.55778           2.01976
           2.71988         -0.665545           1.88097
          -3.10669          -0.94331           1.93185
          -3.00918          -1.82601           1.05387
          -2.61016          -1.89102          0.246704
          -2.56705          -2.23202         -0.133131
           -2.5357          -2.53763         -0.430482
          -2.12443           -2.9115         -0.464138
          -1.85451          -3.01918         -0.122874
          -1.75484          -3.14116        -0.0841776
          -1.72681            2.8915        -0.0277154
          -1.32444            2.4256         -0.281413
          -1.89541           2.61201         -0.412946
            -2.578           2.29561         -0.453831
          -2.73678           2.15779         -0.908915
           2.81759           1.96268          -1.12421
           2.15416           1.81268          -1.16575
           2.58395           1.72269          -1.09853
          -3.00404           2.02627          -1.61105
          -2.29494           2.27195          -2.26172
           -2.1009           2.05236          -2.99344
          -2.00721           1.65745          -2.99394
          -1.94253           1.59641           2.70945
          -1.82382           1.98886           2.48289
          -1.90129            2.4434           2.14567
          -2.33991           2.00297           1.28233
          -2.60767           1.58729           1.00919
          -2.74572           1.18183          0.733697
          -2.86781          0.702894          0.862063
          -2.98439          0.819569          0.505187
          -2.68064           1.18606          -0.20103
          -2.83103          0.810492         -0.040146
           3.10087          0.603857           -0.1658
            2.9581          0.946072          0.174963
           2.73241           1.02914          0.169027
           2.93562           1.31414          0.669836
           2.49441           1.67882          0.791389
           2.52082           1.71168           0.96181
           2.56862             1.823           0.86451
           2.71235           1.50109          0.665526
           2.69059           1.37501          0.092448
           2.96581           1.56004         0.0495732
          -2.27803           1.86179          0.167642
          -1.68456           2.70465         -0.244803
          -1.76876          -3.12533         -0.377718
          -1.28047          -2.99975         -0.407786
            -1.101          -2.95693         -0.156539
          -1.15799           2.98666         -0.339033
         -0.448698           2.93755         -0.490863
         -0.533694           2.90495         -0.983724
         -0.229334           2.46104         -0.929806
         -0.117716           2.58352          -1.11435
         -0.411633            2.5022         -0.484244
         -0.880122           2.19833         -0.830391
          -1.32521           2.69954          -1.33275
          -1.41834            3.0279          -1.47041
          -1.48656          -2.96414          -1.52452
          -1.54406          -3.02908          -1.63054
           -1.1728          -3.09401          -1.48906
          -1.15556          -2.87112          -1.22642
          -1.58158          -3.10834           -1.2907
          -1.81962            2.8854          -1.28948
          -1.79341           2.14197          -1.34329
          -1.82601           1.58185          -1.69908
          -2.26624           1.37897          -1.93452
           -2.4591           1.00021          -2.23846
          -2.85712          0.636473          -2.52033
          -2.76996          0.430493          -2.38243
          -2.63991          0.286462          -2.58443
           -2.5757          0.213363          -2.49476
          -2.84613           0.15523          -2.55918
          -2.78908         -0.246736          -2.09228
          -3.06082         -0.294382          -2.00664
           3.01767         -0.169595          -2.10227
           2.30628         -0.244062           -2.0709
           2.08452         -0.385037          -1.78307
           2.13086         -0.306406          -1.46611
           2.44902         -0.376642          -1.49472
           2.46581        -0.0600797          -1.54303
           2.54412          0.288572          -1.16674
           2.01656          0.670106         -0.784221
           1.73417          0.864592         -0.465061
           1.14079          0.943203         -0.305779
          0.800011          0.827749         -0.100104
           1.07912          0.721023         -0.204433
           1.63048          0.883118         -0.267015
           1.70605          0.869052         -0.307812
           1.56129          0.886778        -0.0307337
           1.40242          0.848496          0.378804
           1.76564          0.826455          0.712239
           1.50982          0.995034          0.652169
           1.20863           1.13675           1.19328
          0.749591            1.1068           1.40709
          0.848896           1.02132           1.51234
           1.30547          0.866299           1.94541
            1.7501           0.44664           2.45008
           2.08338          0.380867           -3.0145
           2.38509           1.25924          -2.45941
           2.20008           1.49379          -2.38169
            1.8891           1.75942          -2.60453
           1.80373           2.20245           -2.7192
             1.028           2.60312          -2.50995
          0.551796           2.71508          -2.55853
          0.310198          -3.06317          -2.35278
         -0.172126          -2.65487          -2.13433
         0.0829357          -2.16387          -1.91085
          0.357278          -2.41679         -0.871497
          0.314803          -2.15165         -0.183342
          0.641653           -1.6281          0.136843
          0.623084          -1.63975         0.0103945
         0.0566193         -0.557135           0.30202
         -0.466005         -0.566638          0.542053
         -0.102604         -0.933074          0.790568
          0.299053          -1.15075           1.42893
          0.189209           1.15465          -3.04869
         -0.069778          0.859512          -2.79373
         -0.215824          0.369018          -2.57699
         -0.266759          0.568451          -1.97893
         -0.318024           0.27946          -1.32607
          -0.60512         -0.170749         -0.993933
         -0.436075         0.0505851         -0.553963
          -0.37343          0.294726         -0.113913
          0.114729          0.551445        -0.0977662
          0.307395          0.968426          0.439905
          0.759189          0.580191          0.403246
           1.11632          0.808676          0.681219
            1.0446          0.711896          0.970128
          0.990172          0.526391           1.13496
           1.21671          0.597052           1.40787
            1.5033          0.979618           2.01014
           1.28763           1.28185           2.08556
          0.888149           1.44268           2.32231
          0.725737            1.5866           2.76405
          0.781842           1.47769           3.04963
          0.842913           1.46997          -2.99092
          0.484507          0.936724          -2.58939
          0.488261          0.835655          -2.52793
          0.749067          0.427049          -2.49949
          0.739948          0.338171          -2.20645
          0.933577          0.214104          -1.68269
           1.29048         -0.136359           -1.6574
           1.46233         -0.630746          -1.85066
           1.33249         -0.536138          -1.73429
            1.4464          -0.76589          -1.70435
           1.54438         -0.752746           -1.7802
           1.54322         -0.861758          -1.04427
           1.84893          -1.69267         -0.199105
           2.19362          -2.23499          0.337575
           1.89666          -2.30344          0.736944
           1.86507          -2.28934          0.913916
           2.24805          -2.30959          0.926583
           2.65637          -2.42861          0.861706
           3.10464          -2.45589           1.48545
          -2.93435          -2.51028           1.07178
          -2.51782          -2.85072          0.648354
          -2.40777          -3.08576          0.585897
          -1.91804          -2.79147          0.908254
          -1.88529          -2.60249             1.414
          -1.94289          -2.86349           1.55421
          -1.74954          -2.90973           1.28737
           -1.8514          -2.78462          0.967752
          -2.16278           2.92698           1.14488
          -2.46868           2.88382           1.46765
          -3.07344          -3.08273           1.51731
           2.80416           -2.5195           1.11951
           2.34091          -2.43855          0.696193
           2.51139          -2.41658          0.688309
           2.82988          -2.24305          0.433317
           2.85922          -2.43476          0.208826
           2.47337          -2.27383         -0.226508
           2.60163          -1.80838        -0.0168679
           1.89665          -2.04022         -0.460967
            1.7685          -2.10892          -1.15968
           1.49696          -2.27302          -1.23207
           1.03132          -1.88263          -1.85442
           1.09705          -1.42176          -2.67244
          0.467495          -1.29328           2.84324
         -0.170418          -1.52031           2.06847
         -0.357091          -1.53792           1.67873
         -0.574559          -1.51004           1.59119
         -0.524724          -1.79621            1.8289
         -0.681532          -1.84618           1.87361
          -1.01172          -2.00422           2.01492
          -1.08401          -2.07697           2.50292
          -1.27965          -2.32437          -3.09684
          -1.28327          -1.85148          -2.81096
           -1.1877          -1.98199          -2.33884
          -1.19738          -2.14192          -1.71016
          -1.60557          -2.68506         -0.701941
          -1.93295           2.90722          0.190759
          -1.89842           2.24601          0.629449
          -1.89191           1.95475           1.05495
          -2.60424           1.76702           1.83834
          -2.74416            1.4484           2.07779
          -2.56061           1.14486           1.72637
          -2.21316          0.872729           1.79391
          -1.64673          0.864491           1.85052
          -1.39906          0.680997            1.7291
          -1.25926          0.228633           1.42953
         -0.919521         -0.543734           1.31242
         -0.579324          -1.38123           1.51685
         -0.354201           -1.9538           1.94686
         -0.034998          -2.32631           2.19562
          0.386967          -2.06166           2.49495
          0.402201          -1.70101           2.73406
          0.604101          -1.62615           2.55951
          0.542813         -0.903317           2.52941
          0.941618         -0.763705           2.60017
            1.0071         -0.729804           2.68605
          0.825276         -0.950275            2.3275
          0.454901          -1.25653           1.39676
          0.357919          -1.21582          0.473634
          0.364726         -0.737179          0.126435
           0.84366         -0.250648         -0.141056
             1.208          -0.31431         -0.882088
           1.75005         -0.135966          -1.21851
           1.89762         -0.034507          -1.26396
           1.81861         -0.125058          -1.80193
           2.23721         -0.201779          -1.83738
           2.16466         -0.200111          -1.62559
           1.69841        -0.0599489          -1.86685
           2.05462         -0.284867          -2.15204
           2.05853         -0.458984          -2.43957
           2.38126         -0.580051          -2.97212
           2.30454           -0.3559           2.72188
           2.54014         -0.779469            2.0288
           2.21362         -0.841243           1.92497
            1.9993          -1.06615           2.01431
           1.56834          -1.24932           1.56529
           1.63481          -1.37747          0.790535
           1.31397          -1.12834           0.37062
           1.03804         -0.494533         -0.449487
          0.344499         -0.161344         -0.525551
         0.0635036         -0.485268         -0.632393
         -0.252732          -1.07811          -1.39751
         -0.189473          -1.42682          -1.97916
         -0.236185          -1.69213          -2.42822
         -0.103212           -1.9737          -2.95402
          0.540795          -2.05012          -2.85526
           1.04609          -1.59291           2.95159
           1.11727         -0.979253           2.43144
           1.19316         -0.618741           1.99012
          0.581487        -0.0933219           2.54974
          0.426039           0.55744           3.06777
          0.301295          0.770376          -3.02192
         -0.152273          0.610931          -2.93903
         -0.158289          0.782319          -2.74225
         -0.793789          0.846613          -2.57422
         -0.898586          0.947851          -2.49308
         -0.778931           1.02244          -2.23404
           -0.3796           1.32947          -2.41768
         -0.319553           1.61899          -2.51502
         -0.206518            1.6327             3.061
         -0.199104           1.63164           2.84483
         -0.394455           1.32848           2.55745
          -0.40658           1.08259            2.2195
         -0.230827          0.761808           1.85708
         -0.226712          0.636467           1.86047
          0.353127          0.700837            1.7299
          0.272433          0.919762           1.02945
        -0.0661697           1.52532          0.580686
        -0.0840832            2.5138          0.200992
         -0.143002           -2.7725         -0.249375
         -0.275575          -2.21592         -0.188799
         -0.202752          -1.38578         -0.601708
         -0.158784         -0.538085         -0.865249
         -0.216328          0.415363         -0.861345
         -0.235572           1.01238           -1.1492
         -0.194729           1.61684          -1.24366
         -0.276741           2.04233           -1.2139
         -0.150691           2.22888          -1.31437
          0.116291           2.38959          -0.88786
          0.441441           2.69375         -0.526532
           0.49741           2.47772         -0.530057
          0.351624           2.38439         -0.751181
          0.494348           2.36571          -1.14916
          0.121771           2.08153          -1.71441
        -0.0681826           2.04257          -2.03421
         -0.284434           1.92309          -2.05194
         -0.473407            1.5346          -1.77111
         -0.709015           1.39316          -1.51688
         -0.946597           1.07136         -0.946704
          -1.33583           1.41949         -0.802026
          -1.45112           1.37274         -0.768219
           -1.3805           1.16333         -0.476871
          -1.28836           1.14988        -0.0307955
          -1.45012          0.980934          0.334545
          -1.23018           1.28476          0.623445
          -1.51948           1.64949          0.952994
          -2.02447           1.63319           1.71378
          -2.17367           1.94552           2.16165
          -1.84272           1.83198           2.58174
          -1.35449           1.56276           2.79578
          -1.04602           1.27678           3.06364
         -0.474977           1.20767           -2.8174
         -0.335134            1.2785          -2.71566
         -0.353557            1.1027          -3.07972
         -0.551859           1.31576           3.08141
         -0.453921           1.47535           2.78898
         0.0472606           1.44955           3.07334
         0.0813452           1.35044          -3.02186
          0.648955          -1.81992          -1.02432
          0.971842          -1.76977           -1.8203
           1.01322          -1.38918          -2.13245
          0.415011         -0.797189          -2.87407
           0.29717         -0.768607           -3.0694
          0.492409         -0.643958           2.99461
         -0.187971         -0.277399           2.95484
         -0.355581         -0.104636           2.20401
         -0.588581          0.113381           1.69445
         -0.866483          -0.22675           1.37018
          -1.28555         -0.763438           1.30797
          -1.74095          -1.34618           1.15348
          -2.31834           -1.6812          0.801742
          -2.68596          -2.10178           0.22014
          -2.98171          -2.82709         -0.262683
           2.83083           2.75108         -0.744069
           2.30517           2.26711         -0.680573
           1.81706           1.67549         -0.182279
           1.36933          0.934123         -0.371126
           1.17252          0.695234         -0.908243
          0.925086          0.258942         -0.757902
          0.606221        -0.0606979         -0.777586
          0.348211         -0.246696         -0.839544
          0.203735         0.0619727          -1.07388
         -0.370567         -0.432265          -1.67466
         -0.330518         -0.462004          -2.00305
          0.453448          -1.09437          -1.74214
          0.520707          -1.64985          -1.46564
          0.596562          -1.76054          -1.38193
           0.57569             -1.82          -1.59574
           0.48387          -2.05017          -1.88917
          0.125929          -2.61271          -1.73349
          0.535051          -2.81829          -1.21164
           0.57399          -2.75435          -1.10549
          0.290669          -2.37897           -1.2823
         -0.318402          -2.24676          -1.15783
         -0.797417          -2.09832          -1.32867
          -1.22435          -2.39526          -1.24578
          -1.58179           -2.9923          -1.34337
          -1.28122           2.86421           -1.3078
          -1.79639           2.51181          -1.57632
          -2.01184            2.6243          -1.92164
          -2.39144           2.66619          -2.05285
          -2.53793           2.30225          -1.96213
          -2.89211           1.85655          -1.83557
          -2.65994           1.37876          -1.77567
          -2.79468           1.41854          -1.56581
          -2.88257           1.14155           -1.4179
           2.84467           1.24253          -1.64823
           2.48393           1.17507          -1.29725
           2.37353          0.905376          -1.63336
           2.26321          0.227013          -1.82789
           1.97677        -0.0742346          -1.87964
           2.26034         -0.304103          -1.97599
           2.03337         -0.124872          -2.16031
           2.53212         0.0321746          -2.22636
           2.50392          0.633535          -2.01903
           2.18317           1.36837          -1.70984
           2.29157            1.5303          -1.54399
           2.39286           1.72591          -1.47029
           2.72835           1.23781          -1.69395
           2.66849           1.01064          -2.16746
           2.57056          0.755646          -2.74207
            3.0093          0.814191          -3.03549
           2.80305          0.629318           2.77727
           2.90404          0.358072             1.831
          -3.12799         -0.103285           2.09716
           2.93987        -0.0478934           2.35707
           2.82083         -0.266039           2.58431
           2.86224         -0.511532           2.98999
           2.89137         -0.969113          -2.96189
           -3.0628          -1.08455          -2.44549
           3.01898          -1.23956          -2.44692
           2.40444         -0.865732          -1.81475
           2.92406          -1.01461          -1.17439
           -2.7102          -1.21959         -0.826128
          -2.24731          -1.35721          -1.16686
          -1.96098          -1.92521          -1.55623
          -1.67377          -2.33149          -1.75977
          -1.43248          -2.81042          -1.61455
          -1.62711           3.06843          -1.78346
          -1.23586           2.88219          -2.25343
          -1.26565           2.73231          -2.14713
          -1.33555           2.85783          -1.97377
         -0.916633           2.95627          -2.20019
          0.152196           2.87794          -2.05723
          0.292285          -2.74502           -1.9398
          0.915498          -2.34231          -1.99196
           1.36322          -1.92763          -1.79615
           1.35283          -1.82497          -1.62445
           1.46383          -1.40682          -1.76191
           1.20387           -1.6901          -1.59887
           1.62529          -1.50689          -1.66506
           1.75138           -1.3748          -1.42318
           2.03939          -1.33749          -1.22799
           2.38246         -0.820258          -1.24604
           2.78752         -0.608421         -0.699834
          -2.69011         -0.419668          -0.76408
          -1.93336         -0.255876         -0.389065
          -1.63969         0.0479256         -0.470498
           -1.4166          0.080906        -0.0864759
          -1.33717          0.115776          0.595781
          -1.01038          0.383352           1.08614
         -0.812495          0.264812           1.34906
         -0.751991         0.0310836           1.12637
          -1.10616         -0.891259           1.19842
          -1.23603          -1.41577          0.823012
          -1.30286          -1.75424           1.55138
          -1.00166          -2.04868           1.79678
         -0.371405          -1.95073           2.06479
         -0.168702          -2.07445           2.29636
          0.286846          -2.35477           2.30761
          0.533739           -2.7426           2.04775
          0.478074          -2.38246           2.41959
          0.444653           -2.2451           2.18358
         0.0715307          -1.92462           2.26963
         0.0602349           -2.1518           2.49641
          0.587156          -2.19289           2.69753
           1.18811          -1.62691           2.71858
            1.3558          -1.21536           3.00654
           1.33112         -0.971127           2.92558
           1.46055         -0.775949          -3.02989
          0.996835         -0.248473          -2.39071
          0.595915          0.298365          -1.70873
          0.304734         -0.225573         -0.952554
          0.513806         -0.284097         -0.451465
          0.935228          -0.21443        -0.0680801
           1.13527         -0.106433          0.393259
           1.30572          0.161149            0.3835
           1.72651            0.2585          0.839145
             1.352          0.422657          0.467139
           1.24349          0.598835          0.387835
          0.965296          0.432186          0.298333
          0.809275           0.51376          0.316163
          0.568481          0.788715          0.962704
          0.519865          0.510545           1.24542
           0.63085          0.160712           1.63393
           1.02444           0.10362           1.68903
           1.28135          0.300541           2.01748
           1.47305          0.341766           1.92189
           1.56506         0.0489064           2.14428
           1.13228        -0.0630029           2.33716
          0.667911         -0.179434            2.2699
          0.572152          -0.30294           2.03798
          0.605378         -0.505504           1.99146
          0.322185          0.405065           2.05415
          0.183486          0.546561           2.07252
        -0.0867373          0.894439           2.39613
         -0.464244          0.974031           2.86627
          -1.00929          0.629371           2.95886
         -0.902265          0.431647           2.67406
         -0.907876         0.0727318           2.17172
          -1.15366         -0.464475           2.42163
          -1.22011         -0.740953            2.2444
          -1.14081         -0.967648           2.14538
          -1.63151          -1.18712           1.71624
          -1.64115          -1.13067           1.37685
          -1.28851          -1.21176           1.43981
         -0.605993          -1.37379            1.5764
          -0.67527         -0.728428            1.0621
         -0.966822         -0.442513           1.18455
          -1.28833         0.0824034           1.10275
          -1.20592          0.521716           1.37293
          -1.24243            1.2532           1.86742
         -0.958649           1.86915           2.20616
         -0.416275           2.63778           2.49407
         -0.343826           3.12785           3.12997
        -0.0602101          -2.77505          -3.10904
           0.43242          -2.42272          -2.93243
          0.487411          -2.11963           3.13933
         0.0699694          -1.75295           2.97575
         -0.166279          -1.53579           3.00175
          0.138582          -1.00741           2.45371
       -0.00795374         -0.788005           2.18353
          0.118901        -0.0952764            1.5353
          0.210833          0.147371          0.733027
         0.0411612          0.424585        -0.0179543
         -0.594757          0.747337         -0.411837
         -0.663759           1.30286         -0.454522
         -0.906611            1.9014         -0.116784
         -0.736022           2.17943         0.0469954
         -0.788926           2.65243        -0.0602146
         -0.680217           3.02492         -0.287746
         -0.323989          -2.78138         -0.415544
          0.061115          -2.27175         -0.633262
         0.0327576          -1.79202         -0.651221
          0.683976          -1.85413          -1.03486
           1.47344           1.85091          -2.54283
           1.51309           1.50328          -2.89751
           2.01761           1.50883           3.08951
           2.87382           1.34446          -2.70155
          -2.91693          0.963908          -2.71199
          -2.51293          0.682859          -2.86787
          -1.84956          0.738288           3.04232
          -1.77955           0.59695            2.6628
          -2.25865          0.560898           2.35347
          -2.04532          0.797153           2.41015
          -2.31145          0.941824           2.00445
          -1.91534           1.09251           1.63765
          -1.68995          0.991618           1.03388
           -1.3891          0.946248          0.516303
          -1.10547           1.07518         -0.154281
          -1.05776           1.25345         -0.132632
          -1.22415           1.11865         -0.257901
            -1.108           1.14081         -0.140624
          -1.11788           1.07569         -0.265616
         -0.738037           1.69285         -0.711411
         0.0405326           2.04109          -1.26837
           0.51863            1.5047          -1.52175
           1.03752           1.65948          -1.55807
           1.81844            1.3946          -1.55545
           2.79521           1.37976          -1.60487
          -2.80146           1.38229          -1.78367
           -2.3858           1.24738          -1.84412
          -1.38017           1.49749          -1.90717
          -1.08835           1.70551          -1.66713
         -0.268394             1.819          -1.40523
          0.230247           2.42298           -1.7478
          0.400964           3.04158          -1.84945
          0.597424          -2.77279          -1.45112
          0.782059          -2.41661          -1.38007
          0.562073          -2.33019          -1.82617
          0.505595          -1.79038          -2.30396
          0.807822          -1.73592          -2.61564
          0.784467          -1.13925           2.93095
          0.697365          -1.18135            2.5013
          0.629644         -0.676725            2.2316
           0.21147         -0.918051           2.08067
          0.367701         -0.642224           2.19161
          0.347381         -0.449177           2.13138
        -0.0447978         -0.438704           1.94754
         -0.314512         0.0639519           1.48948
         -0.487407        -0.0871354           1.36766
        -0.0196763          0.252037           1.54774
          0.249628          0.277695           1.15992
          0.238873          0.467019          0.699016
         -0.249758          0.920033           1.01333
          0.173595           1.22716           1.42604
          0.307961           1.67735           1.78968
          0.555237           2.22016           1.74571
           1.43106           2.86354           1.98061
           1.56194          -2.67268           2.06095
           1.71534          -2.34634           1.77135
           1.62319           -2.1548           1.86412
           1.18391          -2.10214           1.61076
          0.804475           -1.9648           1.36719
          0.711343          -1.55094           1.14196
          0.793389          -1.07007           1.26745
          0.927291          -0.61642           1.20244
          0.782708         -0.286345           1.09736
          0.614566         -0.127007          0.664332
          0.670198        -0.0680828          0.284262
          0.591002         -0.223465           0.10236
          0.636446         -0.549915           -0.1378
          0.327837         -0.954805         -0.397817
          0.343265          -1.30556         -0.729886
          0.782088           -1.2459           -1.3183
           1.04372         -0.789181          -1.58422
           1.73014          -1.07231          -2.10428
           1.85854          -1.26355          -2.53343
            2.1301           -1.5998           3.02055
           2.31639          -1.56658           2.43753
           1.98512          -1.97515           2.43858
           1.83084          -2.39126           2.26864
           1.64761          -2.60785             2.294
           2.22399           3.00048            2.1168
           2.47466           2.42176           2.40738
           2.62149           2.25995           2.76888
           2.81816            2.1035          -2.71245
           2.78402           1.96943          -2.09604
           2.62336           2.13472          -1.64274
           2.14072           1.94393          -1.15383
           1.96827           1.48081         -0.995284
           1.85305          0.818791          -1.27558
           1.21537          0.438095         -0.978995
           1.01961         -0.366822         -0.768311
           1.15135          -0.41189         -0.311669
           0.93185         -0.756486          0.137858
          0.910068          -0.43384          0.143989
           1.01014         -0.303344          0.298547
          0.823365         -0.572928           0.15755
          0.682132          -0.28928          0.311212
          0.566065         -0.508955          0.651063
          0.230449         -0.477761          0.733161
       0.000460101         -0.492517          0.716109
          0.231554          -0.63015          0.185526
         -0.177288          -1.43232         0.0550458
         -0.702836          -1.74363          0.232339
          -1.40592          -1.57538          0.444219
          -1.74476          -1.79707          0.880737
          -1.86136          -1.55196          0.734765
          -2.30294          -1.42094          0.761028
          -2.97036          -1.37862          0.450986
           2.88535          -1.62385           0.41259
           2.48978           -2.1905          0.735025
           1.73842          -2.37781          0.816589
           1.07617           -2.4679            1.3033
          0.868155          -2.50995           1.27261
          0.418254          -2.74178           1.19197
          0.309626          -2.94979           1.61126
        -0.0774803           3.03065           1.64507
         -0.285428           2.96447           1.71347
         -0.528429            2.8579           1.71683
         -0.336594           2.55744           1.79697
         -0.300456           1.56791          0.987534
         -0.906862           0.66505           1.32973
         -0.738902         -0.554197           1.20457
         -0.671164          -0.36608          0.823835
         -0.599984         -0.147487          0.819515
         -0.913398         -0.268487          0.810897
         -0.976693         -0.420945           0.85605
          -1.05586         -0.843218           1.35742
          -1.06418         -0.965759           1.94027
          -1.57387         -0.984451           2.19653
          -1.96217          -1.29039           2.33126
          -1.83276          -1.57144           1.98804
          -1.66054          -1.91586           1.72051
          -1.55596          -2.39325           1.18459
          -1.49227          -2.26806           1.26327
          -1.16055          -2.27245           1.10277
          -1.37665          -2.78965           1.53317
          -2.00232          -2.89624           1.93417
          -2.11228          -2.93883           2.02839
          -2.18596           2.81954           2.09948
          -2.21806           2.63991           2.14107
          -2.27981           2.09074           2.29169
          -2.75389           2.27039           2.45583
           2.96738             1.716           2.47005
           2.91221          0.840014           2.91608
           3.00019          0.429996          -3.13184
           2.68314          0.117359          -2.90961
           3.07011         -0.373515           -2.6388
          -2.98276         -0.882767          -2.07824
          -2.96976         -0.873785          -1.98527
           2.94054         -0.755668          -1.62301
           2.36066         -0.882388           -1.6159
           1.48944          -1.07565          -1.72405
           1.35565          -1.11078          -1.57447
           1.15472         -0.873897          -1.61831
           1.19622         -0.490033          -1.72682
           1.03803         -0.276607          -1.46215
          0.365826        -0.0317954         -0.922473
         -0.393421            0.4724           -0.4578
         -0.826278          0.584634         -0.464171
          -1.36826          0.594772         -0.135428
          -1.64354           1.20466           0.10571
           -1.7341           2.00541          0.708008
          -1.32806           2.22041          0.697305
         -0.815787           2.02649          0.833119
         -0.605832            2.1498          0.986665
         -0.570482           2.44514           1.22061
          -1.04273           1.81219           1.36251
          -1.10667           2.04177           1.52072
          -1.38778           2.08956           2.07903
          -1.31801           2.59805           1.90501
          -1.50257           3.05676           2.25673
          -1.27549          -3.02562           2.53374
          -1.21525          -2.88297           3.02173
          -0.89687          -2.72653            3.0105
         -0.342897          -2.63162          -2.97297
        -0.0513576          -2.22427          -2.73854
          0.204874          -1.92909            3.0561
          0.859069          -1.25975           2.69419
           1.03698           -1.0905           2.54731
           1.32241         -0.974953           2.62601
           1.45146         -0.731984            3.0532
           1.73873         -0.514386           -3.0548
           2.06108          0.153065          -2.86514
           2.29578            0.6146          -2.73591
           2.18477           1.11807          -2.62285
           2.03079           1.32555          -2.46774
           2.13388            1.1648          -2.38727
              1.83           1.50142          -2.50827
           1.49771           1.89653          -2.59462
          0.489255            1.8314            1.5043
          0.212611           1.53626           1.61994
        -0.0276718          0.877555           1.96484
         -0.498434        0.00186673           2.33596
           -0.9423          0.035366           2.75528
         -0.619989         -0.213937           2.72919
         -0.447425         -0.743851           2.51784
         -0.506361          -1.13868           2.23288
         -0.235338          -1.31636           2.00899
         -0.590364          -1.11441           1.74778
         -0.910009          -0.97461           1.81253
          -1.25194         -0.983933           1.77207
           -1.3273          -1.05372           1.46682
          -1.42772          -1.13551           1.09394
          -1.39313          -1.48179          0.532507
          -1.28251          -1.72208          0.316463
          -1.30455          -1.72166          0.336213
          -1.24384          -1.51699        -0.0294903
          -1.33935          -1.75318         -0.272632
          -1.78055           -2.2908         -0.345171
          -2.24881          -2.35384          -0.40156
          -2.69261          -2.42221          -0.78191
          -3.01291          -2.72802         -0.695335
          -3.06535          -3.06702         -0.608899
          -2.82777          -3.02095         -0.377186
          -3.13767          -2.90785         -0.460213
           2.96521          -2.71563         -0.322184
           2.45041          -2.38021         -0.151745
           1.68757          -2.18544         -0.325026
           1.55599          -1.92971         -0.379826
              1.14          -1.83875         -0.312447
           1.39031          -2.05561         -0.356291
            1.1684           -2.1857         -0.387777
          0.873087          -2.22061         -0.449002
          0.744185          -2.32126         -0.883406
         0.0448235          -2.80237          -1.13552
         -0.457336          -3.08433         -0.979017
         -0.204325            2.5993          -1.03714
         -0.183739           2.11131         -0.912586
          0.154813           2.32932          -1.02922
          0.325937           1.91711          -1.07095
          0.538043           1.64927          -1.19036
           0.36622           1.38762          -1.39311
         0.0978228           1.56425           -1.4582
        -0.0972092           1.57137           -1.7097
         -0.597479           2.02151          -2.37192
          -1.13505           2.17303          -2.70206
          -1.47482           2.58815          -2.82687
          -2.02017           3.02971          -2.70802
          -1.96008          -3.00128          -2.33128
          -2.04727           -2.8838          -2.08158
           -2.3194           -2.6478           -1.5774
          -2.40442          -1.99646          -1.71435
           -2.2841          -1.41658          -1.92149
          -2.29462         -0.834886          -2.28174
          -2.82275          -1.07667          -2.28959
           2.71713         -0.971185          -2.13269
             2.628          -1.26195          -1.82016
           2.23733          -1.11038           -1.2535
            2.1918         -0.659601         -0.734033
            1.9864         -0.613397         -0.647558
           1.45429         -0.745607         -0.182266
           1.56102          -1.11867         -0.174833
            1.4218          -1.16108         -0.519379
           1.93182          -1.25808         -0.724746
           1.86567          -1.32466         -0.782264
           2.06286          -1.58764         -0.656704
           2.18164          -1.69673         -0.400996
           2.16916          -1.98732          -0.83324
           1.80119          -2.41554          -1.07894
           1.66033          -2.74368         -0.979657
           1.72011          -3.00658         -0.672247
           2.17582           2.93239         -0.138169
           2.32308            2.4411         -0.223323
           1.97806            2.2958         -0.337658
           1.82651           2.00687         -0.706031
           1.96401           1.54436         -0.612456
            2.4119          0.889581          -1.01448
           2.64343          0.736622          -1.32949
           2.78879          0.176039          -1.74273
           2.61932            0.6159          -1.71371
           2.98403          0.681337          -1.20391
           2.51199           1.06252         -0.814477
           1.86088           1.11456         -0.596068
           1.71487          0.807746         -0.413358
           1.88099          0.487897         -0.717791
           2.10016          0.254322         -0.583763
            2.2978          0.247031         -0.354236
           2.79564         -0.454971         -0.853829
           2.87069          -1.18057          -1.18066
           2.72048          -1.88991         -0.758974
          -3.06215          -2.36271         -0.901805
          -2.67871          -2.86972          -1.57799
          -2.43935           3.04901           -1.4586
          -2.54771           2.46875          -1.81231
           2.99648           2.11213           -2.0655
           3.11275           1.32689          -2.55121
          -3.09663          0.751585           -2.5479
          -3.03393          0.236004          -2.84005
          -2.62112          0.473497          -3.04445
          -2.61163           0.41922           2.81543
           -2.4663          0.802324           2.87479
           -2.5173          0.858638           2.63141
          -2.46495          0.780317           2.21508
           -2.5108          0.487216           1.81437
          -2.42863          0.577983           1.94199
          -2.11187          0.641297           2.12926
          -2.05272          0.955385           1.85507
          -2.64897           1.19783           1.82306
          -2.50634           1.17695           1.68172
          -1.87842           1.56063           1.68315
          -1.33624           1.58924           1.71443
         -0.418391           1.10271           1.85207
         -0.165202          0.652991           2.26536
          0.014498          0.177739           2.14269
          0.302545         -0.626345           2.08084
         -0.109485          -1.16841           2.22609
         -0.333317          -1.50997           2.31054
         -0.326403           -1.5255           1.80697
         -0.814622          -1.46391           2.08403
         -0.875742          -1.93456           2.61509
         -0.883396          -2.30113          -3.12336
         -0.503169          -2.06791          -2.73798
         -0.379352          -2.00588          -2.60521
         -0.829915          -2.06967          -2.05076
          -1.41566          -2.15243          -2.08645
          -1.27482          -1.86373          -1.91839
          -1.56476          -1.88224          -2.18399
          -1.67025          -1.75395          -2.36637
          -1.38678          -1.61264          -2.12018
          -1.43642          -1.21153          -1.54508
          -1.72365         -0.710627          -1.27346
          -1.93774           0.09565            -1.343
          -1.90006          0.686212          -0.78623
          -2.28159           1.37193          0.214909
          -2.22796           1.84037          0.381261
          -2.54937           2.78183           1.08816
          -2.11233           2.98719           1.88357
          -2.26314           3.09348            2.4015
          -1.90555          -2.87491          -3.01311
          -2.14742          -2.54917          -1.82887
          -2.24546           -2.7786           -1.2072
          -2.28728          -2.92797         -0.961377
          -2.26661          -2.52561          -1.36225
          -2.13259          -1.57559          -1.79858
          -1.97952          -1.06541          -1.25505
          -1.48937          -1.14355           -1.1985
         -0.830595         -0.418568          -1.26477
         -0.264541          0.228408          -1.66843
         0.0979969          0.825239          -1.62591
          0.165098          0.828332          -1.56317
          0.600605          0.824121          -1.29725
           1.19459           1.01634         -0.854453
           1.85195           1.23757         -0.576658
           2.48972           1.38817          -0.30101
           3.13249            1.6906        -0.0791029
          -2.69441           1.65528         -0.132412
          -2.09632           1.53812         -0.685627
          -1.22386           2.02471         -0.836745
         -0.683024            2.4851         -0.977692
         -0.368803           2.46697         -0.708507
         -0.519518           2.14196         -0.496148
         -0.205096           1.66271         -0.479884
          0.139559            1.5395         -0.329008
         0.0823233           1.70805         -0.431536
          0.563769            2.2442         -0.271143
          0.883303           2.48849         -0.236464
          0.641159           2.44698          0.166259
          0.633382           2.32697         0.0706536
         0.0481508           2.45558         -0.073062
        -0.0711516           2.94475         -0.272656
           0.34266          -2.80817         -0.449283
          0.464135           -2.3957          -0.76187
          0.307925          -1.54788          -1.08581
         0.0677588          -1.25894          -1.50328
          0.276253          -1.15388           -1.4603
          0.513114         -0.770192          -2.31535
           0.66019         -0.711882            -2.636
          0.552802         -0.243191          -2.95612
          0.673822          0.166715           -3.1202
           0.36994          0.484474           2.89266
          0.211789           0.89809           3.09696
        -0.0478506           1.25893            2.8573
          0.022615           1.62743           2.65147
          0.331087           1.47879           2.12928
          0.499822           1.69829           1.97911
          0.514246           1.67739           1.36827
         -0.123492           1.22019           2.80224
         -0.315606           1.02705           2.47024
          -1.14201          0.385839           2.07559
          -1.69438        -0.0503575           1.46543
          -2.12462         0.0764024           1.35062
          -1.74179          0.100882           1.03909
          -1.51662          0.275639          0.546752
          -1.46223          0.268569         -0.151251
          -1.54489          0.555447          -1.11206
          -1.87348          0.546554          -1.77612
          -1.85326          0.453267            -2.278
          -1.96592         0.0928256           -3.0685
          -1.91716        -0.0772419           3.04438
          -1.88623           0.38371           2.78325
          -1.45104          0.179738           2.24701
          -1.81235        -0.0214208           1.66615
          -1.96695         -0.524989          0.981033
          -2.14676         -0.936904          0.703353
          -2.36313          -1.16275          0.175101
          -2.69701          -1.21016         -0.600794
          -2.81465           -1.4022         -0.978466
          -3.01279          -1.29059          -1.03637
           2.47534           -1.1015          -1.16492
           1.87254          -1.78344          -1.58939
           1.68019          -2.00328          -1.79422
           1.77454          -1.84015            -1.692
           1.72363          -1.60415          -1.41766
           1.90945          -1.75154          -1.58097
           1.52966          -1.19256         -0.952859
           1.44928          -0.84625         -0.702759
           1.53158         -0.331497         -0.707081
           1.42703          0.223495         -0.882095
           1.39412          0.744472          -1.12231
           1.25562           1.05021          -1.24022
          0.771122           1.34993          -1.54422
           1.12294           1.50287          -1.67533
          0.573261           1.42343          -2.23755
          0.666743           1.29764          -2.37564
          0.964621           1.42584           -2.7609
           1.13678           1.32461          -2.82097
           1.21709           1.12179            -2.402
           1.16993            1.0528           -2.2712
           1.98068          0.955539          -2.55117
           2.35657          0.525792          -2.50967
           2.56011          0.512639          -2.54084
           2.88946          0.337179          -2.73018
           2.38523         -0.312664           2.91614
           2.01139         -0.236248            2.3756
           2.38333         -0.355841           1.54357
           2.59085        -0.0854157           1.13816
          -3.08178          0.169485           1.12566
          -3.12081          0.601672          0.999203
          -3.11953          0.432074          0.979077
           2.98138           0.34805           1.25021
           2.91898        -0.0716172             1.241
          -2.96171         -0.345063           1.76185
          -2.99553         -0.726048           1.48823
           2.88325          -1.38704           2.18455
           2.44745          -2.46104           1.64477
           2.12767          -2.90058          0.818417
           2.60135           2.98669          0.626016
           2.75541           2.86404          0.391574
           2.36158           2.64836          0.521975
           2.50513           2.74805          0.877375
           3.01376           2.48211           1.24565
          -2.65118           2.05023           1.07609
          -2.87769            1.7804          0.690073
          -2.80139           1.01277          0.658731
          -2.61959          0.237455           1.13678
          -2.32595            -0.365           1.47703
          -1.76272         -0.525001           1.58767
         -0.771862         -0.179645           1.56885
         -0.386352         -0.358058           1.44479
        -0.0626793          -0.25526           1.27387
           0.53419         -0.581173            1.4587
          0.381159        -0.0976178            1.3885
           0.04787          0.164349           1.93599
          0.190075          0.273425             2.352
         -0.275234         -0.336092            2.4222
         -0.358834         -0.489997           2.21231
         -0.344391           -0.3405           2.38039
       -0.00625563           0.16757            2.3045
        -0.0663076          0.955461           2.83849
           0.10976           1.46871            2.7504
         -0.124991           1.03481           2.30728
         -0.729387          0.593746           2.28792
         -0.277179          0.455255           2.38831
         0.0647355          0.287664           2.73652
          0.396121         0.0381278          -2.79548
          0.368896          -0.39782          -2.47019
         0.0211957         -0.244497          -2.42303
         -0.491855        -0.0511407          -2.56373
         -0.866357         -0.424732          -1.96091
         -0.961388         -0.198735          -1.38604
          -1.03638         -0.187429           -1.1083
         -0.917261         -0.320659         -0.773554
         -0.211985         -0.195406          0.321974
        -0.0761213         0.0891034           0.74243
           -0.1053          0.185499           1.02139
        0.00952533          0.479566           1.55082
          0.123099          0.127801           2.12946
          0.344471          0.249211           2.56793
          0.788848          0.212406           2.54345
          0.662519          0.644492           3.13466
          0.927407          0.629014          -2.64583
           0.97989          0.837494          -2.34675
          0.978906           1.47511          -1.76283
            1.3053           1.31922          -1.63181
           1.56814          0.894966           -1.3216
           1.48275          0.863368          -1.01613
           1.14861            1.3045         -0.311291
           1.17295            1.8637          0.137839
           1.02006           1.44503          0.685102
           1.12433           1.08363           0.90186
          0.827854           1.36128          0.533421
          0.331804           1.61141          0.923883
          0.142241           1.44513          0.938629
         -0.108679           1.11044           1.05176
        -0.0303979          0.828349          0.749588
         -0.213729          0.408862          0.613382
         -0.723707          0.731197          0.765372
          -0.49003           1.06157          0.945568
         -0.396615           1.42108          0.859121
         -0.565715            1.6784          0.915218
         -0.485711           2.59596           1.19798
         -0.861503           -3.0508           1.42978
         -0.811928          -2.87031           1.48219
         -0.832477           -2.4354           1.72264
         -0.533317          -1.86474           1.59596
         -0.339734          -1.52319           1.35709
         -0.852362          -1.63047            1.1761
          -1.02052          -2.03269          0.927611
          -0.88826          -2.74002           1.10862
         -0.880766           3.07237           1.52741
          -1.20684           2.79966           1.43412
          -1.05721           2.85449           1.29094
         -0.920709           3.01817           1.25557
         -0.568404            2.9626           1.05248
         -0.823922           2.81593           1.25545
          -1.05715           2.91906           1.20511
          -1.00167          -2.95502           0.96505
         -0.773302          -2.28398          0.675881
          -0.55992          -1.73768          0.877815
         -0.916671           -1.3775          0.938922
          -1.42605          -1.24241          0.436421
          -1.68076          -1.33569          0.407318
          -1.42153          -1.19681          0.406419
          -1.82556          -1.33979          0.467666
          -1.76445         -0.906826          0.847587
          -1.34214          -1.05733           1.03612
          -1.36733         -0.914842           1.11049
          -1.29335         -0.975382           1.24327
           -1.3391         -0.849712           1.38892
          -1.62221          -0.49756           1.34357
          -1.29035         -0.493313           1.14146
          -1.32769          -1.04781          0.687193
          -0.91091          -1.01866          0.624699
         -0.395115          -1.13595           0.50998
          0.127428           -1.1705          0.700246
          0.661508          -1.51937           0.90059
          0.624684          -1.39527           0.46847
          0.305483          -1.31328          0.741418
         -0.743538           -1.2274           1.37602
         -0.885095          -1.72134           1.73177
         -0.457889          -1.87756           1.43973
         -0.332593           -1.8707            1.6241
         -0.333406          -1.37855           1.94364
         -0.468966          -1.02227           2.49459
         -0.298176         -0.617385           3.11185
          0.107055         -0.593416          -2.97671
          0.681175         -0.171143           2.76467
          0.896114         0.0531945           2.52996
          0.758276        -0.0736302           2.64663
          0.968311          0.116862           2.95036
            1.4975          0.426593           -3.0689
          0.993165          0.229857          -3.03204
          0.420735          0.326157           2.82091
          0.692616          0.235163           2.72945
          0.337613          0.280465           2.29418
          0.247261          0.350309           1.58228
          0.358275          0.421403           1.73558
         -0.100357          0.633735           1.45026
         -0.425641          0.534059            1.6154
         -0.476687          0.583422           1.87245
         -0.536936            0.6372           1.95572
         -0.517417          0.929855           2.30465
         -0.117335            1.3833           2.75384
           -2.1079           2.94265          -2.26377
          -1.83909            2.3589          -2.40436
          -2.22805           1.56902          -2.36865
          -2.83113           1.39677          -2.12607
          -2.89901          0.775168          -2.28653
          -3.08777          0.126485          -3.11027
           3.12207         -0.274254           2.89381
           2.91921         -0.573876           2.32603
           1.93814         -0.952376           2.31326
           1.38231          -1.04394           2.40782
           1.53326         -0.745015            2.8173
           1.64974          -1.00371           2.77629
           1.76883          -1.03178           2.62011
           1.67695          -1.62139           2.38815
           1.33214          -2.13478           2.26013
           1.68588           3.13806           1.92354
           1.46359           1.70917           1.94491
           1.80118          0.779593           2.01668
           1.71478          0.146821           1.87998
           1.34106         -0.308231           2.06497
           1.45805         -0.816517           2.37533
           1.44481           -1.4348           2.56111
           1.21188          -2.50746          -3.00497
           1.34277           2.93769          -2.70703
            1.6352           2.46124          -2.41797
            1.6256           1.88597          -2.43646
            1.7285           1.79936           -2.7304
           1.73809           1.05072          -2.49491
           1.87176          0.919777          -2.17428
           2.13332          0.837724          -2.41049
           2.35019          0.397702          -2.49097
           2.55908         0.0480812          -3.03214
           2.53299         -0.246736           2.94222
           2.53913         -0.735567            2.5023
           2.30562         -0.921348           2.51781
           2.53225         -0.999624           1.95903
           2.20503          -1.18031           1.55261
           2.08088         -0.933018          0.678214
           2.37577          -1.26788          0.978294
            2.8262          -1.39945            1.2997
           -3.0599          -1.16743           1.50022
          -2.79133           -1.0532           1.61105
          -2.98191          -1.22527           1.61074
          -2.63902          -1.39639           1.86788
            3.0952          -1.17776           2.08269
           2.59933         -0.655887           2.53363
           2.61796         -0.835182           2.79318
            2.6824         -0.894451           3.04138
           3.00915         -0.694085           2.99131
           2.94399          -1.06794           2.90648
            3.0388         -0.856258          -3.07422
           3.10191         -0.626869          -3.01544
          -2.94925         -0.613432          -2.93174
          -3.06168         -0.493256          -3.08459
           2.93245         -0.215312           2.84883
           2.39755         0.0945018           2.76982
           2.60511         -0.414481           2.62765
           2.46449         -0.104514           2.24114
           2.65695          0.202059           2.19124
           2.09289          0.179239           2.30694
           1.75994         0.0553022           2.11047
           1.83599          0.248175           1.43727
           1.83537        -0.0751506           1.17699
           1.65127         -0.809803            1.1752
           1.48289          -1.13014            1.3811
           1.14785          -1.23352           1.52303
           1.04731          -1.15357           1.73517
           1.00509          -1.18292           1.81143
          0.927292         -0.849379           2.32485
          0.623165         -0.417931           2.30717
          0.551432         -0.403349           1.87049
         0.0709427         -0.405067           1.73716
         -0.351293       -0.00165358           1.69749
          0.141555         -0.184563           1.50648
          0.364322          0.237418             1.921
          0.474865          0.478851           1.75826
          0.620711           1.17468           1.80828
          0.774777           1.48396            1.8003
          0.727813           1.78396           1.58072
          0.810676           2.49702           1.42427
           0.39679           3.11805           1.16627
          0.956871          -2.55902          0.368079
           1.44121          -1.93734         -0.297186
           2.03633          -1.22083         -0.401139
           2.02021          -1.21218         -0.357359
            2.2435         -0.805212         -0.149665
           2.25546         -0.597332         0.0356529
           2.26296         -0.125407          0.157062
           2.57307         0.0884849         -0.254105
           2.82157          0.362477         -0.674107
           2.70802          0.758171          -1.16499
           2.85866          0.932404          -1.18071
           2.89371           0.96448           -1.0239
           2.72872           0.96415          -1.15722
           2.80099          0.665532          -1.43489
            2.5378          0.362447          -1.54737
           2.25834          0.623659          -1.59435
           2.06825          0.835039          -1.59862
           2.13692          0.939317          -1.38739
           1.91982           1.06544          -1.29529
           2.08401           0.66562          -1.32605
           1.77499          0.333296          -1.12565
           1.64104          0.180422          -1.34886
           1.18691         -0.164981          -1.74924
          0.513467         -0.358431          -2.22887
         0.0279048         -0.441837           -3.1054
          -0.20948         -0.937051           2.80841
         -0.312911          -1.20479           2.84574
         -0.530093          -1.31715           2.62057
         -0.618409          -1.54834           2.19625
         -0.118823          -1.46657           1.83351
          0.358652          -1.55626            1.7323
          0.916505          -2.03653           1.80838
           1.02846          -2.93491           2.46469
           1.12444           2.91171           2.83126
           1.17725           2.78926          -3.01992
           1.01557            3.0083          -2.79064
           1.50745           3.13498          -2.75354
           1.64001           3.07253          -2.92437
           1.99294          -2.97903          -2.85505
           2.00842          -2.67622           3.08242
           2.02049          -2.59256            2.4444
           2.07324          -2.57217           2.60686
           2.17139          -1.69296           2.49432
            2.5626          -1.55658           3.04456
           2.75039          -1.53768           -3.0717
          -3.12908          -1.59381           3.08234
           2.97082          -1.88883          -3.04959
           2.98336          -1.57383          -2.92577
           3.10873          -1.69636           -2.8508
           3.02993          -1.81857          -2.65063
           3.03259          -2.06999          -2.23627
           2.91746          -2.56083          -2.19539
           3.07362          -2.95783          -2.00986
           3.11992          -2.91535           -1.7732
          -2.65741           2.79109           -1.4451
          -2.51805           2.78171          -1.51493
          -2.85263           3.04151          -1.59247
          -3.06508           -2.9537          -1.19271
           2.99313          -2.52265         -0.790675
          -2.77619          -2.88447         -0.896677
          -2.06406          -2.97883          -1.10542
          -1.25077          -2.59065          -0.73545
          -1.23194          -2.16868          -1.11187
          -1.25864          -1.79367         -0.997452
          -1.83588          -1.63338         -0.721449
          -1.99801          -1.49331         -0.871645
          -2.01159         -0.978207          -1.10244
          -1.51645         -0.547002          -1.44223
          -1.77441         -0.116576          -1.64712
          -1.73357          0.102122          -1.97826
          -1.27457         0.0347399           -2.1362
          -1.38324          0.817547          -1.74365
          -1.18417           1.69151          -1.65095
          -1.25396           2.30535         -0.914483
           -2.2658           2.93689         -0.160815
          -2.64813          -2.90401          0.559504
           3.01386          -2.19891          0.245735
           2.82009          -1.24716          0.278975
           2.57245         -0.277678          0.552316
           2.66556          0.170901          0.470877
           2.57237          0.475555          0.301855
           2.96135             1.353         0.0682923
           2.85407           1.50249        -0.0790125
           2.90913           1.57581          0.320899
           3.12059           1.86191          0.894915
           3.07664           2.11618           1.07345
           3.03127           2.30958           1.30216
            2.7902           2.45272            1.4627
           2.39425           2.42164            1.3292
           2.42001           2.63486           1.64216
           2.30486            2.9068           1.82997
           2.74458          -3.13342           1.36631
          -3.08806          -2.96249           1.23695
           -2.9273          -2.81194          0.974909
          -2.95579          -2.96201            1.0569
          -3.07399           2.90678           1.32108
           -2.6956          -2.96832           1.56364
          -2.76641          -2.98292           1.36018
          -2.99262           2.85945           1.98751
          -2.97046           2.87704           1.92776
          -2.84111           2.89235           2.32617
          -2.39309          -2.97452          -3.13889
          -2.23344          -2.91962          -2.92694
          -2.26791          -2.59712          -2.67179
          -1.97701           -2.9778          -2.40378
          -2.00443           2.95012          -2.35911
           3.01562         -0.925757         -0.650676
           -2.4094          -1.32651          -1.07291
          -2.21074          -1.22331          -1.31065
          -2.36903          -1.25486          -1.47112
           -1.8638          -1.98693          -1.87562
          -1.85048          -2.27575          -2.43226
          -1.86373          -2.49756          -2.55233
          -1.72302          -2.55945          -2.48858
          -1.28206          -2.41648          -2.30089
          -1.11446          -2.43836          -2.50828
         -0.848593          -2.15251          -2.76805
          -0.73956          -1.80531           2.96829
         -0.927483          -1.79895           2.79541
         -0.592836          -1.65302           2.33002
          0.106787          -1.64865           1.50183
        0.00545158          -1.70505          0.630692
          0.430551          -1.28729            0.4992
          0.362376         -0.867587           0.14543
          0.641534         -0.826455          0.303957
           1.07943          -0.90443          0.143593
          0.752411           -1.0342         0.0305751
          0.428591         -0.924271         -0.478173
           1.13144         -0.937076          -1.12861
           1.05573         -0.791888          -1.96236
          0.990724         -0.325496          -2.50554
          0.679207         -0.215728          -2.87278
          0.627936         -0.255107          -3.11553
          0.460651         -0.118985          -2.83473
          0.510527         -0.273926          -2.85509
          0.385547          0.213124          -2.78212
          0.455644          0.447158          -2.78616
          0.376167          0.772495          -2.59435
          0.347089           1.01094          -2.78805
        -0.0974088           1.13189           -2.9208
         -0.717822           1.36917          -2.46882
         -0.788645           1.67413          -1.69459
         -0.771107           1.89393          -1.42998
         -0.235656           2.19878          -1.19058
         -0.136117           2.52523         -0.800997
          0.206424           3.10124         -0.181355
          0.443863          -2.97436         -0.125158
          0.434479          -2.55592        -0.0706199
          0.308385          -2.71232          0.116097
        -0.0191934          -2.40919          0.187797
         -0.588425          -2.42323          0.406147
         -0.643341          -2.57503          0.761827
         -0.954045           -2.4617          0.929824
          -1.19524          -2.10608           1.18261
         -0.915788          -1.61153           1.66774
         -0.962141          -1.22492           2.25036
         -0.927103          -0.83032           2.78773
          -1.09131         -0.340017          -3.07711
         -0.864377          0.382349           -3.0044
         -0.719622          0.557523          -2.75227
         -0.335881          0.464246          -2.73138
         -0.119621          0.422377          -2.10689
          0.150855       -0.00282245          -1.54063
          0.405825         -0.266648            -1.126
          0.368801         -0.648165         -0.648617
          0.667942            -0.833         -0.276857
           1.22362         -0.884228         -0.611654
           1.80182         -0.840141         -0.317298
           2.11396         -0.961719          0.308071
           2.46202         -0.919894          0.761357
            2.8784         -0.834719          0.790147
          -2.99169          -1.21997          0.599149
           3.04506          -1.30285           0.82684
          -2.96392          -0.80781          0.636286
          -3.10561         -0.656177          0.606024
           3.07043          -1.00201          0.748308
          -3.10469          -1.21214          0.472588
          -2.63558           -1.3622          0.203892
          -2.36014          -1.41776         0.0554209
          -1.63014         -0.659034         -0.281561
           -1.4566         -0.569048         -0.732754
          -1.35701         -0.589796         -0.582638
          -1.52216         -0.546775         -0.663959
           -1.2567         -0.430132         -0.773083
         -0.650609         -0.585328         -0.988907
         -0.571615         -0.832181          -1.06386
         -0.304146          -1.16781         -0.831282
          0.187089          -1.16668         -0.656487
          0.852747          -1.64232         -0.783666
           1.10224          -1.65669         -0.930013
          0.875069          -1.92349          -1.03251
           0.64933          -2.06825         -0.746322
          0.377943          -1.61353         -0.181633
          0.216214          -1.63256          -0.42302
          0.280984          -1.58742         0.0650625
          0.663442          -0.93621          0.279999
          0.831927         -0.540376         0.0558351
          0.776078          -0.31021        -0.0102297
          0.717678         -0.250129          0.385233
           1.27798         -0.800914          0.411368
           1.59226         -0.368464          0.247504
           1.64316          0.194108          -0.20197
           1.81179          0.342672         -0.138389
           2.39623           0.47127         -0.741551
           2.32453           1.05968          -1.05131
           2.30329           1.36501          -1.26352
           2.02592           1.42946           -1.2836
           2.08314           1.44494          -1.77527
           1.69507           1.71321          -2.23569
           1.79078           2.02496          -2.84343
           1.77265           1.85182          -3.07927
           1.70483           1.82792           2.98553
           1.15381           2.27218           2.72371
          0.722399           2.18623           2.47418
          0.479448            2.1208           2.12389
          0.639982           1.79862           1.86913
          0.583931           1.33063            1.4977
          0.512207           1.33528           1.17676
          0.524943          0.672899           1.13364
          0.413387          0.197683            1.1734
          0.243494       0.000162909           1.24016
          0.054882          0.264169           1.31757
         -0.522327          0.651892           1.31253
         -0.561909          0.463999           1.11471
         -0.227505          0.742012           1.04326
          0.162869          0.983031           1.12498
          0.508556          0.703399           1.18355
           1.15327           0.40027           0.96239
           1.57346         -0.340488           1.00143
           1.64647         -0.822701          0.915111
           2.19217          -1.52934          0.780455
           2.34615          -1.84746          0.894521
           2.94621          -1.97079           1.07715
           3.09902          -2.46749           1.20984
          -2.43753          -2.67499           1.21458
          -2.43048          -2.77889           1.15665
          -2.33941          -2.88273           1.15482
          -1.83634          -2.73157          0.970317
          -2.16373          -3.11736          0.377825
          -2.39562           2.86075          0.135629
          -2.24205           2.42181          0.387175
          -1.61938           2.30725           0.68264
         -0.801218           1.87115           1.17843
         -0.563474           1.04359             1.251
         -0.264021          0.836011           1.88938
          0.155962           1.06398           2.38806
          0.296268           1.39582           2.49708
          0.165006           2.11119           2.83258
         0.0237448           2.09002          -3.10579
          -0.32173           2.02751          -2.71802
         -0.475701           2.23976          -2.64777
         -0.268789           2.40726          -2.30943
          0.174317           2.24597          -2.29594
         0.0986191           2.19177          -3.07556
           0.24715           2.12867           3.11513
          0.810916           2.03896          -2.97384
            1.1919           1.87432           -2.7665
           1.41966           1.99899          -2.99212
           1.29025           2.01299           3.13385
           1.42676           2.15649          -2.92593
           1.17707           2.62052          -2.78927
          0.725405           2.83881          -2.64109
          0.016521          -3.13858          -2.65806
         -0.843235          -2.90289          -2.48516
         -0.934186           2.61448          -2.28677
          -1.26088           2.51248          -1.81927
           -1.5943           2.58424           -1.3849
           -1.7331           2.48138          -1.38638
          -2.18126           2.23685         -0.760934
          -2.90968           2.24375         -0.129419
           2.14342           2.36846          0.441875
            1.1507           2.48287          0.231358
          0.670481           2.39894           0.41439
         -0.535003           2.79196          0.584468
          -1.08934           2.57984          0.806078
          -1.52093           2.05258          0.322781
          -2.16252            1.6207          0.280843
            -2.612           1.37576          0.149983
           2.99555           1.32253         -0.114678
           2.41764           1.04434         -0.073138
           1.66168          0.755093         -0.232098
          0.784502          0.492039         -0.790751
        -0.0392673        -0.0792404          -1.24291
          -0.52649         -0.220788          -1.49784
         -0.450775          -0.74029           -1.7351
         -0.846458           -1.2927          -1.61699
         -0.873437          -1.04851          -1.46052
          -1.37461          -1.34999          -1.12939
          -1.91116          -1.35892         -0.843801
          -2.59129          -1.67863         -0.898545
           3.08592          -1.64591         -0.813602
           2.81426          -1.34922         -0.479832
           2.86354          -1.04174         -0.569779
           2.00443           1.37749          -2.66385
           1.49805          0.917162          -2.26631
           1.49616           1.00254          -1.68261
           1.26314             1.075          -1.29324
           1.17982          0.691296          -1.07793
           1.39451          0.229844         -0.796605
          0.970844           0.11071         -0.857229
          0.971276         0.0253363          -1.51715
          0.875116         -0.086028          -1.70146
          0.999209         -0.431784          -2.06884
          0.928394         -0.472605          -2.45378
          0.904523         -0.932268          -2.24394
           1.01041          -1.41126          -2.90741
           1.01054          -1.50521            2.9125
           1.35858          -1.02052            2.5087
           1.72429          -1.09534           2.77212
           2.36366         -0.930915           2.77508
           2.73493         -0.959712           3.12612
           3.03257          -1.38634          -2.70991
           3.06445          -1.17074          -2.21169
           2.98429          -1.12103          -1.78722
           2.62968          -1.30148          -1.42278
           2.96433          -1.06051          -1.51519
           3.11412         -0.432309           -1.1431
           3.00362          0.397766         -0.488375
           2.74922          0.745776         -0.765941
           2.30701           1.06762          -1.03125
           2.45256          0.930815          -1.22039
           2.54784           1.18158          -1.57898
           2.48799           1.16927          -1.58157
            2.8004           1.32583          -1.23892
           3.10879           1.62547         -0.899059
           2.80896           1.68536          -0.68558
           2.89433           2.09268         -0.738812
           2.85307            2.3368         -0.830449
            3.1062            2.2658         -0.977076
           2.95598           2.90206          -1.13353
          -2.73087           3.12991         -0.894851
          -2.30088          -2.67789         -0.959433
          -1.61663          -2.06071         -0.545615
          -1.45198          -1.50329         -0.722014
          -1.43408          -0.86619          -1.10503
         -0.840817         -0.510172          -1.85966
         -0.416622         -0.923552          -2.33443
         -0.456864         -0.799924          -2.98418
         -0.473256         -0.916192           2.92333
            -0.396              -1.6           2.44047
         -0.622598          -1.88522           1.88823
         -0.435706          -2.16432           1.06585
         -0.369761          -2.24111          0.381856
          -0.87344           -2.5626          -0.66871
          -1.25759          -2.92328          -1.33346
          -1.60851           3.05703          -1.90202
          -2.05374          -3.12452           -2.2654
          -1.90082           3.11919          -2.30836
          -2.14184          -2.87678          -2.48229
           -2.0595          -3.00026          -2.67452
          -1.96977           2.78002           -2.8084
          -1.98917           2.16113          -2.09643
          -1.98304           1.93624          -2.10764
          -2.41086           1.55902          -2.62515
           -2.4752          0.718085          -3.03308
           -2.4275         -0.464399          -3.11186
          -2.46299          -1.01713           -2.8058
          -2.39677          -1.19816          -2.97966
          -3.01865          -1.48486           2.72435
           2.61178          -1.24665           2.40413
           2.31358          -1.19194           2.32909
           2.21504         -0.815195            2.4173
           2.02111         -0.648469           2.28941
           1.88496         -0.477604           2.39366
            2.0844         -0.429484           2.25082
           2.31933         -0.357344           2.18777
           2.79027         -0.337098           1.80373
          -3.12086         -0.688158           1.72171
          -3.02146          -1.25303           1.67719
          -3.05729          -1.31963           2.18293
           2.99661           -1.0245           2.60468
           2.94817          -0.64292          -3.13835
           2.67541        -0.0700751          -2.64408
           2.31737        -0.0499747          -1.85251
           2.08611         -0.144715          -1.74741
           1.86443         -0.345206          -1.64123
           2.04906           -0.5669          -1.40918
           2.28171         -0.339747          -1.18188
            2.3503         -0.217178          -1.18518
           2.41085          0.159554          -1.10499
           2.17195          0.828061         -0.838158
           2.31113           1.22281         -0.683689
           2.90467          0.815489         -0.299631
          -3.02095          0.968614         -0.574164
          -2.78349          0.707423         -0.548518
          -2.69884          0.579793         -0.628032
          -2.99109          0.570161         -0.746285
            2.8689          0.516127         -0.758575
            2.3898          0.661772          -1.11879
           2.16774          0.831371          -1.52059
           2.10878          0.934011          -1.90735
           2.12881           1.05469          -1.95229
            2.2708           1.36217          -1.86549
           2.15735           1.79946          -2.07495
            1.8633           2.05986          -1.79123
           1.54526           2.17035          -1.71716
            1.6902            2.3715          -1.74881
           1.85876           2.27548           -1.0708
           2.20184           1.84068         -0.808613
            2.1175           1.66366         -0.837127
           1.57645           1.79456         -0.776659
           1.53085           2.18313         -0.846182
            1.9782           2.41075         -0.889915
           2.23314           2.68731         -0.462762
           2.45566            2.7284         -0.286435
           2.21583           2.39492         -0.324784
           1.81697           2.08501         -0.708647
           1.91409           1.82235         -0.811264
            1.6175            1.5613         -0.899848
           1.97568           1.68581         -0.747338
           2.92131           1.39743          -1.32146
          -3.02451           1.09695          -1.40249
          -3.00241          0.899114          -1.78759
          -3.11983          0.612249          -1.68911
           2.73376           1.00716          -1.84692
           2.46969          0.768808          -2.02251
           2.14479          0.907858          -1.97378
           1.52654          0.897695           -2.1169
          0.888393          0.987096          -2.23569
          0.854801           1.05916          -2.46919
          0.684503          0.171163           -3.0981
          0.870853         -0.540213           3.07933
          0.877244         -0.811151           3.00422
          0.879168          -1.11194           2.91254
          0.819201         -0.973098           2.38572
          0.757992          -1.50372           1.94869
          0.336152           -1.7277           1.82581
          0.471327          -1.95764          0.978771
           0.44512          -2.11561          0.505427
        0.00266543          -2.49786         -0.106529
         -0.646085            -2.596          -0.29082
          -1.21268          -2.83162         -0.689845
          -1.70569             2.938         -0.460232
          -1.62032           2.80764         -0.237191
           -1.6903           3.05128         -0.218564
          -1.65876           2.86138           0.11093
          -1.40806           2.84474          0.432639
          -1.20791            2.9045          0.170824
          -1.30635            3.0784          0.310431
          -2.08109          -2.92776          0.746728
          -2.55158          -2.60081           1.40296
           -2.5563          -2.11586           1.25863
          -2.82555          -2.08728           1.46704
           2.91131          -2.17216           1.55368
           2.44509          -1.83459           1.92527
           1.90012          -1.84851           2.66465
           1.43636          -1.96681           3.02847
           1.39352          -1.57119          -3.02317
           1.47069           -1.3728          -2.23573
           1.03207          -1.86878          -1.91104
          0.890102          -1.59793          -1.46105
          0.614668          -1.25415          -1.18457
          0.573566         -0.568894         -0.734717
          0.480264          0.338998         -0.161186
          0.633479          0.837429          0.338386
          0.833022           1.12134           1.21207
           1.40574          0.872271           1.12094
           1.80723          0.645403           1.20028
           1.85073          0.154227           1.56736
           3.01194        -0.0428407           1.70532
          -2.47389         -0.041619           2.07907
          -2.36186        0.00444609           2.73475
           -2.2219         -0.495076          -2.79159
          -2.02575         -0.998258          -2.10768
          -1.93561          -1.08969          -1.73833
          -1.68287          -1.02093          -1.60762
          -1.49724         -0.905613          -1.66445
          -1.12253         -0.703892          -1.98136
         -0.630914          -0.38517           -2.0581
          0.213469         -0.216933          -1.66314
          0.370293          0.374233          -1.51867
           0.50744           0.82174          -1.22656
           0.97556           1.03697           -1.1331
           1.35472            1.3552          -1.14807
           1.42492           1.22856          -1.59602
           1.57773            1.3006          -2.13821
           1.77151           1.21413          -2.69339
           1.72243           1.34527          -2.92073
           1.81033           1.09949          -2.75561
           2.12515           1.42822          -2.77631
          -1.53926          0.535526            1.7864
            -1.453          0.771575           2.14784
          -1.36866          0.952012           2.12622
          -1.51241          0.991584           2.25893
          -1.56867           1.29821           2.50725
          -1.48624           1.28808            2.6849
          -1.25242           1.23121           2.63443
          -1.79558           1.00424           2.40941
          -2.00177           0.79086           2.10989
          -1.99302          0.335694           2.22919
          -1.88358        -0.0715621           2.39171
          -1.92216          0.185057           2.29599
          -1.76766         -0.485342           2.19509
          -1.50525         -0.999969           2.02099
         -0.957671          -1.01106           2.27476
         -0.706303         -0.489098           2.71429
         -0.612319         -0.543597            2.9476
         -0.194873          -0.53744           3.07469
          0.279756         -0.245955          -2.96032
          0.367808         -0.376022          -2.33168
          0.353899         -0.157614          -2.30504
          0.269336        -0.0781401          -1.91325
          0.660261         -0.498295          -1.60632
          0.776165          -1.19842          -1.62939
          0.483626          -1.41543          -1.59813
          0.598677          -1.52346          -1.10888
            0.7197          -1.88469         -0.425588
          0.989103          -2.64126         0.0404501
           1.02892          -2.46823          0.389628
           1.02592          -2.74747            1.0423
           1.48066          -2.87668           1.54836
           1.60667          -3.07095           1.89985
           1.56715           3.08052           2.64968
           1.65695           3.05148           -2.9728
           1.84762           3.05526          -2.52688
           1.66789            3.0562          -2.39174
          0.962621           2.79925          -1.87202
           1.09941           2.57737          -1.37553
          0.794707           2.86221          -1.38521
          0.738823          -3.00944          -1.42456
          0.610177          -2.77419          -1.30843
           0.51067          -2.21102          -1.43747
          0.568527          -2.06123          -1.31055
          0.716426          -1.78766           -1.5213
          0.580703          -1.39865          -1.48844
          0.925772          -1.06399          -1.50792
          0.935266         -0.550922          -1.52261
           1.38442          -0.34985          -1.59591
           1.51479         -0.290434          -1.60467
           1.39586         -0.154381          -1.58754
           1.87065         -0.521587          -1.60563
           1.87748         -0.642918           -1.5181
           1.34213         -0.618881          -1.56682
          0.955345         -0.765197          -1.96244
          0.797884         -0.933146            -2.116
          0.682706          -1.49521          -1.87667
          0.100155           -2.0774           -2.0732
         -0.368519          -2.13598          -1.97623
         -0.789433          -2.05546          -2.35034
          -1.53161          -2.66944          -2.33845
          -1.71592          -2.67021          -2.03739
          -2.34543          -2.88923          -2.16313
           -2.8331          -2.50113          -2.32121
          -2.86525          -2.53397          -2.92855
          -2.54363          -2.54956          -2.73873
          -2.27873          -2.79231          -2.68654
          -2.05802          -2.93262           -2.8726
          -2.67223          -2.64212          -2.51347
          -2.37173          -2.58412          -2.99614
          -2.00698          -2.31474          -2.88592
          -1.81623          -2.17729          -3.07078
          -2.13103          -1.71432           2.55819
          -2.16357          -1.39526           2.70935
          -2.00421         -0.756068           2.89766
          -1.84913         0.0689403           2.91046
          -1.89467          0.876462           2.80151
          -1.99925           1.82062           2.44629
          -2.50132           2.17993           2.25368
          -2.68522           2.41323           2.16805
           2.95849           2.40249           2.38973
           2.71613           2.61718           2.70845
            2.0404           3.06675           2.54537
           1.64555          -3.04063           2.65762
           2.04783          -2.69585           2.80897
           2.23344          -2.17828           2.96739
           1.99978          -2.40675            3.1128
           2.29205          -2.35469           3.03585
           2.44502          -2.25793          -2.99691
           2.69308          -2.17908          -3.00319
           2.58401           -2.5711          -2.66687
           3.00007          -2.26504          -2.36449
           2.81481          -2.30023          -2.21079
           2.70994          -1.82121          -2.07384
           2.28084          -1.51991          -1.70043
           2.01189          -1.05111           -0.8091
           1.97497          -1.02697        -0.0379791
           2.15447          -1.09368          0.299227
           2.30743          -1.51166          0.949597
           2.79359          -1.21647           1.38892
           2.94851          -1.16096           2.07285
            3.0326          -1.16677           2.94404
           2.99162          -1.24788          -3.01946
           2.89797          -1.44123          -2.60949
          -3.12354          -1.79192          -2.71885
           3.12169          -1.90491           2.80054
           2.96192          -1.44897           2.54568
           2.26909         -0.970237           1.77446
           2.29459         -0.717463           1.21174
           1.80772         -0.599348          0.841175
           1.76476          -0.40808           0.94288
           1.90803         -0.234694          0.859379
           2.13224         -0.635225           1.00818
           2.22175         -0.531024           1.04618
           2.30718          0.201825          0.903192
           2.25925          0.699106            1.0508
           1.83048           1.16269           1.02841
           1.75205           1.13962           1.07314
           1.45516          0.808738           1.21386
           1.51708           1.04535            1.2586
            1.8282           1.15331            1.4407
            2.2049            1.1969           1.81445
           2.53538           1.04482           1.60333
           2.71407           1.52535           1.54083
           2.90448           1.34578           1.85162
           2.83578           1.04786           2.40694
          -2.89242          0.451007           2.65153
          -2.48732         -0.228746           2.72693
          -1.65569          -0.94547          -3.04011
          -1.62468          -1.34397           2.89142
          -1.68503          -1.87676           2.82669
          -2.11165          -2.06556           3.00952
          -2.69735          -2.84348            2.7875
          -2.67276           2.88269           2.65749
          -2.42053           2.91287           2.15584
          -2.15945          -3.00142           1.44217
          -2.16811           -2.5734           1.08754
          -2.49882          -2.08765           1.02437
          -2.20679          -2.05171          0.346083
          -2.29544          -2.05663        -0.0744666
          -2.43013          -2.10658         -0.716404
          -2.11965          -1.67441          -1.01821
          -1.49499          -1.93778          -1.22536
          -1.07907          -1.98691         -0.997798
          -0.93516          -1.69885          -1.66333
         -0.571778          -1.28801          -2.38329
         -0.451532          -1.11922           2.67425
         -0.440358          -1.08077           2.10183
         -0.654052         -0.711109           1.47885
         -0.686031         -0.434001          0.422764
          -0.32612         -0.304508         -0.615422
         -0.449798          -0.59145            -1.261
          -0.18399         -0.676746          -1.69444
         0.0712977          -1.09895          -2.50515
          0.112918          -1.58818          -2.72747
           0.15403          -1.83697          -2.83163
          0.539538           -1.8657          -3.08021
           1.23531          -1.81805          -3.13544
           1.80062          -2.18129           2.84214
            2.1332          -2.50052           2.63744
           2.69758          -2.32845           2.34733
           2.63218          -2.74711           2.70153
           2.51645            2.8906          -3.14104
           1.90612           2.17523           3.05345
           1.10299           1.51728          -2.99815
           1.24568           1.52408           3.02489
           1.68383           1.45218           3.03203
           1.35938           1.52371           -3.0791
          0.865875           1.43877           2.83584
          0.662987           1.38487           3.01311
          0.837943           1.71342           3.08926
          0.368709           2.00583          -2.58971
          0.199392           2.21713          -2.29098
       -0.00807091           2.05178           -1.9496
         -0.104779           1.67231          -1.67629
         -0.103624           1.02251          -1.69086
         -0.136244           1.13168           -2.0372
          0.116652           1.02073          -2.32407
         -0.263503          0.986034          -2.71418
         0.0958547           1.32866          -2.76476
          0.384691            1.6276          -2.43841
          0.531028           1.34482          -2.78018
         -0.106454           1.32954          -2.73656
         -0.221487           1.17924          -2.64763
         -0.756363           1.06005           2.83666
         -0.409145          0.701166           2.20512
         -0.656038          0.328364           1.88662
          -1.31317          0.520055            1.8331
         -0.648583         -0.519038           2.65059
         -0.270362         -0.506105           2.06189
        -0.0447532         -0.628181           1.56845
          0.332667         -0.606145          0.686142
          0.789085         -0.557954          0.389923
           1.81286           -0.7571         0.0924246
           2.26269         -0.920392         -0.412856
            2.1791          -1.63723         -0.722411
           2.09834          -1.85645          -1.18829
           2.57486          -1.41282          -1.21696
           3.01974          -1.67644          -1.56481
          -3.08459          -1.97242          -2.20642
          -2.96733          -2.34971          -2.80575
          -2.98891           -2.6342           2.93202
          -2.72707          -2.71354            2.6753
          -2.14464          -2.53645           2.51753
          -2.07898          -2.70314           1.79151
          -1.99612           -2.5512           1.19155
          -1.97933          -2.70305         0.0813209
          -1.35177           -2.4874         -0.364651
          -1.07926          -2.01487         -0.817754
         -0.668335          -2.43815          -1.15899
          -0.71084          -2.81015         -0.992547
         -0.722004            3.1105          -1.04747
          -1.09052           2.95723          -1.11581
          -1.23416           2.98552          -1.25169
          -1.31985            2.9201          -1.67319
          -1.06135           2.75341           -1.7367
           -1.2022           2.57549          -1.79006
          -1.35991           2.47088          -2.46572
          -1.48376           2.81615           -2.3522
         -0.882644           2.87451          -2.57984
         -0.631118           2.69063           3.07868
         -0.743069           2.68338           2.46684
          -1.13096           2.53518           2.17031
          -1.14263           2.09594           1.95269
          -1.19508           1.85485           1.59766
          -1.33321           1.43802           1.25078
         -0.876256           0.94301           1.37584
         -0.983043           1.13365            1.3396
          -1.14326            1.4652           1.40195
          -1.09878           1.76158           1.15659
          -1.15714           1.65973          0.834766
          -1.22291           1.10591          0.713523
          -1.10593           1.14362          0.873278
         -0.831434           0.89224          0.843893
         -0.883793          0.477377           1.08944
          -1.13238        -0.0515184           1.46975
         -0.986137         -0.262869           1.52439
         -0.562866         -0.016474           1.89153
         -0.207283          0.285223           1.81775
        -0.0819503          0.122912           1.73689
          0.177768         0.0841346           1.24936
          0.729715          -0.14779           1.42386
           1.21271          -0.65215           1.18138
           1.05809         -0.837986           1.47827
           1.30932         -0.870435           1.72939
           1.09974          -1.04008           1.55901
          0.907655           -1.1347           1.60396
          0.752534         -0.967354           2.14455
          0.726721          -1.50799           2.92132
           1.12844           -1.8932          -2.60493
           1.41792          -1.72798          -1.56459
           1.00161          -1.90888          -1.14649
          0.527092          -1.61707         -0.240603
          0.193624          -1.60333          0.615781
        -0.0523534          -1.28086          0.702861
           0.39066         -0.993084          0.509829
          0.476511         -0.701121          0.739641
          0.324406         -0.519756          0.786772
         0.0395447         -0.645111           1.16755
          0.490031         -0.801676           1.42192
          0.672722         -0.698417           1.77951
          0.861239         -0.472169           1.59685
          0.722313         -0.148669            1.8042
          0.585653         -0.232395           1.59212
          0.106951         -0.245841           1.62185
         0.0818341        -0.0206559           0.97463
          0.130536          0.243668          0.230669
          0.633932          0.269221          0.621164
           1.18769         -0.017449           0.54351
           1.22137          0.409951          0.605594
           1.51739          0.500919           0.68445
           1.40605          0.769162          0.940909
           1.30093          0.494589          0.718558
          0.574371          0.502358          0.598325
        0.00206541          0.374942          0.824847
         -0.221462          -0.19757          0.435338
         -0.677373         -0.361976          0.472441
          -1.03945         -0.243774         -0.126609
          -1.99623         -0.261143          -0.27464
           -2.9528         0.0165504         -0.577488
           2.99541           0.45431          -1.37094
            3.0014          0.613475          -2.22296
           2.93932            1.2677          -2.78033
           -2.7377           1.22531           3.08927
          -2.58628           1.34013           2.91082
          -2.26632           1.18568          -2.98075
          -2.52057           0.90311          -2.69667
          -2.67149           1.09144           -2.3645
          -2.63776          0.907124          -2.30003
          -2.34199          0.914519          -2.81787
          -2.14177           1.17174          -2.72795
          -2.20776          0.949527          -2.38538
          -2.28659          0.918723          -2.42269
          -2.36286          0.604831          -3.10382
          -2.66237          0.470287           3.04663
           3.02356           0.62959           3.00656
           2.62423          0.783312           2.78685
           1.93349          0.847639            2.9165
           1.20931          0.612234           3.01553
          0.214575           1.20412          -3.11807
         -0.143517            1.4754          -2.69495
          0.156679           1.62646           -1.9811
         0.0397099           1.62591          -1.50223
          -0.41392           1.30302          -1.25701
         -0.148024          0.844257          -1.28788
         -0.113075          0.667758          -1.24404
          -0.10134          0.125889          -1.36301
         -0.449215         -0.389144          -1.04256
         -0.670375         -0.787162        0.00113095
          -1.12921          -1.13494          0.625219
          -1.53602          -1.21511          0.669217
          -2.03792          -1.32567           1.03269
           -1.8179          -1.99408           1.64772
          -2.12815          -2.08926           1.89171
          -2.31912          -2.04437           1.64569
          -2.15859          -1.97209           1.85584
          -2.47586          -1.93295           2.67362
          -2.25872          -1.72157           2.79881
          -2.15941          -1.70386           2.35698
          -1.88086          -1.85134           2.38618
          -1.83799          -1.38572            2.4584
          -1.77852          -1.67075           2.74985
          -1.95363          -1.72755            2.6181
          -1.69285          -1.71464           2.18128
          -2.09121          -1.65312           1.78884
          -2.47572          -1.59218           1.91199
          -2.63581          -1.60386           2.30415
          -2.69631          -1.12207           2.38292
          -2.67679         -0.679307           2.44271
          -2.70151         0.0202527           2.61082
           3.13701          0.418778           2.17091
           2.57758           0.86767           2.24157
           2.39225           1.15397           1.91362
            2.6831           1.28528           1.71936
           2.31167           1.52207           1.91088
           2.53628           1.64958           2.01686
           2.64651           1.22367           2.05561
           2.73297          0.278595           2.11434
           2.79168        -0.0456087           1.84757
           2.98732         -0.752981           1.98056
           2.79973         -0.798129           2.56747
           2.74724          -1.00535           3.12558
           2.11401          -1.13289           2.97459
           2.32202         -0.912348          -2.83062
           2.35258         -0.251132          -2.20439
            2.2904           0.22706          -2.08359
           2.18308          0.339565          -2.46244
           2.26031           1.16556          -2.67879
           2.45045           1.35178          -2.53499
           2.63765           1.79386          -2.11507
           2.90533           2.05202          -1.66744
          -3.05658           2.50348          -1.18433
          -2.90298            2.5423         -0.762811
          -2.63263           2.24185         -0.227415
          -2.42088            2.2363         -0.681769
          -2.31941           2.69658          -1.02875
          -2.44679           2.86479           -1.1798
          -2.04587           -2.9627          -1.31228
           -1.6699          -2.32679         -0.918733
          -1.34107          -1.85724          -1.57255
          -1.37326          -1.60299           -1.6243
         -0.884232          -1.27589          -1.12621
         -0.691011         -0.951708          -1.14164
         -0.565302         -0.668627          -0.74247
         -0.769947         -0.605548          -0.41332
         -0.795913         -0.803759          -0.27085
          -1.20183         -0.596211         -0.181877
          -1.36359         -0.850529         -0.386091
          -1.53307         -0.748999         0.0699703
          -1.47612         -0.935557         0.0805426
          -1.35615          -1.10539        -0.0439726
          -1.28828          -1.04438          0.616636
         -0.861253         -0.684801           1.31228
         -0.490194           -0.5641           2.15569
         -0.623633         -0.536519           2.62353
           2.41361           1.33477           -2.7662
           2.73082           1.41831          -2.30473
          -3.07588           1.38761          -1.41467
           -2.8992           1.62635          -1.26285
          -2.83025           1.63832          -1.23207
           3.06379            1.6221          -1.57626
              2.19           1.89534          -1.62971
           1.65874           2.02808           -1.2364
           1.31805           2.41001          -1.07215
           1.52919           2.96733         -0.701978
           1.16309            3.0136         -0.103349
          0.874375          -3.12204          0.345813
          0.923425          -3.06724          0.546079
          0.889281          -2.85102          0.388794
          0.948663          -2.14873          0.221071
           1.21395          -1.61456           0.64886
           1.40595          -1.51266          0.605854
           1.13623          -1.85118          0.633517
            1.4536          -1.73225          0.902615
           1.28068          -1.87305          0.737342
           1.03471           -1.5506          0.721746
           1.29022          -1.89976          0.841114
           1.44421            -1.705          0.757245
           1.59718          -1.84536          0.621388
           1.59522          -1.58351          0.207919
           1.77911          -1.12853          0.208034
           1.73475         -0.648303          0.236855
           1.84537         -0.757505          0.404415
           1.62541          -1.10549          0.644747
           1.43914          -1.36581          0.353598
           1.52108          -1.48809          0.319758
           1.52173          -1.28087          0.807659
           1.54564         -0.920551          0.816334
           1.45012         -0.914433           0.92083
           1.53907          -1.56483           1.34207
           1.85765          -1.99682           0.82731
           1.93514          -2.03382          0.810724
           1.83137          -2.39061          0.495688
            1.9401          -2.68099          0.350582
           2.26555          -2.89868         -0.131474
           2.04037          -3.00479          -0.30791
           1.70458           3.11025        -0.0388597
           1.83222           2.79767          0.101988
           1.53408           2.08582          0.340216
           1.11707          0.972327          0.296768
          0.262744          0.857992          0.562725
         0.0813848           1.14801          0.383969
         -0.192024           1.38443          0.385423
           -1.1522           1.12211          0.722765
          -1.46634          0.888053          0.359582
          -1.51505           1.08626        0.00420472
          -1.31118           1.00169         -0.318787
          -1.27185           1.07441        -0.0784572
          -1.43421           1.35941         -0.324621
          -2.09555           1.70483         -0.424443
          -2.35577           1.66188         -0.605824
          -2.68443           1.39458         -0.636247
          -2.91265           1.05715         -0.998527
           3.04957          0.884806          -1.16085
           2.43166          0.443571          -1.80412
           2.50786          0.513177          -2.23506
           2.51159          0.665316          -2.49602
           2.26231          0.964903          -2.68237
           1.87666           1.02578           2.83979
           1.45537           1.04705           2.10316
           1.06162           1.14157           1.01549
          0.590763          0.946995          0.626031
        -0.0705184           1.63955          0.163446
         -0.415725           1.89782         -0.259808
          -0.69553            1.8237          -1.23341
          -1.07178           2.52184          -1.75508
          -1.46859           2.67052          -2.05644
          -2.50619           2.84548          -2.57486
          -2.93548           2.96028           3.13483
            3.0078           2.73085           2.96769
           2.62016           2.32844           2.65896
           1.89172           2.40987           2.54146
           1.87899           2.39746           2.52841
           2.11965            2.0515           2.19349
           1.92248           2.86012           1.90038
           1.33834           2.73206            2.1052
           1.52331           2.56025           2.18024
           2.00603           2.08794           2.38424
           1.69006           2.52644           2.71002
           2.47762           2.73228           2.84278
           2.49013          -3.11844           2.59095
            2.7229          -3.02203           2.31926
           2.60049          -2.95495           2.26174
           2.74848          -3.12528           2.53229
           2.96747          -2.85879           2.83429
           3.00456          -2.89256           2.98762
          -2.86221          -2.69968           3.10403
          -2.22817          -2.72029          -2.92763
          -1.91381          -2.90541          -2.24382
          -1.70756           -2.5144          -1.95353
          -1.43413          -2.38063          -2.38756
          -1.03369          -2.07612          -2.18825
         -0.935391          -1.49986          -1.88447
         -0.355456          -1.61436          -2.07314
         -0.643242          -1.76263          -2.08554
         -0.428958          -2.15848          -1.81148
         -0.123933           -1.7191          -1.53965
         -0.100462          -1.59824          -1.09253
         -0.172814          -1.17119          -0.95653
          0.242287         -0.741747          -0.94687
         -0.303795         -0.619261         -0.595244
         -0.866371         -0.903983          -0.17064
          -1.40637          -1.00139        -0.0538585
          -2.01968          -0.81974          -0.15578
          -2.52039         -0.140919         -0.442557
          -3.05553          0.105318          -1.13534
          -2.56659          -0.45697          -1.15007
          -1.89617          -1.06163         -0.917152
          -2.01306          -1.45805         -0.847529
          -2.01477           -1.6873          -0.74068
          -2.10959          -1.48313         -0.714226
          -1.80496          -1.22835         0.0711512
          -1.85291          -1.05362           0.32557
          -1.71432           -1.0497          0.860515
          -1.32141         -0.783897          0.698905
          -0.66908         -0.862213           1.00788
         -0.231586          -1.28452          0.700011
          0.576673         -0.881711          0.791628
          0.848229         -0.745371           1.06162
           1.16292         -0.163412           1.40173
           1.82585        -0.0517619           1.17777
           2.13152         -0.152551          0.991848
           2.10106         -0.166345           1.34199
           2.34399         -0.302598           1.80728
           2.14149         -0.587065           2.44675
           2.33063         -0.824428           2.85132
           2.68231           -1.4523          -2.57257
          -2.91434          -1.54132          -2.27611
          -3.03603          -1.45367          -2.11137
          -2.75984         -0.969279          -1.45612
          -2.90635         -0.521743         -0.985468
          -2.16357         -0.874972         -0.810062
          -1.92143         -0.952603         -0.979776
          -2.06871         -0.960588          -1.38069
          -1.80922          -1.00185          -1.99443
          -2.09867         -0.912171          -1.86944
          -2.24856           -0.7683          -1.56234
          -1.57947         -0.401495          -1.56502
          -1.24674          0.021963          -1.63341
          -1.26138          0.401802          -1.93399
         -0.814785          0.431047          -1.95517
         -0.791843           1.22475          -1.68941
         -0.538033          0.785727         -0.977989
         -0.725882          0.420743         -0.930481
         -0.914136         -0.291299          -0.39509
         -0.981298         -0.538158         -0.208067
         -0.734426         -0.929146         0.0465344
          -0.13455         -0.842795          0.188775
          0.559989         -0.892295          0.197364
          0.815856          -1.30278        -0.0701961
           1.02508          -2.00127          -0.16556
           1.22785          -2.58161         -0.283483
           1.52423          -2.82266         -0.806613
           1.98697           2.77881         -0.850852
           1.85935           2.38159           -1.0361
           1.83192            2.1689          -1.03611
           2.21993           1.89006         -0.843146
           2.51939           1.25628         -0.933287
           2.28586           1.18268          -1.12186
           2.00136           1.42585          -1.73104
           1.98107           1.63231          -1.95497
           2.09028           1.10723          -1.68689
           2.17314           1.10785          -1.55529
           2.19376           1.05439          -1.50377
           2.17377           1.29579          -1.04301
           2.02432           1.11924         -0.684883
           1.95958           1.20965         -0.422356
           2.49886           1.86764         -0.215914
           3.08215            1.6664          -0.69202
          -2.47635           1.29489          -1.05594
          -2.20145          0.946848         -0.997289
          -2.42887           1.02597         -0.645201
          -2.63514           1.31925          -1.00179
          -2.30163           1.06581          -1.69769
          -2.29166          0.814148          -1.95426
          -2.26391          0.569356          -1.96756
          -2.44622         0.0242864          -2.45579
          -2.78084        -0.0393847          -2.27836
           3.10769          0.496791          -2.21368
           3.04533          0.806453          -2.45869
           2.84281          0.882118          -2.72997
           2.48674           1.09853          -2.91909
          -1.72133         -0.146453           2.29699
          -1.93505          0.235776           2.02525
          -2.25025          0.528015           2.10301
          -2.53808          0.528625           1.44238
          -2.92616          0.422517           1.52818
           3.06055          0.156438           1.17385
           2.38156         -0.172524          0.944981
           2.11837         -0.411349           1.35166
           1.54009         -0.801977           1.81472
          0.880304          -0.34586           1.72966
         -0.221259         -0.738505           1.43687
         -0.483608         -0.372298           1.44032
          -1.19661         -0.683733            1.0812
          -2.03484          -1.40674          0.612321
          -2.91506          -2.17412          0.629173
           2.78988           -2.5042          0.561483
           2.63095          -2.91535          0.091512
           2.54337          -2.70826           0.32001
           2.27562            -2.621          0.333253
           1.82626          -2.59095           0.53451
           1.60891          -2.24069          0.541015
           1.86756          -2.55514           1.21864
           1.79086          -3.12525           1.26312
           1.37702           2.55445           1.35404
           1.11845             1.953           1.03041
           0.69717           1.43745           0.68411
           0.64532           1.23122         0.0130154
         0.0754231           1.05828         -0.643345
         -0.355238           1.13236         -0.344307
         -0.734779          0.751022         -0.931871
         -0.359994          0.534007          -1.01915
         -0.700883         0.0228906          -1.25704
          -1.08978         -0.321486          -1.87413
          -1.50411         -0.317299          -1.96047
          -1.76183         -0.440605          -1.70688
          -1.81964         -0.295204          -2.20525
          -1.78875         -0.323862          -2.06428
           -1.8498         0.0539825          -2.10983
          -2.07333           0.64735          -2.29881
           -1.8462          0.997229          -2.16129
          -1.37843           1.39092          -1.89577
          -1.62364           1.27874           -1.5995
          -1.99665           1.67509          -1.50382
          -2.48996           1.43433          -2.09514
          -2.93898           1.45768          -2.91578
           2.97296           1.46545           2.69133
            2.7776           1.59703           2.66185
           3.01474           1.34007           2.98969
           2.86176          0.875873          -3.01721
           2.82859           0.41828          -2.74075
           2.44318           0.41461          -2.86287
           2.55963          0.208756          -2.49914
           2.50696         0.0719377          -1.71476
           2.51806         -0.253846          -1.06048
           2.83966         -0.144908         -0.778687
           3.11352          0.266706         -0.553142
          -2.82385          0.436902        -0.0876478
          -2.72509          0.227904         0.0910646
          -2.79682        -0.0747523          0.321186
          -2.78994         -0.551322          0.241335
          -2.51785         -0.337917         -0.119328
          -2.41613         -0.266094         -0.609336
          -1.97527         0.0245272         -0.360276
          -1.85306          0.073511        -0.0274014
          -1.80213          0.211714         -0.259541
          -2.48473          0.239334         -0.206995
          -2.42445          0.389643           0.44008
          -1.62608          0.116821          0.959975
         -0.941139          0.303791           1.18381
          -1.07597          0.498954           1.51962
         -0.957118          0.910689           1.75349
         -0.377155           1.17253           2.86366
         -0.301304           2.14815          -2.84424
          0.247037           2.68119          -2.64273
          0.437194           2.88713          -2.67859
           1.05922          -2.77332          -2.78087
            1.2348          -2.54995          -3.04858
           1.41011          -2.03442           3.11494
           1.21006          -1.84682          -2.59365
          0.941063          -2.09167          -2.44638
           1.57905           -1.8488          -2.54868
           2.45698          -1.75127          -1.99106
           2.91471          -1.86419         -0.859002
           2.84443          -1.86369         -0.033332
           2.89702          -1.85993          0.127397
           2.99027          -1.96614          0.711275
           2.87316          -1.69506          0.483775
           2.67231          -2.10538          0.387016
           2.73564          -2.31805           0.27539
          -3.03746          -2.68977          0.671974
          -2.57589          -2.73093          0.837532
          -2.22116          -2.59655           1.24551
          -1.97555           -2.8059           1.24134
          -1.87942          -3.03698           1.37538
          -1.79524          -3.04511           1.75775
           -1.7369          -2.85022           1.71431
          -1.77568          -2.47345           1.57313
          -1.22613          -2.49635           1.57167
          -1.30565          -2.70909           1.98827
         -0.838619           -3.0575           2.41028
         -0.798553           2.87535           2.64552
         -0.741447           2.81872           2.93238
         -0.688867           2.88416          -2.91549
          0.013858           2.73903          -2.52562
          0.558796           2.57161          -2.26887
           1.21811           1.79109          -2.16142
           1.94243           1.67579          -2.07377
           1.64271           2.10844          -1.65219
           1.75844           2.47174           -1.7013
           1.78849           2.12995          -1.79683
           1.46351           1.66476           -1.6235
          0.883071           1.60931          -1.46855
           1.13787           1.67048          -1.15455
           1.44912           1.52979          -1.51608
           1.24093            1.4916          -1.42183
           1.40196           1.86087          -1.56269
           1.42185           2.27497          -1.92597
           1.27652           2.23298          -2.32271
          0.983254           1.99934          -2.87967
          0.769752           1.69712          -3.05815
          0.573302           1.74292          -2.86067
          0.209688            1.3397          -2.82391
         -0.426587          0.873675           -2.9478
          -0.86977           1.04194          -2.54619
          -1.13398          0.693913          -2.75308
          -1.19222           1.00903          -2.86712
          -1.18626           0.74638           3.00533
          -1.06766          0.682234           2.78166
         -0.813498          0.879057            2.4112
          -1.10816           1.18691           2.27917
         -0.571679           1.43452            2.1847
         -0.759952           1.57499           2.03165
         -0.400719            0.9821           1.60348
        -0.0721436          0.950832           1.51555
          0.266798          0.699555           1.36829
          0.384929          0.899035           1.49566
          0.302053           1.51424           2.02234
          0.293822           2.04342           2.17745
          0.479031           2.12481           2.38103
          0.653968           2.35684           2.23757
          0.807361           2.65575           1.78185
           1.32987          -2.62783           1.99185
            1.3656          -2.28303           1.92541
           1.94301           -2.0631           1.71728
           1.90848          -1.94129           1.69472
           2.08474          -2.24232           1.86781
           2.26564          -1.98283           1.98055
           2.31497          -2.03168           2.06009
           2.45201          -1.93995           1.89679
           1.95072          -2.01015           2.19221
           1.45826          -1.78344            2.2692
           1.74698         -0.935849           2.15896
           1.24593          -1.38697           1.77117
           1.41518          -1.56822           1.63392
           1.55949          -1.69616           1.37296
           1.80728          -1.11446            0.7451
           1.54345          -1.07616          0.335426
           1.34415          -1.04376        -0.0976813
            1.2975          -0.38867         -0.100005
           1.30611         -0.192433          0.014239
           1.52759          0.559817        -0.0922164
           1.78719           1.10822        -0.0875331
           1.97697           1.49734        -0.0267401
           2.23156           1.68557          0.513007
           1.98068           1.67754          0.887682
           2.20136           1.71757          0.479742
           2.20685            1.5243         0.0619712
           2.67504            1.8105         -0.196627
           2.69932           1.62653         -0.243534
            2.8453           2.02383        -0.0814439
          -3.06789            1.6566         -0.236729
           3.13396           1.06711         -0.254844
          -2.92188          0.418463          -0.90059
          -2.70419          0.326155          -1.40569
          -2.32805          0.813086          -1.75721
          -2.05566          0.323774          -1.73406
          -1.64778         0.0877922          -2.40864
          -1.39737        -0.0872409          -2.72512
         -0.810239         -0.148266          -2.65145
         -0.607569            0.2605          -2.76705
         -0.621999          0.339232          -2.90374
         -0.395889        -0.0627327          -2.97756
         -0.855743         -0.581614           3.09711
           -1.1794         0.0431107           2.77578
          -1.48758         0.0651639           2.84402
          -1.36722         -0.258478            2.3894
          -1.45908         -0.212829           2.43952
           1.92304          -2.55617           2.37598
           2.33886          -2.50443           2.24202
            2.4517          -2.49327           1.70505
             2.065          -2.14948           1.16648
            1.5286          -2.07235          0.849783
           1.46315          -1.95175          0.480936
            1.6024          -1.60657          0.608806
           1.59705          -1.66272          0.444472
           1.57151          -1.79004          0.450471
           1.66105          -1.51671          0.282864
           1.55787          -1.21682         0.0928053
           1.04595          -1.38518         0.0441392
          0.284428          -1.45091         -0.220352
         -0.387627          -1.07525          -0.70549
         -0.603647         -0.828005          -1.06531
         -0.644118         -0.723893          -1.38233
         -0.474185         -0.919857          -1.66948
         -0.438949         -0.276303          -1.62041
          -0.11623         -0.212831          -1.51591
          0.324576         -0.260977          -1.47129
          0.635021        0.00950551          -2.02174
          0.541159           0.38353          -2.32693
         -0.160976          0.592818          -2.21104
         -0.730043          0.555673          -2.02446
         -0.736225          0.323635           -1.9826
           -1.0641        -0.0434154          -1.71141
          -0.89113      -0.000650584          -1.62549
         -0.313246         -0.079587          -1.21711
         -0.200563         -0.246885         -0.980029
         -0.454926         -0.282021           -1.1763
         -0.354553          -0.32437          -1.11555
         -0.142541         -0.286403         -0.872221
            0.3843         -0.159632         -0.524845
          0.320677         0.0754077          0.315679
           -0.2774           0.74521          0.214563
         -0.728206            1.1065          0.368006
         -0.608945           1.33327          0.783129
          -1.02052           2.09231           1.30539
          -1.43206           2.12381           1.58531
          -1.76136           1.98086           1.88199
          -2.36318           1.68448           2.11962
          -2.87575           1.18899           2.23948
          -2.36872           1.22417           2.63168
          -2.60992           1.42592           2.89922
          -2.39774           1.39964            2.7093
          -2.53446           1.06874          -2.92053
          -2.64263          0.720798           -2.7083
           3.05212        -0.0733012          -2.81934
           2.67599         -0.268531          -2.67095
           2.45441         -0.300605          -2.55127
               2.7         -0.273841          -2.57361
           2.46609         -0.528152          -2.88837
           2.05141         -0.746986          -3.11808
           1.79514         -0.774404          -3.00736
           1.90932         -0.609036          -2.92628
           1.96291         -0.542288          -2.90425
           1.83966         -0.819926          -3.13828
           1.26187         -0.632333           2.77013
          0.632018         -0.814755           2.86399
           0.63785         -0.676412           3.00604
           1.26613          -1.19766          -2.77262
           1.28067          -1.80779          -3.05812
           1.30247           -1.8696           3.13818
           1.22758          -2.32261          -2.87795
           1.39382          -2.76954          -2.29505
           1.40135          -2.69506           -1.4691
           1.65612           -2.8916           -1.3423
           1.67423          -2.89315          -1.28853
           1.74854           3.04919          -1.48327
           1.80182           2.31208          -1.53886
           2.03948            1.9523          -1.51041
           2.02794           1.65979          -2.05146
           2.00621            1.3657          -2.39353
           2.01423          0.425337           -2.8714
           1.82472         -0.220722           2.84611
           1.97408          0.265582           2.87937
           2.31924          0.234558           2.67811
           2.86513         -0.116643           2.51629
           2.46869         -0.280357           2.63735
           2.33956         -0.615814            2.7911
           2.04591         -0.673844          -3.09374
           2.09199          -1.01499          -2.10721
           1.98863         -0.775294          -1.82194
           2.45407         -0.317394          -2.22774
           2.53782        -0.0662557          -2.63287
           2.33563          0.494167          -2.98595
           2.52426          0.324643           2.91163
           -2.9742          0.333697           2.77085
          -2.50296         0.0701623           2.88203
          -2.29049         0.0617298           2.46339
          -2.37942          0.290736           1.81402
          -2.52134         0.0797742           1.38593
          -2.33391         -0.820875          0.994347
          -1.40251          -1.96525          0.860255
         -0.413933          -2.50311          0.536075
         -0.177836          -2.86991          0.508571
          0.281203           -3.0168          0.143789
          0.637517          -2.74865         -0.178348
           1.12703           -2.7585         -0.747023
           1.89821          -2.92583          -1.18725
           2.12724           2.99316          -1.38267
            2.3088          -2.75108          -1.13436
           2.78546          -2.14049          -1.00806
           2.26034          -2.16799         -0.729955
           1.62395          -1.73551         -0.465676
           1.42275           -1.6882         -0.013579
            1.5938          -1.55915        -0.0289552
           1.49892          -1.47952         -0.379629
           1.68502          -1.11377         -0.378144
           2.51561         -0.642684         -0.692819
           3.07681          -0.77388         -0.687667
          -2.62172         -0.725399          -1.56338
          -2.27487         -0.501091          -2.18048
          -1.81076         -0.575095          -2.42922
          -1.62441         -0.721623          -2.68435
          -1.31315          -1.12569          -2.80998
          -1.29195         -0.767514          -3.07192
          -1.00743         -0.316123          -2.72712
         -0.968507          0.075758          -2.80733
          -1.06644          0.351903          -2.59429
          -1.43571          0.249298           -2.2156
          -1.63993          0.206379          -2.12604
          -1.56418          0.426368          -1.92101
          -1.73981          0.738655          -1.79927
          -2.12507          0.341856          -1.93853
          -2.83221          0.266865           -1.6895
          -2.75027         0.0474161          -1.18439
          -3.10609         -0.161005         -0.813083
           3.09923        -0.0222202         -0.419457
           3.07408         -0.154315         -0.266304
          -2.84613          0.438506         0.0396742
          -2.91347          0.422465           0.25415
           3.14044          0.101414          0.839938
           2.84786         0.0241233            1.5933
           2.27841       -0.00648663           2.07434
           1.78445         -0.626485           2.62806
           1.80833          -1.15166           3.10814
           1.44181          -1.75132          -3.02801
           1.32052          -2.69834           2.82242
          0.976685          -3.13452            3.0839
            0.7927           3.04323          -2.97433
          0.648917           2.88284           -2.4736
          0.616508           2.59683           -2.0627
          0.319276           2.25729          -1.92198
         0.0106737           1.81153          -1.71192
         -0.407362           1.34165          -1.14411
         -0.638335          0.802547         -0.705219
         -0.622831          0.440219         -0.622435
         -0.687515          0.647132         -0.816432
         -0.803765          0.953202          -1.02952
         -0.679394           1.10745          -1.00674
         -0.887099           1.28287          -1.26775
          -1.19319           1.57338          -1.39824
          -1.25526           1.80528           -2.1529
          -1.25702           1.90055          -2.44716
          -1.21235           1.87074          -1.98163
          -1.26153           1.79679          -1.96807
         -0.926052           1.85325          -1.65637
          -1.03812           1.72541           -1.5356
          -1.18553           1.85564          -1.67298
          -1.12145           1.87604          -1.67866
         -0.972189           1.99844          -1.91585
         -0.768548           2.03618          -1.68375
         -0.933397            2.6467          -2.37985
         -0.815172           3.09151           2.98372
         -0.743315           2.90835           2.29764
         -0.695409           3.04741           1.68463
         -0.615793           2.95255           1.67589
         -0.699348           2.68087           1.91254
         -0.783652           2.63255           2.17766
         -0.497992           2.92027           2.03582
         -0.196713          -3.02036           2.17452
        -0.0785137           3.08388           2.39931
         0.0100576           2.99417           2.22521
         -0.227482          -3.09479           2.20218
        -0.0290933          -2.96218           1.98081
          0.120008          -2.08692           1.54424
          0.317226          -1.76461           1.10808
          0.626867          -1.51152           1.07376
           1.16148          -1.16844           1.23736
           1.24111         -0.912812          0.965378
           1.76189         0.0829545           1.42118
           2.07934          0.567285           1.97713
           2.20969           1.79794            2.1745
            2.1239           2.51897           2.33375
            2.2242           3.11636           2.22313
           1.90346          -2.71646           2.53788
          -2.96311           3.06169           2.05969
          -2.88466          -2.93416            2.3174
          -2.30472          -2.53905           1.83844
          -1.68329          -2.90927           1.42258
          -1.32223           3.05015            1.0025
          -1.12844           2.46557          0.347612
          -1.12658            2.0683          0.169829
         -0.604696           1.98827         -0.415192
         -0.194719            2.1199         -0.287803
          0.314174           2.30488          0.246734
          0.298347           2.41271          0.364584
           1.12925           2.16677          0.790157
           1.37554           2.27837           1.01009
           1.26722           2.56398           1.05532
           1.30141          -2.98448           1.29191
           1.41274          -2.33963           1.41851
           1.54357           -2.0078           1.80383
           1.49964           -1.8102           1.80343
           1.65065          -1.56141           1.95966
          0.929821          -1.53579           2.25409
           0.60809          -0.96223           2.80182
          0.642059         -0.865835          -3.10532
          0.851425         -0.539041           2.82586
           1.60266         -0.466652           2.84842
           2.09273        -0.0849153           2.70604
           1.94711          0.670092          -3.04557
           1.97828            1.4398          -2.27393
           2.22667           2.15396          -2.13067
           2.84421           2.56075          -2.18142
          -3.08102           3.00909          -1.92169
          -2.73494           3.12919          -1.33621
          -2.98193           3.12285          -1.15876
          -2.58429           2.87536          -1.19135
          -2.41522          -2.98348          -1.19971
          -2.17914          -2.34443          -1.42439
          -2.44206          -2.63133          -1.20236
          -2.24438          -2.13436          -1.21858
          -2.20785           -1.3353          -1.20944
          -1.98054          -1.23131           -1.4328
          -1.78481         -0.606834           -1.3394
          -1.79396         -0.291935           -1.7064
          -2.29809          0.422528          -1.79578
          -2.51825           1.02178          -1.70448
          -2.80557           1.53262          -1.74873
           2.47363           1.48727          -1.97137
           2.07775           1.00326          -1.58738
            2.0735           0.60459          -1.25709
           1.73779          0.179021         -0.888915
            1.5335          0.234876         -0.787964
            1.4731           0.35769         -0.552939
           1.88719           0.32166         -0.213054
           1.79905          0.608779         -0.367977
           1.51774          0.917034         -0.691405
           1.13662           1.19068          -0.63522
          0.680883           1.14483          -1.16384
        -0.0126417          0.908039          -1.17786
         -0.419443           1.05744           -1.0487
         -0.487746           1.43495          -1.21859
          -0.67093           1.18309           -1.1092
           -0.6553          0.858058          -1.41633
          -1.30864          0.923259          -1.61788
          -2.36525           1.28512          -1.68742
           3.04816           1.36262          -1.86935
           2.62661           1.72021           -2.0454
           2.09129           1.26187          -2.14465
           1.83212           1.17476          -1.77397
           1.93013          0.999232          -1.37759
           1.67792           1.42445          -1.01451
            1.4911           1.70422          -1.01746
           1.36574           2.26882          -1.02485
           1.13603           2.65637          -1.09578
          0.978469           2.82333          -1.13373
          0.527481           2.92581         -0.824433
          0.927047           3.04654         -0.795155
           1.02974           2.98929         -0.911318
           1.04835           2.89508          -1.09778
           1.01903           2.57855          -1.15048
           1.13476           2.41349          -1.50511
           1.37862           2.12754          -1.82606
           1.62709           2.63165          -1.57822
           1.58008           2.78245           -1.7414
           1.63625           3.06194          -1.85097
              1.44          -2.92803          -1.96836
           1.59075          -2.95858          -2.18588
           1.62455          -2.83789          -2.35267
            1.4399          -2.58725          -2.89878
           1.30763          -2.32482          -3.04497
            1.5173          -2.08434           3.13846
           1.57029          -1.64367           3.02242
           1.39884          -1.80653           2.82638
           1.56503          -1.37848           2.83063
           1.28714          -1.56053          -3.07771
          0.777731            -2.262          -2.90079
          0.534463          -2.79515          -2.85339
          0.568219          -2.98325          -2.78485
           0.42637            2.5096          -2.48129
          0.485883           2.25924          -2.45459
         -0.401272            2.0378          -2.51263
          -1.75544           1.50641          -2.60394
          -2.23038           1.18192          -2.66951
             -2.28          0.753904           -2.4685
            3.0722          0.314095          -2.10828
           2.23831       -0.00344833          -1.81652
           1.57331         -0.277074           -1.8408
            1.4871         -0.222258          -1.69482
           1.64656         -0.157823          -1.73449
           1.65923        -0.0945084          -1.43971
           1.61811         -0.430668          -1.48977
           2.21131         -0.478217          -1.44339
           2.24331         -0.431445          -1.65771
           2.31616         -0.523889          -1.97601
            2.4097         -0.707439           -2.4072
            2.4852         -0.344843          -2.64411
            2.2847          0.198714          -3.11964
           2.40989          0.105223            2.6983
           2.88313         -0.489425           2.71292
           3.09347          -0.90107           2.32674
           3.08581            -0.512           2.02196
           2.96508         -0.385707           1.89964
           3.04801          -0.83179           1.52281
           3.01031          -1.27274           1.13406
           3.12142          -1.38768             1.039
          -3.04441          -2.03674           1.05424
           3.01556          -2.35868           1.39508
           2.94018          -2.83638           1.30732
            2.7654           3.05713          0.854966
            2.5896           3.04142          0.416394
           2.05986           3.02842          0.359562
           1.54234           3.02771          0.338962
           1.37791           3.06785          0.154689
           1.59723           3.04032          0.607985
           1.58933           2.93087           1.20625
           1.36095           2.61143           1.83846
           1.44809           2.26521           1.79985
           1.32406           2.13381           1.75811
           1.55267           1.67673           1.76382
           2.14526           1.32306           1.43599
           2.97759            1.1305           1.05952
           3.12569           0.88741           1.02274
           -3.0276          0.570488          0.712178
           3.05399         -0.204283          0.616483
           2.98752          -0.28167          0.351176
           3.05329            -0.634          0.221804
            3.0853          -1.52344         0.0627109
            2.9066          -1.88946         -0.463788
           3.04793          -2.01034         -0.570282
           3.04912          -2.15655          -1.04325
          -2.89814           -2.1398         -0.718813
          -2.75317          -2.25339          -0.64488
          -1.81128          -2.43565         -0.514592
          -1.65612           2.98614         -0.736009
          -1.30382           2.37797          -1.27395
         -0.824558            2.5265          -1.81391
         -0.420538           2.67391          -2.25532
          0.157852           2.91738          -2.54307
          0.656478           3.05504           3.01985
           1.21048           2.93481           2.88435
           1.32703           3.01516           2.51634
              1.44           2.97967           2.25026
           1.17864            3.1005           1.70102
          0.924265           2.93795            1.2536
          0.642293           2.87684          0.821234
          0.663433           2.84323          0.501698
          0.649856           3.10507          0.806553
          0.189093          -2.77347          0.915268
         -0.446202           2.97779          0.954631
         -0.374083            2.5076          0.902419
         -0.415424           2.14354            1.0048
         -0.427309           2.14156           1.02228
          -0.75914           2.09943           1.09309
         -0.586707           2.16623           1.17591
         -0.738509           1.90313           1.28499
         -0.960271           2.11687           1.34683
         -0.690089           2.34727           1.68664
         -0.133441           2.27053           2.03223
          0.303604           2.40299           2.79831
          0.630956           2.70488          -2.70033
          0.881001           2.84691          -1.89387
           1.26693           2.57913           -1.1085
           1.89007           2.19135         -0.707752
           2.40666            2.3891         -0.632957
             2.633           2.69047         -0.414974
          -3.11556          -3.00275         -0.508069
          -2.67174          -2.82917          0.204858
          -2.96615          -2.87383          0.877772
          -3.08613          -2.93219           1.36832
          -2.93091          -3.00109           2.14618
          0.454931           2.92546          -0.23266
          0.389048           2.93592        -0.0525763
         0.0537771           2.82345        -0.0616073
          0.359607           2.52714         -0.348033
          0.377558            2.6331         -0.334444
          0.666352           2.88267         -0.177495
         0.0565628           2.79467         -0.429442
         -0.163429           2.45017         -0.703143
          0.117675            2.2741         -0.426217
          0.511999           2.14909         -0.531419
          0.642033           2.09994         -0.112357
           1.29424           1.54804          -0.32573
           1.70471           1.02799          0.075113
           1.93742           1.13787          0.373204
           1.92147          0.983013           1.00569
           1.53446          0.947384           1.47473
           1.21984          0.979689           1.84378
           1.44811          0.772934           1.77277
          0.946148          0.834808           2.18085
          0.449805          0.877652           2.47751
          0.444998          0.758509           2.51334
          0.360002           1.19414           1.80541
          0.430742           1.19534           1.64987
          0.786127          0.970689            1.8528
           1.09068          0.728084           2.03094
           1.40367          0.465918           2.02392
           1.71102        -0.0895481           1.66551
           1.81945         -0.257789           1.68841
           1.90302         -0.408712           1.69653
           1.62262         0.0487991           1.93662
           1.56417        0.00162801           2.50555
           1.75925          0.107652           2.56008
           1.49961         -0.459702           2.72112
            1.6166         -0.933057           2.53675
           1.38835          -1.41265           2.69114
          0.681495          -1.70347          -2.94577
          0.662687          -1.84848          -2.88823
           0.74973          -2.15047          -2.78549
           1.07122          -2.21142           -3.0776
           1.16462          -2.05045          -2.74557
           1.04707          -2.43296          -2.26625
          0.950018          -2.32765          -2.36809
          0.820532          -2.33206          -2.36412
          0.552222          -2.54076          -2.21106
         -0.166728          -2.58715          -2.29832
         -0.458465          -2.75036          -2.24151
           -1.0982            3.1383          -2.60673
          -1.09862           2.79619          -2.69782
          -1.54194             2.103          -2.80894
          -1.64816           1.31515          -2.51327
          -1.88121           1.11217          -2.78885
          -2.19608          0.785882           3.06275
          -2.33614          0.620763           2.67823
          -1.56813          0.340704           3.08311
          -1.05872          0.141627           2.83496
         -0.450866          0.362275           2.68424
        -0.0282614          0.360932           2.45912
         0.0999864          0.680845           2.38537
          0.797783          0.998483           2.16704
          0.980148          0.887311           1.86842
           1.05275          0.531452           1.60071
          0.910967         -0.263054           1.28006
           1.05156         -0.434867          0.957118
          0.914052         -0.459178           1.32009
          0.967901         -0.426734           1.69166
           1.18388         -0.203366           2.01286
           1.30994         -0.465755           2.03781
            1.7414         -0.962683           2.60192
           1.29943          -1.72034          -2.99168
           1.23734          -2.16945          -2.44242
          0.909428          -2.35795          -2.47752
          0.958294          -2.44067          -2.90828
          0.529367          -2.87457          -3.08745
          0.115863          -3.03432           2.56852
         -0.408587           2.44831           2.80487
          -1.01025           2.53522           2.48071
          -1.17704           2.21816            2.1182
          -1.62975           2.09895           1.97367
          -1.70845            1.9553           1.43476
          -1.57519           2.16257           1.28243
          -1.17816            1.9426          0.990166
          -1.29202           2.09957          0.543673
          -1.29236           2.82438          0.638273
          -1.60711          -2.96105          0.729223
          -1.34669          -2.50716           0.63552
           -1.1081          -2.89753          0.867925
         -0.775625            2.9732          0.831614
         -0.561107           2.45986          0.824065
         -0.460714           2.62888          0.220145
         -0.595341           2.65786         -0.435661
         -0.673373           2.54215         -0.554834
         -0.659768           2.23398         -0.552358
          -0.65588           2.48566           -1.0702
          -0.23814           2.98115          -1.25011
         -0.208549          -2.64978          -1.30141
         -0.214032          -2.46296          -1.57032
        -0.0603133          -2.39761          -1.84325
          0.384063          -2.00093          -1.93672
          0.708733          -1.59802          -1.94881
          0.962265          -1.09371          -1.69333
           1.49232         -0.887417          -1.82419
           1.87845         -0.572032          -2.27461
           2.30378         0.0412018          -2.65402
           2.77617          0.519121          -3.12535
          -2.97945           0.87902           2.81107
          -2.32759           1.31817           2.27396
          -2.31078           2.36904           1.73142
           -2.6686          -2.80151           1.21843
          -2.48988          -1.88571           1.03582
          -2.39533          -1.37403          0.958686
          -2.00607          -1.05682           0.93368
          -1.92501          -0.85219           1.08279
          -1.83325         -0.446039          0.717301
            -1.573        -0.0260009          0.866344
           -1.6502          0.945134          0.766831
          -1.30696           1.06634          0.383454
          -1.38061          0.865044          0.439901
          -1.06789          0.773257          0.323318
         -0.520722           1.46077          0.164946
          -0.12482            1.8021        -0.0553922
          0.668298           1.82093           0.04031
            1.1389           2.05311         -0.129871
           1.88898           2.08412         -0.290365
           2.21946           1.83278         -0.516235
           1.81775           1.62895          -0.87535
           1.96527           1.68317          -0.85349
           1.73084           1.61979          -1.09634
           1.62242            1.3801         -0.960724
           1.41499           1.31842         -0.715538
           1.24575           1.48863          -0.39182
           1.52828            1.6004         0.0633481
           2.22528           2.02773         -0.195749
           2.15057           2.53536          0.140064
           2.89799           2.55853          0.209493
           2.98105           2.67019          0.776745
           2.94458            2.9379            1.2537
           2.89964           2.85711            1.3065
          -2.89314           2.74547           1.53056
          -2.43737           2.58594           1.63727
          -2.52703           2.28236           1.93289
          -2.18998           1.94987           2.51755
          -1.67077           1.81086           3.03444
          -1.36403           1.63487          -2.83456
          -1.28857           1.62043          -2.60152
         -0.739642           2.04502          -2.66484
         -0.496129           2.23056          -3.05634
         -0.133455           2.09109           2.73457
          0.748164           1.98754           2.57908
           1.13981           2.21879           1.78127
           1.74691           2.62986           1.46537
           1.69978           2.64987           1.20699
           1.12501           2.61208           1.29584
          0.660128           2.32874           1.57044
          0.389483           2.24222           1.93174
         -0.160158           2.59874           2.61864
         -0.765859           2.61917           2.94871
          -1.24096           2.67877           2.96862
          -1.52629           2.65586          -3.02758
          -2.27267           2.62136           2.78546
           -2.9617           2.57849           3.13389
           2.30063           2.85105           3.07605
           2.17411           3.03214           2.88593
             1.633           2.92624           2.70611
           1.46463             2.969           2.45978
          0.887656           -3.1177           2.28231
          0.551888          -2.76198           1.85549
       -0.00555018          -3.08295           2.06251
         -0.825576          -3.04111           1.92602
          -1.32588          -2.55186           2.15387
         -0.988568          -2.54251           1.82302
         -0.951305          -2.41907           1.68523
          -1.09807          -2.54892           1.23137
          -1.19707          -2.84623           1.38375
          -1.43142          -2.76155           1.67011
          -1.64281           -2.8968           2.44528
          -1.56777          -2.98755           2.82945
          -1.71245          -2.93427          -3.12351
          -1.63993          -2.90453          -2.65325
          -1.66349           -2.7766          -2.45589
          -2.22642          -2.29501          -2.21053
          -2.60763          -2.47007          -1.47312
            2.8604          -2.44003         -0.928411
           2.36565           -2.3211         -0.564032
           1.86156          -2.48093         -0.734365
           1.40097          -2.74856          -1.06363
          0.963988            2.9837         -0.975284
          0.558212           3.00561         -0.430665
           1.11001         -0.581259           2.67361
          0.398795         -0.834498           2.36617
         -0.324425         -0.491714           2.19486
         -0.715539         -0.283346           2.40971
          -1.06381          0.126885           2.38236
          -1.30468        -0.0615255            2.3644
          -1.69298        -0.0468157           2.62375
          -2.18266          0.272833            2.8733
          -2.73127          0.334684          -3.08638
          -2.44648           0.65913          -2.83641
          -2.35146           0.63575          -3.12321
           -2.0579          0.326561           2.74084
          -2.09303        0.00383698           2.81947
          -2.40713         -0.212288           2.38609
          -2.64525        -0.0328628           2.51222
          -2.96723          0.732626            2.1069
          -2.80835          0.589694           2.04388
          -2.32733          0.123438           2.03197
          -1.86691          0.207701           2.21862
          -1.91404          0.299275           1.54835
          -2.02854          0.304913           1.21416
          -1.58136          0.350266           1.08961
          -1.66418          0.150845          0.732083
          -1.39489          0.445006          0.322619
          -1.82214           1.13886         -0.114334
          -2.29406           1.52078        -0.0834569
          -1.91263           2.55047         -0.233799
          -2.22274          -3.00244         -0.990176
          -2.54588          -2.63886           -1.4228
          -2.71681           -2.4856          -2.29233
          -2.37729          -2.02942          -2.73029
          -1.87936          -2.15549           3.13868
          -1.67497          -2.07099           2.72937
          -1.63657          -2.28408           2.23153
          -1.68214          -2.78867           1.17786
          -2.11655          -2.53504          0.490995
          -2.45135          -2.60426           0.26455
          -2.70861          -2.33316         -0.855209
           2.61856          -2.01289          -1.32196
           2.26329          -2.00002          -1.83234
           2.13092          -2.09896          -2.48025
           2.15122          -2.41822          -2.89378
           1.72509          -2.44037           3.06958
           1.94748          -1.95262           2.92927
             1.582          -1.94708           2.79031
           1.47412          -2.01847            2.0945
           1.55816          -1.77383           1.45117
           1.55349          -1.58043           1.37979
           1.72863          -1.09432           1.09751
           1.82949          -0.77433           1.01623
           1.74341          -1.01221          0.973933
           1.88636          -1.02399            1.2531
           2.05965         -0.491978           1.29562
           2.37079         -0.535831           1.68135
            2.3417         -0.905193           1.95555
           2.60581          -1.20303           2.05025
           2.56956          -1.28586           2.09073
            2.2012          -1.57665           2.09454
           2.64997          -1.70689           2.30049
           2.24595          -2.00641           2.76342
           1.96336          -2.04881          -2.85984
           1.46535          -2.04192          -3.05894
          0.990074          -2.17134          -2.90375
          0.537221          -2.14786          -2.47775
          0.430437          -1.48081          -2.33937
        -0.0927458          -1.15834          -2.76755
         -0.433367         -0.609908          -2.94226
         -0.254826         -0.572407          -2.80363
         -0.295693         -0.616895          -2.57533
         -0.198721         -0.933001          -3.08017
         -0.216792          -1.15499           3.08362
         -0.275909           -1.3219           2.78812
          0.209788          -1.79184           2.56671
          0.405634          -2.65336           2.51509
          0.948252          -2.74986           2.66721
          0.939698          -2.91332           2.67174
           1.27518          -2.87467          -3.11585
           1.52311          -2.75614          -2.70755
           1.76731          -2.77212          -2.13308
           1.91527          -2.47963          -1.32662
           1.71613          -2.63277         -0.964158
           2.14017          -2.60639         0.0171171
            2.3936          -2.41426          0.254296
            2.5214          -2.44718          0.307231
           2.90157          -2.60552          0.103046
           2.77361          -2.27122         0.0488262
           2.93602          -2.39592          0.047274
          -3.07618          -2.97734          0.278256
          -2.62838           2.62034         0.0209695
          -2.54713           2.60597        -0.0224783
          -2.84801           2.50441         -0.297265
           2.54575           1.96779         -0.410424
           2.34431           1.89341         -0.588804
           1.70867           1.58396          -1.10614
            1.3642            1.3275          -1.12735
          0.816539           1.49391          -1.53801
          0.364263           1.63026          -2.04352
         0.0446916            1.6848          -2.51078
          0.172124           1.99154          -2.14705
         0.0877761           2.34015          -1.84434
         -0.254393           2.81785          -1.96382
         -0.262164          -2.91251          -2.04463
         -0.279836          -2.70372          -2.11733
         -0.342495          -2.78853          -2.28587
          -0.35771           -2.5992          -2.72498
         -0.963243          -2.22857          -3.02819
          -1.46255          -2.34348          -3.07804
          -1.76484           -2.1257          -2.37957
            -1.912          -1.96697          -2.20232
          -2.00355          -1.61384          -2.20832
          -2.24082          -1.55765          -2.64673
          -1.89151          -1.38637          -2.64125
          -1.45899         -0.811113          -2.54866
          -1.07084         -0.715934          -2.39528
          -1.47294         -0.135024          -2.11859
          -1.10826          0.146329          -2.12758
          -0.86815          0.148854          -2.32962
          -1.28454          0.079539          -2.13262
          -1.58192          0.532845          -2.05665
          -1.79572          0.443335           -2.0688
          -1.56155          0.167929          -1.92839
          -1.71129         -0.583809          -1.56278
          -2.09844           -1.0772          -1.31446
          -1.96332          -1.07233          -1.37674
          -1.48049          -1.25624          -1.05292
         -0.914846          -1.37599         -0.929314
         -0.242352          -1.43423         -0.539582
        -0.0915829          -1.97289         0.0682139
          0.222985          -2.39538          0.630317
          0.771199          -2.34891          0.878634
           1.47724          -2.18039           1.19037
           1.31995          -1.81391           1.26382
           1.43885          -1.47671           1.02805
           1.80603          -1.69098          0.606769
           1.78977          -1.69138           0.53544
           1.56659          -1.83297          0.812721
            1.2427          -2.00611          0.500287
          0.535854          -2.00559          0.520641
          0.274958           -1.7577            0.4946
          0.204964          -1.21558           1.09809
          0.410903         -0.718221           1.65556
          0.713286         -0.807065           1.85342
          0.972272         -0.805929           1.88399
           1.22664          -1.36081             2.269
           1.38559          -1.75622           2.59738
           1.18109          -2.31914          -3.09288
           1.39959          -2.99301          -2.67874
           1.41679           3.10479          -2.78528
           1.99094           3.00539          -2.76644
           2.18811           3.04958           3.11801
           2.23094           2.60849           2.29161
           2.53412           2.04381           2.39353
           2.93779           2.07775           2.35632
           3.02212           1.75478           2.33922
          -2.89696           1.53456           2.21845
          -2.30651           1.49532           2.04334
          -2.39958            1.1865           1.74513
           3.09579           1.06618            2.1674
           3.06655          0.786265           2.25254
          -2.53156          0.907256           2.20152
          -1.70509           0.61414           2.48239
          -1.28407          0.724192             2.869
         -0.892947          0.577689           3.07201
          -1.03001          0.152645          -2.99845
          -0.98509          0.155759          -2.78571
         -0.651391          0.201283           3.04725
         -0.841446           0.68207           2.38531
         -0.875082          0.753241           2.25391
          -1.11487           1.29474           2.74571
          -1.32902            1.1966          -2.95002
          -1.50105           1.60317          -2.19837
          -1.36917           1.87384          -1.80607
         -0.742078           1.41974          -1.37702
         -0.227364           1.61409          -1.04563
         0.0142791           1.44942         -0.503935
        -0.0351439           1.78581         -0.145044
         0.0438658            1.7644         0.0200643
         -0.177573           1.70678          0.480564
        -0.0233725           1.82666           1.18113
          0.126702           1.36806           2.07481
          0.175614            1.1334           2.38157
         0.0490176           1.03599           2.43006
          0.537051          0.449097            2.5203
          0.552798           0.16996           2.35145
          0.596504        -0.0967073           2.36994
           1.04205         -0.122287           2.13962
           1.25426         -0.621332           2.53394
           0.95713          -2.43948          -1.69594
          0.900648          -1.94126           -2.1837
           0.86069          -2.16733          -2.83133
          0.850833          -2.38823           -2.9169
          0.814385          -2.54485           3.10597
          0.040969          -2.37369           2.89713
         -0.164381          -2.91323          -3.06384
         -0.614751          -2.90973          -2.39409
         -0.691223          -3.03065          -1.86495
         -0.876359           2.98255          -1.16667
          -1.12072          -2.93868          -1.42183
          -1.05875          -2.76237          -1.75353
          -1.22964          -2.96351           -1.7942
         -0.500883          -3.04485           -2.1045
        -0.0370904          -2.48892          -1.84083
         0.0942105          -2.03773          -2.24945
         -0.114998          -2.07703          -1.76164
         0.0937029          -1.83576          -1.53145
         0.0500531          -1.69066          -1.90692
          0.342514          -1.16622          -2.15298
          0.447438         -0.796392          -2.31455
          0.798814         -0.612663          -2.27353
           0.82665          -0.45749          -2.24444
           0.62863         -0.127403          -2.17872
          0.338364        -0.0839642          -2.15942
          0.561433         -0.239958          -1.97984
          0.871776          -0.58403          -2.10461
           1.34275         -0.529024          -2.33685
            1.4573         -0.478199           -2.8296
           1.19068         -0.386036            3.1015
           1.18838         -0.664788           2.33396
           1.48525         -0.798049           1.86058
           1.63278         -0.461746           1.29481
           1.66276         -0.168323          0.698377
           1.45917         -0.233982          0.462514
           1.27321         -0.604043          0.672595
           1.10191         -0.333399          0.870575
           1.37108         -0.304784           1.03994
           1.39069         -0.279526          0.638679
           1.47966         -0.644804          0.563137
           1.04554         -0.653448          0.362725
           1.76774         -0.675156          0.342579
           2.00048         -0.925132           1.05406
           2.17385          -1.39008           1.49538
           2.02803          -1.72171            2.3922
           2.37525          -1.69723           2.53024
           2.50532          -2.18647            2.4678
           3.13384          -2.21833          -3.11441
          -2.69343          -2.08534          -2.58676
          -2.22284          -2.27638          -2.45591
          -1.89651          -1.84286          -2.34687
           -1.6171          -1.93333          -1.88619
         -0.851539          -1.73156          -1.52231
         -0.643181          -1.63679          -1.43826
         -0.162364          -1.08529          -1.08492
        -0.0494259          -0.86494          -1.19148
         0.0998884         -0.505342          -1.35849
          0.907393         -0.351038          -0.85872
           1.78829         -0.402644          -0.10868
           2.52909         -0.460638          0.418274
           2.70098         -0.633858          0.674493
           2.74622         -0.497083          0.859876
           2.85541          -0.69467           1.55238
          -3.10843          -1.03847           1.82092
          -2.83132          -1.08553           2.00979
          -2.23305          -1.23605            2.4719
          -1.78373          -1.08106            2.5476
          -2.06486         -0.610255           2.24179
          -2.28399         -0.603759           2.11319
          -2.09161         -0.403774           2.33775
          -1.41788         -0.814856           2.56723
         -0.878155          -1.50154           2.35308
         -0.497043          -1.89918           2.29258
          0.165634          -2.28476            2.1021
          0.681195          -2.15516           1.84096
           1.24407          -2.33593           1.46031
           1.24729          -2.55423           1.59553
           1.73823           -2.0279           1.90277
           2.70474          -2.06305           2.49564
          -2.83911          -2.08204          -2.82586
          -2.60769          -2.29977          -2.25312
          -1.72858          -2.50471          -2.30262
          -1.27051          -2.57203           -2.3031
         -0.712819          -2.55338          -2.14088
         -0.346411          -2.27464          -1.78591
          -0.32441          -2.08803          -1.56322
       -0.00749298          -2.16838          -1.04205
          0.593964          -1.83319         -0.781667
          0.568939          -1.51454          -1.07844
          0.843211          -1.49028            -1.179
          0.530656          -1.25208           -1.0723
          0.233436           -1.0215         -0.659374
        -0.0626973         -0.288294          -1.33492
         -0.224985         0.0455129          -1.74852
         -0.736171          0.699118          -2.39764
         -0.671125          0.806925          -2.62654
         -0.408529          0.826643          -3.04307
         0.0864531          0.818048           2.92122
         0.0865034          0.839796           2.80304
         0.0567767          0.726719           2.94971
         -0.311639          0.879286          -2.94255
         -0.253017          0.945508          -2.75476
         -0.328992           1.10609          -2.55934
         -0.643577           1.01956          -2.44884
          -0.83014           1.36744           -2.7185
          -1.18949           1.04005          -3.13164
          -1.85795           1.07678           3.04191
          -2.45277           1.07329           2.57212
           -2.5845           1.57593           2.52343
           -2.5718           1.60529           2.52769
           3.01056           1.70364            3.0221
           2.42324           2.19577           3.03503
           1.97149            2.4471          -3.11978
           1.66948           2.18234          -2.69118
           1.69857           2.30795          -2.75004
           1.48977           1.59387          -2.49012
            1.3873           1.43749          -2.30529
           0.94485           1.25266           -2.2668
           0.54079           1.28796          -1.88762
          0.313835           1.12485          -1.56447
          0.291383          0.859134          -1.85009
        -0.0867636          0.944529          -2.33726
          -0.54453          0.904733          -2.65055
          -1.36246          0.778064          -3.04355
          -1.52155          0.398573           2.61644
          -1.46216          0.620632           1.96687
          -1.63869          0.705261           1.37664
          -2.21814           0.85757          0.658045
          -2.93636          0.990562          0.460352
           2.95235           1.48193          0.422692
           2.88754           1.44691         0.0661411
           2.96342           1.37288        -0.0802524
             2.655          0.659967         -0.436589
           2.45524          0.496649         -0.302465
           2.40206          0.964465       -0.00803704
           2.16091           1.12782          0.444028
           2.11197           1.71855          0.688534
            1.9766           1.46415          0.759579
           1.81263           1.61505           1.04454
           1.30794           1.40588          0.980427
          0.152594          0.990686           1.02479
         -0.692175          0.659951           1.20682
          -1.67003          0.521679           1.29969
          -2.23813          0.767665           1.48412
          -2.98502          0.938356           1.17288
            3.0884          0.821151           1.26194
           3.08634          0.960778          0.817904
           2.62479          0.674733          0.527115
            2.4836          0.406981          0.548752
           2.78614         -0.155233          0.254207
           3.09334         -0.341572         0.0789924
           2.30114         -0.448024         -0.245413
           2.59245         -0.560572         -0.811233
            2.5057         -0.857234         -0.919656
           2.15321         -0.756158         -0.993422
           2.31792         -0.542223          -1.22708
           1.78693          -0.06549         -0.867464
           1.95087        -0.0713876          -1.02262
           2.10505          0.199931           -1.4743
           2.09517          0.530876          -1.65804
           2.02764          0.740251          -1.96556
           1.47026           0.68194          -2.33715
           1.34125          0.274649           -2.4414
          0.673367         -0.206491          -2.30963
          0.470499         -0.738666          -2.90478
          0.871893         -0.735993          -3.00456
           1.30134         -0.648934          -3.11139
           1.50804         -0.657978          -3.04872
           1.67756         -0.763235           3.10174
            1.4099           -1.2437           2.92725
           1.32522          -1.17576           2.83532
           1.53504           -1.2483           2.85575
           1.54906          -1.60184           2.98197
           1.62702          -1.85951          -2.81533
           1.63099           -1.9157           -2.6947
           1.75269          -2.08345          -2.13222
           1.71606          -1.78896           -1.0585
           1.54139          -1.78936         -0.971621
           1.29396          -1.76144          -1.43794
          0.814489          -2.05428          -1.58791
           1.08479           -2.0258          -1.27992
           1.21253          -2.14857          -1.34304
           1.15584          -2.25015          -1.57033
           1.19911          -1.86266          -1.48521
           1.04808          -1.17981         -0.935796
          0.817644           -1.7294          -1.32913
          0.854425           -2.3473          -1.85168
         0.0235869          -3.08801           1.62637
          0.120161           2.88221           1.70382
         0.0948881           3.05872           1.93088
         -0.180948          -2.81274           1.61208
         -0.249561          -2.50073           1.89815
         -0.540731          -2.35076           1.51396
         -0.572534          -2.20947           1.39104
         -0.152955           -2.0448           1.02929
         0.0277787           -1.8021          0.555032
          0.453422          -1.71005          0.567034
          0.655466          -1.70079         0.0795102
          0.648095          -1.82103          0.232828
          0.632573          -1.95387          0.298553
          0.814757          -2.06292          0.574525
           1.13406          -2.12722           1.22643
           1.57769          -1.79569           1.66368
           1.77948          -2.33657           2.05743
            2.0233          -2.63647           2.34239
           2.07284          -2.85653           3.03584
             2.038          -2.59003          -2.61415
           1.94119          -2.72298          -2.19918
           2.10633          -2.80975          -1.80234
           2.13763           3.01112          -1.20226
           2.00943            3.0858          -0.87449
           1.82226           2.96284          -1.07328
           1.81074           2.85903         -0.932417
           1.75117          -3.04391          -1.53239
           1.86327          -2.56944          -1.63022
           1.58506          -2.12753          -1.66452
           1.17567          -1.68995          -1.96195
          0.887914          -1.86954          -2.10102
             1.044          -1.79566          -2.13723
           1.22148          -1.76109          -2.38305
           1.67991           -1.4622           -2.1411
           1.61389          -1.76087          -2.28209
           1.52894          -2.23358          -2.33641
            1.3719          -2.77601          -2.00969
           1.56047          -3.11528          -1.85241
           1.48075          -2.62101          -1.36193
           2.21701          -2.71206         -0.644124
           2.25045          -2.44005         -0.631468
           2.71706          -2.28881         -0.968601
          -3.06456          -2.16584         -0.540735
          -3.04957            -2.217        -0.0709052
          -2.84655          -2.52567         -0.283849
          -2.60458          -2.59755         -0.453924
          -2.48863          -2.94687         -0.782675
          -2.58848           3.10634         -0.700502
          -2.13063           2.72727          -1.09704
          -1.85689           2.73652          -1.75686
          -1.72538           2.22814          -1.99208
           -1.1318           2.19438          -2.24528
         -0.447158            2.2542          -1.96403
           0.39429           2.17526          -1.64372
          0.642187            1.6585          -1.59017
          0.947385           2.12187          -1.25522
            1.7417           2.47469          -1.37782
            2.5169           2.41684          -1.33358
          -3.11602           2.05719          -1.38848
           3.10443           2.07517         -0.941151
           3.14157           1.84234         -0.211018
           2.91143            1.6761          0.838909
           2.57971           1.05929           1.53223
           2.43997          0.553576           2.15336
            2.2196          0.605813           3.00619
           2.03664         0.0881773           3.12016
            1.9081         -0.215595           3.10099
            1.7733         -0.197893           3.01785
           2.09057        -0.0860451           2.59256
           2.38573        -0.0715943           2.31133
           2.78945          0.126693           2.12667
           3.01934          0.311219            1.8775
          -3.01902          0.278917           1.87172
            3.0824          0.150617            2.3267
          -2.91807          -0.47865           2.29036
            2.8724         -0.987885           2.11129
           2.48737          -1.30377           2.68599
            2.2822          -2.17834           2.93716
           2.28507          -2.09803          -2.81465
           2.44634          -2.04641          -2.02256
           2.45073          -1.83681           -2.5556
           2.51242          -1.58426          -2.57843
           2.39725          -1.79389          -2.87384
           2.00628          -2.07706          -3.08573
           1.35125          -2.18031          -2.75007
           1.00389          -3.08485           -2.5816
           1.13304           2.86743          -2.58498
           1.04684           2.97497          -2.03555
            1.2857          -2.85218          -1.82406
           1.25383          -2.99756          -1.29297
           1.37498          -2.85574           -1.2501
           1.33855          -2.81303         -0.984735
           1.38515          -2.87997          -1.17403
            1.2289          -2.98691          -1.12661
           1.14397            2.7072         -0.997101
           1.06827           2.67925         -0.110152
          0.904857           2.44522           1.10747
          0.331964           2.29401             1.808
          0.181692           2.42659           1.91642
         -0.282296           2.31172           2.00629
         -0.376555           2.61014           1.97975
         -0.214375           2.49065           2.37834
         0.0892366            2.4175           2.46553
          0.156611           2.29237           2.37072
          0.128042           2.59217           2.20473
        -0.0596094           3.00385           2.49134
         -0.382444           -3.0904           2.31057
         -0.898237           3.12421           2.28716
           -1.0046          -3.09879           2.31715
           -0.7529           3.08123           2.42955
         -0.944305          -3.08714           2.69366
         -0.509374           -2.3437           2.72522
         -0.885038          -1.90608           3.14122
         -0.973495          -1.39956          -2.99558
         -0.978155          -1.19894          -2.94541
         -0.918889         -0.962808          -2.48944
         -0.779399         -0.272715          -2.68492
        -0.0997874          0.801897           -3.0869
          0.793645           1.45751           2.96606
           1.64578           1.95488           3.00695
            2.1322           2.44592           2.94725
           2.84261           2.91071           2.46731
          -3.05163            3.0417           2.18543
          -3.09611          -2.97415           2.31127
           3.08878          -3.10604           2.26141
          -2.82533            2.8585           2.31336
           2.96434           2.98654           2.72804
           2.70967           2.97643           2.81993
           2.84498          -2.94204           2.28918
          -3.04207          -2.44936           1.54207
          -2.66952          -2.06088           1.17157
          -2.73768           -2.1776          0.643168
           3.00186          -2.26541          0.491975
           2.67579          -2.62142          0.411429
           2.68346          -3.03118          0.512258
           2.43957           2.94735          0.614562
           1.92772           2.71245          0.256257
           1.37372           2.49281         -0.155864
           1.38146           2.09088         -0.639763
           1.14008           2.10183            -1.114
           1.28012           2.44461          -1.21401
          0.960215           2.73181          -1.43731
            1.0004           3.01497          -1.54311
           1.01253           3.11368          -1.93871
          0.888435           2.35834          -2.57611
           1.10315           1.71182          -2.83307
          0.714652           1.15107          -2.98746
          0.631376            1.1028           2.80732
         -0.358643           1.51293           2.58479
          -1.29843           2.49413           2.25502
          -1.16454           2.94414           1.62245
          -1.02208          -2.95311           1.01205
          -1.35372          -2.59529          0.440617
          -1.22078          -1.98832          0.688366
          -1.68366            -1.305            1.2224
          -1.86822          -1.13381           1.23921
          -1.66453          -0.97109          0.976568
          -1.01946          -1.25587          0.948391
          -0.84977          -1.31438           1.03792
         -0.989415          -1.75235          0.932428
          -1.02157          -2.04413           1.02289
          -1.67136          -2.26895           1.42732
          -1.66653          -2.23606           1.31964
          -1.70635          -1.87199           1.28222
          -1.83297          -1.77525           1.39923
          -2.22917           -1.9168           1.32411
          -2.44919          -1.40391          0.679035
          -2.81388          -1.49088          0.423354
           3.04654           -1.2461          0.538836
          -3.02922          -1.24638          0.290285
           2.86197          -1.54257             0.163
           2.68389          -1.65996         -0.250427
           2.19554          -1.50013         -0.338455
           1.54232          -1.47839         -0.385605
           1.19056          -1.16005         -0.395259
          0.979223          -1.00544         -0.524862
           1.19114         -0.624233         -0.872573
            1.1396          -1.06335           -1.0776
          0.894858          -1.11241          -1.17543
          0.786721          -1.22078          -1.79691
          0.610636          -1.58387          -2.40045
          0.478018          -1.48468          -2.82413
          0.558466          -1.59876           3.01043
          0.389727           -1.7325           2.45718
          0.194266          -1.82809           2.01489
         -0.139155          -2.25251           1.65761
        -0.0838416          -2.95166           1.52261
          0.241978          -2.42527           1.74765
          0.597262          -2.58972           1.78168
          0.837861          -3.02759           1.98465
          0.284167           2.89835           1.99856
          0.277118          -2.77638           2.32256
          0.305787          -2.48693            2.5851
          0.416698          -2.49096           2.68007
          0.759932          -2.37411           2.87278
           1.57937          -2.39528           2.84438
           1.53989          -2.48054           2.59072
           1.93989          -2.05823           3.05984
           1.79672          -2.40187          -2.72512
           1.77497          -2.07703          -1.97389
           1.84787           -1.5459          -1.64698
           2.31187         -0.742795           -1.4686
           2.99064         -0.362582          -1.02164
           -3.0745          0.139042         -0.975103
          -3.03556          0.706393         -0.899682
           2.99601           1.21848         -0.324544
          -3.08182           1.78176         0.0490614
          -3.06313           1.87603          0.374357
          -2.88874           1.80857          0.805155
          -2.57665           2.15315           1.68708
           -2.5655          -3.11812           1.92284
          -2.45399          -2.31571              2.39
          -1.86276          -1.86664           2.37519
          -1.56834           -1.1174           2.78692
          -1.69245         -0.361449           3.08414
          -1.71305        -0.0411169          -2.72363
         -0.971214          0.376602          -2.38742
         -0.676154          0.436961          -2.03437
          -1.10385          0.192043          -1.93671
          -1.08783          0.392299          -2.30617
         -0.750295         -0.273752          -1.92999
          -0.35512          0.653039          -1.84008
         -0.478245           1.04035           -1.9253
          -1.00221            1.4635          -1.60171
         -0.871456           1.40846           -1.4788
         -0.671561           1.24985          -1.22255
         -0.039895           1.29977          -1.16704
          0.412202            1.8615          -1.64313
           0.40548           2.56116          -1.36289
        -0.0212034           2.62245         -0.971467
         -0.335795           2.33141          -1.43868
         -0.326478           2.41641            -1.952
         -0.230318           2.85588          -2.23259
         -0.640241          -2.85068          -2.67097
         -0.549442           -2.1249          -2.34847
          -0.74755          -1.67479          -2.45611
          -1.18734           -1.3727          -2.53761
          -1.33597          -1.50475          -2.35709
          -1.01532          -1.40872          -2.23489
          -1.13908          -1.32518          -2.41247
          -1.33663          -1.11801          -2.43784
          -1.43891          -1.49915          -2.72701
          -1.28707          -1.44542          -2.81429
            -1.149          -1.79466          -3.07844
         -0.966414          -1.74923           2.95383
           -1.0872          -1.57666           3.10781
          -1.40058          -1.26728          -3.12419
          -1.07022          -1.34046          -2.39815
          -0.74587          -1.51577          -2.35066
         -0.524545          -1.83994          -2.63403
        0.00176877          -1.86793          -2.46897
          0.582948          -2.13609          -2.52141
          0.652482          -2.41379          -2.02288
          0.353228          -2.92916           -2.1136
          0.224674           2.19612          -1.96582
          0.192799           1.72791          -1.51955
          0.221926           1.24366         -0.746932
          0.301425          0.430509          -0.21275
        -0.0926941         0.0255152          0.452716
         -0.138295         -0.431107           1.16027
         -0.109661         -0.817616            1.5387
         -0.613555          -1.11931           1.59203
         -0.662204          -1.60643           1.75765
         -0.993423          -1.95861            1.9456
          -1.23739           -2.1884           1.90728
          -1.22795          -2.38991           1.91557
          -1.33882          -2.52631           2.37513
          -1.73881           3.01814           2.56554
          -2.00841           2.60438           2.32592
          -1.76216           2.31157           1.70537
          -1.55529           1.98552           1.93898
          -1.17196           1.70784           1.85101
         -0.971653           1.45676           2.14548
          -1.09193           1.22433           2.50357
          -1.50506           0.99111           2.31209
          -1.97545          0.336859           2.01816
           -2.3992         0.0195255           1.87016
          -2.51175         -0.184555           1.77894
          -2.76184           0.25051           1.70411
           3.13301          0.247169           1.80744
           2.98811          0.563488           1.48095
           2.99137          0.533368           1.22013
           2.79055          0.186196          0.882892
           2.87411            0.1315          0.971569
           3.00164         0.0907146          0.983061
          -3.00629          0.391161          0.941249
          -2.80037          0.754235          0.691838
          -2.59659          0.598825            1.0991
          -2.71559          0.695702           1.37696
          -2.70155          0.502137           1.68688
          -2.55006           0.12862           2.14623
          -2.78439         0.0171612           2.71039
          -2.52392           -0.1226           2.63516
          -2.88986         0.0101312          -3.13131
          -2.86448        -0.0960578           -3.0162
          -2.48086        -0.0536422           2.74526
           -2.5519          0.472188           2.76621
          -2.65794           0.55351           2.54693
          -3.11129             0.583           2.86521
           2.96198          0.797748           2.93276
          -3.13402          0.419951          -3.07472
          -2.69839          0.501323           3.08188
          -2.95567          0.431215           2.54955
          -2.85059        0.00664646           1.63551
          -2.52327          -0.45234           1.18038
          -2.73323         -0.498018           0.88974
          -2.61779         -0.593405          0.573818
          -2.65532         -0.950141          0.367638
          -2.41274          -1.09455          0.240039
          -2.65344         -0.817716          0.639229
          -3.14063         -0.735348          0.691702
           2.60456         -0.575801          0.680515
           2.38681         -0.102851           1.00874
           1.82967         -0.126677            1.0358
            1.2278          0.102089           1.03752
          0.869939           1.00915          0.879118
          0.731338           1.23556          0.868231
          0.507448           1.39277          0.689755
         -0.177706           1.38748          0.529862
         -0.208519           1.55665          0.411271
         -0.242823           1.32853          0.463754
         -0.460797           1.53688           0.51992
         -0.422465           1.71076        -0.0846907
         -0.414625           2.04493          -1.03174
         -0.662239           2.52671          -2.05687
         -0.281525           3.03999          -2.67139
         0.0372536          -2.99734           2.85915
        -0.0944523          -2.96964           2.08756
         0.0479612          -3.02884            1.8257
          0.431758          -2.85392           1.83752
          0.577998          -2.74579           1.84851
          0.684787          -1.99723           1.81035
          0.459953          -1.47285            1.7358
          0.310587          -1.34285           1.97333
         0.0414527          -1.34198           2.11825
         -0.326885         -0.994064           1.70949
         -0.173558         -0.524223           1.30945
          0.326082         -0.759096           1.41917
          0.572821         -0.335257           1.11551
          0.240716          -0.82026          0.869516
          0.323101          -1.37894          0.462547
           0.29375          -1.96742          0.405977
          0.354509          -2.19567        -0.0765011
          0.180366          -1.96202         -0.323294
         0.0940685           -2.0911         -0.458311
          0.260928          -2.17286         -0.559566
          0.385184          -2.54409         -0.990528
          0.327263          -3.13303         -0.842072
         -0.243743           2.46439          -1.02177
         -0.656731           1.75323          -1.12065
          -1.32534          0.746195          -1.53301
          -1.51992         -0.023957           -1.5811
           -1.6885         -0.364575          -1.50438
          -1.63551         -0.267335          -1.44627
         -0.949228         -0.268708          -1.29453
         -0.864899         -0.630506         -0.957856
          -1.16796          -0.66663          -1.04109
         -0.687877         -0.821449          -1.39855
         -0.664062          -0.85156           -1.7386
         -0.810455         -0.756806          -2.57288
         -0.787234          -1.20048           3.06114
         -0.969904          -1.16028           2.79454
          -1.33986          -1.67034           2.95431
          -1.29146          -1.45462           2.83816
          -1.45786         -0.929918           2.32781
          -1.80318          -1.25938            2.1243
          -1.47139          -1.42159           2.15769
         -0.842546          -1.97888           2.24388
         -0.225173          -2.20632           2.34804
         -0.062472          -2.05587            2.4048
          0.329233          -2.22618           2.42592
          0.443155          -2.07396           2.11386
          0.300127          -2.49404           1.81606
          0.363834          -2.36041           1.65135
          -1.08267         -0.316069          -1.34572
         -0.593653         -0.300049          -1.65333
         -0.249043          0.108096          -1.76864
         -0.379267          0.511097          -1.69351
         -0.539448          0.858795          -1.63621
          -1.17207           1.04746           -1.4493
          -2.06213          0.752647          -1.61598
          -2.28581           1.13459          -1.75589
          -2.31851            1.7471           -1.4558
          -2.33653           2.56946         -0.730615
          -1.53586           2.55949         -0.301584
          -1.36487           2.99442        0.00177367
          -1.33418          -2.84535          0.546998
          -1.09522           -2.6314          0.863143
         -0.997409          -2.62615            1.1698
          -0.57426           3.12582           1.02594
         -0.590661            -3.014          0.772126
         -0.633686            2.8639          0.762155
         -0.178101           2.49332          0.922712
          0.155697            2.3783          0.931847
          0.548515           2.47075           1.02194
          0.475626           2.28342           1.18956
          0.443085           1.64283           1.54914
          0.853336           1.86746           1.97039
           1.22411           1.92932           2.41293
           1.74019           1.81624           2.37759
            1.9674           1.94565            2.3428
           1.95642           2.13006            2.3749
           2.29037           2.44044           2.61581
           2.17848           2.57357          -3.06049
           2.54879            2.6926          -3.07549
           -3.0649           2.67895           2.89952
          -2.44691            2.4211           2.50503
          -2.44808           2.50482            2.4102
          -2.00306           2.06977             2.635
          -2.05244           1.98929           2.79336
          -2.11819           1.85404           2.80962
          -2.62428           1.88431           2.60278
           3.08451           2.63293            2.8919
           2.70342           2.86021           2.59849
           2.59474           2.64493           2.85266
           2.37954           2.22952           2.60678
           1.94985           2.42467            2.4811
           1.70241            2.6096           2.52679
           1.98005           2.51997           2.95587
           1.87817            2.0687           2.79118
           1.92967            2.3254           2.75666
            2.6878            2.3266          -2.62142
           3.05024           2.57959          -2.32762
          -2.97546           3.02593          -2.03523
          -2.66141          -2.86738           -1.7498
          -1.89096          -2.88379          -1.69463
            -1.347          -2.98929          -1.95509
          -1.01481           2.99446          -2.10094
          -1.29398           3.02107          -2.47463
          -1.44393          -2.86444          -2.87799
          -1.57353          -2.23143          -2.98531
          -1.51596           -1.7911           3.10487
          -1.57181          -1.41139          -3.02415
          -1.27702          -1.05894          -2.47456
           -1.0307          -1.15876           -2.4593
         -0.743575         -0.903167          -2.48072
         -0.276048          -1.03234          -2.84411
         -0.151483          -1.03746            2.8955
         -0.372497         -0.278159           2.61381
         0.0117372          0.464045           2.33394
         -0.218138          0.600451           1.62972
         -0.177173          0.606932           0.32305
         0.0859437           1.29044         -0.191029
          0.669738           2.12024         -0.347156
           1.04807           1.83082         -0.427092
           1.00479            2.0288         -0.723152
           1.50998            2.3059          -1.10445
           1.87582           2.10592          -1.45988
           1.91683            1.7125          -1.47458
           1.93948           1.73578          -2.05145
           2.29859           1.48633          -2.38262
             2.694           1.23801          -2.09826
          -3.08367          0.987543          -2.50639
          -2.78613          0.811202           3.03673
          -2.42952          0.845276           2.61789
          -2.38661          0.766432           2.37351
          -2.25186         0.0597223           1.96132
          -2.10534        -0.0445693           2.06517
          -1.94406         -0.388343           2.52002
            -2.197         -0.872081            2.4402
          -2.12519          -1.63133           2.21684
          -2.07113          -2.34264           2.15222
          -1.86442            2.9111           1.78665
          -1.70186           2.33936           1.66368
          -2.08535           2.14657            1.8259
          -2.01737           1.91701           2.03077
          -1.93847           2.40546           2.17267
           -2.0062           2.30139           1.87328
          -1.93713           2.15233           1.74063
          -2.33278            1.9811           1.65301
          -2.36644           1.78144           1.79592
           -2.9966           1.60927           1.90657
            2.6578           1.68951           1.83458
           2.46155           1.98596           1.61499
           1.95947           1.55264           1.68585
            1.6041           1.66086           1.88008
           1.41235            1.3498           2.39621
           1.42403          0.538423           2.43987
           1.17498       -0.00461605           2.54235
            1.1054          0.131893            2.4032
           1.58585          0.263018           2.38422
          0.969554        -0.0808581           2.36961
          0.709119        -0.0106616           2.28845
          0.386031          0.325866           2.40577
        0.00573075           1.03044           2.89011
           -0.3065           1.35219           3.12215
         -0.620306           1.64877          -2.80484
          -1.06143           2.16628          -2.35862
           -1.2886           2.01652          -2.08155
         -0.988606           2.34372          -2.15053
          -0.33951           2.99439          -1.50154
         -0.256975           3.11298          -1.02968
         -0.668461            2.8934         -0.953579
          -1.06781           2.64088         -0.394507
          -1.41835          -3.08801         -0.210525
          -1.60124          -3.13059         -0.475833
          -1.37596           2.64805         -0.927196
         -0.973683           2.31655          -1.33547
           -1.2698             2.099          -1.66308
           -1.8483           2.56394          -1.78503
          -2.11319           -3.1326          -1.90907
          -2.06934          -2.59617          -1.77861
          -1.96287          -2.53977          -1.73095
           -1.8679          -2.04852          -1.45096
          -1.38054          -1.84478          -1.71669
         -0.941231          -1.97307          -1.61282
         -0.125374          -1.50089          -1.64226
          0.264184          -1.44602          -1.38216
          0.553883          -1.26818          -1.46596
          0.719374          -1.58924          -2.07944
          0.897101          -1.68837          -2.48122
          0.985157           -1.5241          -2.74912
           1.05514          -1.44087          -2.65912
           1.34643          -1.43801          -2.80629
           1.38001          -1.18976           2.95959
           1.13136          -1.15141           3.06169
          0.900099          -1.41924           3.02972
          0.286895          -1.44818           2.69965
         -0.165131          -1.86058           2.84668
          -1.05084          -1.92252          -2.92925
          -1.45551          -2.51498          -2.73809
          -2.13056          -3.07002          -2.28606
          -2.33328           2.79047          -1.63937
             -2.88           2.69132          -1.15007
           3.07876           2.44084          -1.12168
           2.66602           2.12708          -1.16987
            2.2057           2.23022          -1.37755
           1.37543           2.23082          -1.83014
           1.18318           2.13588          -2.30989
           1.01532           2.00476          -3.08377
           1.24178           2.12376           2.56109
           0.72285           2.19257           2.61065
          0.784327           2.54818           2.59303
          0.947875           2.42041           2.10931
           1.05504           2.38088           2.06447
           1.06718           2.36324           2.52606
          0.384031           2.13231           2.75346
        -0.0293953           2.40059           2.90891
        -0.0806951           2.80739           2.59569
        -0.0736298           2.81239           2.27628
         -0.688614           2.78794           2.00066
         -0.337638           2.65781           1.70866
          -0.59736           2.73193           2.23003
          -1.04077           2.57624           2.58282
         -0.942941           2.37738           3.08193
          -1.47544           2.46842          -2.86934
          -1.56834           2.31275           -2.6299
           -1.4856           1.61593          -2.80499
           -1.6583           1.46196           -2.6375
          -1.65771           1.18902          -2.16696
          -1.35439           0.78615          -1.06322
          -1.38898          0.237253         -0.422109
          -1.56244          0.324534         -0.150998
          -1.23981         -0.112381         -0.122246
           -1.5275        -0.0116874         0.0613077
          -1.49592         -0.365298           0.30881
          -1.35068         -0.632198          0.236478
          -1.37556         -0.949205          0.129485
           -1.2866         -0.713617         -0.501084
          -1.14056           -0.7304         -0.824144
          -1.21559         -0.215052          -1.10692
          -0.30508         -0.583016           3.05161
          -1.03704         -0.985457           3.05765
          -1.45138          -1.24946          -3.06299
          -1.59001          -1.92727          -2.97511
          -1.85878          -2.14229          -2.80382
          -2.12431          -2.49076          -2.70235
          -2.39737          -2.96413          -2.53605
          -2.79694           3.02225          -2.71929
           3.09886            2.7909          -2.32453
           2.86417           2.57264          -1.95169
           3.03842           2.67238          -1.41114
          -2.99029           2.79747           -1.0493
           -2.8243           2.70437         -0.760612
          -2.97662           2.19535         -0.810593
           3.07379           1.57416         -0.689884
          -2.96406           1.42354         -0.670104
          -2.58115           1.77772         -0.391594
          -2.21348           1.95016          0.174395
          -1.99311           1.77627           0.47142
          -1.52402           1.34937          0.558246
          -1.12231           1.37717          0.379434
         -0.402198           1.40148          0.522892
           0.32046           1.89465          0.545367
          0.699348           1.94043           1.00653
           1.12019           1.71949           1.12687
           1.26228           1.31974           1.43593
            1.0532          0.895772           2.01732
           1.34312           0.75769           2.33359
           1.91409          0.612045            2.7588
           1.92484         0.0970258           2.70352
           1.74112         0.0152676           2.71256
           1.21247         -0.453349           2.84863
           1.18439         -0.654537           2.94478
           1.13891         -0.874221           2.72652
           1.32377         -0.722951           2.62371
           1.25788          -1.04497           2.27095
           1.43099          -1.13764           1.88493
           1.56377          -1.22234           1.25774
          0.965206         -0.986938          0.432003
          0.817175          -1.25328          0.283369
          0.503579          -1.50029         0.0632494
          0.334283          -1.71917         -0.152258
         -0.256422          -1.85005         -0.813088
         -0.485538          -2.20744          -1.25894
         -0.525633          -2.61161          -1.29176
         -0.458837           3.08976          -1.31195
         -0.498375           2.75525          -1.46544
         -0.267875           2.35581          -1.67702
         -0.200278           1.81716          -1.65761
        -0.0679723           1.25013          -1.53116
         0.0526845           1.17309         -0.910218
         -0.210892          0.736496         -0.740725
         -0.443689         -0.194604         -0.842643
         -0.887305         -0.821984          -1.10962
          -1.20818          -1.16339          -1.10278
          -1.09111            -1.711          -1.14252
         -0.888819          -2.08393          -1.18806
         -0.193906          -2.23426          -1.08392
          0.478787          -3.07705          -1.05585
           1.02391           2.90562          -1.41079
           1.61095           2.81888          -1.23614
           2.27866           2.38108          -1.01136
           2.69451           1.88067         -0.864124
           2.94093           1.21447         -0.784986
          -2.92449          0.828266         -0.636591
           2.69617          0.211788         -0.631444
           2.36129         -0.122381         -0.413986
           2.19597         -0.615676         -0.276211
           1.71653          -1.45086         0.0637969
           1.72948          -2.31414          0.218757
           1.20174          -3.07421          0.308658
            0.7015           2.70285          0.700689
          0.647949            2.0397          0.774061
            0.5486           1.95308           1.17087
          0.258939           1.94948            1.3999
          0.686855           1.73417           1.38611
          0.453257           1.41889           1.68122
         0.0699411           1.32735            1.7954
          0.326932           1.34245           2.03266
          0.898235           1.44736           2.46224
          0.863041           1.24453           2.77058
           1.06154          0.937872            2.7777
           1.35464          0.267932           2.96476
           1.40349        -0.0286031           2.75743
           1.33793        -0.0686819           2.65107
           1.25646         -0.669228           2.87638
            1.4299         -0.941256           2.93249
           1.40707         -0.980616           2.95468
           1.23923          -1.01713          -2.98229
          0.992247         -0.802891          -2.28993
          0.761508         -0.543235          -1.73297
           1.17525         0.0334356          -1.28127
           1.31251         0.0959294          -1.31384
           1.59129        -0.0747909          -1.43574
           1.99336         -0.461239          -1.27772
           2.63158         -0.299401          -1.23779
           2.90751          -0.01097          -1.48177
          -3.00578          0.190861          -1.20978
          -2.40709          0.509296          -1.45277
          -1.86968          0.417386          -2.18196
          -1.57893          0.467649           -2.0357
          -1.15807          0.879598           -2.3457
          -1.28803          0.668935          -2.43346
          -1.31893           1.08386          -2.50356
         -0.821947            1.1331          -2.64939
         -0.635671          0.833242          -2.93426
         -0.499309          0.495979          -2.59982
         -0.663016          0.682245          -2.45012
          -1.03769          0.990475          -2.42731
          -1.01568          0.949558          -2.83302
           -1.1597          0.921536           -2.7248
         -0.769206          0.995807          -2.87928
         -0.628297           0.72598          -3.11284
         -0.348481             1.108           2.62566
         -0.358323           1.35721            2.6168
         -0.500381            1.5904           2.56659
         -0.263005           2.22335           2.09445
         0.0114619           2.75033           1.98244
          0.118559           3.12442           1.91629
         -0.234242          -2.91083           1.72835
          -0.37411          -2.85517           1.46782
         -0.631237          -2.83886           1.06941
         -0.930749          -2.65552          0.923686
          -1.39088          -2.14281          0.996545
          -1.63852          -1.78236           1.01657
          -1.55822          -1.38794           1.34878
          -1.49061          -1.20721           1.47103
            -1.817          -1.00051           1.36304
          -2.33971         -0.614136           1.21335
          -2.66328          0.129033          0.881275
          -2.66769          0.965015          0.911541
          -2.17475          0.961221           1.00353
          -2.47451           1.78425           1.08019
          -2.57136           2.58561          0.805763
          -3.08838          -2.99716          0.987234
           2.89896          -2.94369          0.865559
           2.71969          -2.61744          0.772075
           2.57627          -2.25218          0.201642
           2.68257          -1.19495        -0.0908549
            2.7233         -0.886864          0.320112
           2.59014          0.169425           0.28037
           2.35754           0.43757           0.29124
           2.05253          0.941923          0.132229
           1.98355           1.63246       -0.00782079
           1.54843           2.29178         -0.159631
           1.39122           2.52261         -0.360696
           1.62895          -2.96506         -0.897163
           1.60612          -2.40035          -1.09686
           1.13269           -1.7684          -1.53303
          0.371605          -1.50206          -1.65619
         0.0933152          -1.01194          -1.14543
         0.0342397         -0.751095          -1.37023
         -0.173543         -0.335083          -1.24542
         -0.231405         -0.248217          -1.00811
         -0.322195         -0.474154         -0.933043
         -0.260987          -0.34573          -0.57748
          -0.22115         -0.480887         -0.540503
         -0.822134         -0.505586         -0.326422
          -1.16497         -0.238701         -0.502292
           -1.2484          0.286663         -0.953933
          -1.10179        -0.0105551         -0.986699
          -1.17917          0.272739         -0.834888
          -1.26742          0.247849         -0.790389
          -1.05174          0.467067         -0.897327
          -1.13292          0.506219          -1.24938
          -1.10765         0.0432721          -1.49961
          -1.17984         -0.092832           -1.3541
          -1.15578          -0.45373          -1.44439
          -2.02558         -0.538369          -1.51206
           -2.4598         -0.358827          -1.85164
          -2.86321         -0.370764          -1.47943
          -3.13338         0.0649435           -1.1298
           2.96997          0.411505          -1.50871
           3.07445          0.184121          -2.02622
          -2.69252         0.0131134          -2.42851
          -2.02734         0.0436807          -2.20439
           -2.2653          0.209494          -2.21288
          -2.02111          0.349215          -1.92484
          -1.37517          0.784126          -2.30175
          -1.17932           1.25456           -2.7596
         -0.876119           1.61485           -2.8523
         -0.493583           2.02614          -2.95114
         0.0351129           2.29894           3.13729
          0.474143           2.65614          -2.67969
          0.617042          -2.85055          -2.62155
          0.181655          -1.67324          -2.87772
         -0.105863         -0.639686           2.88638
          -1.79699          0.625031         -0.827548
          -1.59201          0.475801         -0.816731
          -1.12155           0.17384         -0.524644
         -0.659084        -0.0633124        -0.0639274
         -0.152484          0.022296          0.601492
         -0.752778          0.337037          0.812297
         -0.817448          0.655387           1.06219
         -0.402899          0.853679          0.872611
          0.136003          0.808154           1.07577
           0.65789           1.11436           1.23265
           1.20764           1.40538            1.1366
           1.79323           1.62776           1.10685
            2.1107           2.13788           1.37236
           2.17221           2.13081           1.46555
           2.51936            1.8031           1.25977
           3.04942           1.93687           1.52144
          -2.83059           1.65076           1.55413
          -2.35057            1.6734           1.08839
           -1.5318           1.58538           1.04747
         -0.345126            1.0591           1.17794
         0.0812101           1.02243          0.813893
          0.480556            1.0147          0.355061
           1.00322          0.772039           -0.1992
           1.16386            1.0187         -0.538558
           1.43002           1.58599          -1.01826
           1.78941           1.80995          -1.83777
           1.85259           1.96804          -1.76838
           2.03717           1.80379          -1.76401
           2.29985           1.66204          -1.65662
           2.48054           1.63046            -2.106
           1.93149           1.36512           -1.5732
           1.63483           1.29329          -1.31636
          0.823064           2.18816          -1.33381
           0.37327           2.83441          -1.18373
          0.368653           -3.1415          -1.01575
          0.681724           3.04258         -0.410571
          0.546158           2.98652          0.114457
          0.449662          -3.13278          0.411105
           0.26579          -2.50146          0.510309
          0.190492          -2.36735          0.960481
         -0.108028          -1.63834           1.47312
         -0.328349          -1.67604           1.95128
         -0.445512          -1.79278            2.3905
         -0.597592          -1.51758           2.94953
         -0.984466          -1.60386           3.01552
          -1.44174           -1.3324          -2.97695
           -1.8618          -1.15659           -3.1161
          -2.27915          -0.79226           2.86047
          -2.52371          -1.21831           3.01056
          -2.44161          -1.13547          -3.00708
           -2.4867          -1.05205          -2.59854
           -2.1829          -1.18149          -2.18143
          -1.86005          -1.19042          -1.75625
          -1.57013         -0.855553          -2.05182
           -1.6298         -0.400823          -2.01104
          -1.80743         -0.174629          -1.76547
           -1.9329          0.390194          -1.68227
          -1.90361          0.773397          -2.34692
          -2.34234          0.902325          -2.95336
          -2.70188           1.82252           2.76515
          -2.86306           2.39842           2.86927
           -2.7594            2.6261           2.97268
          -2.33151           2.39028            -2.899
          -1.95264           2.00264          -2.89465
          -2.01409           1.82426           2.96434
          -1.34972           2.14783           2.26493
          -1.52853           2.14709            1.7575
         -0.925194           2.08638           1.77056
          -1.08272           1.66428           1.69642
          -1.28624           1.24244           1.61441
          -1.95113           1.50466           1.73808
          -1.62631           1.85807           2.05314
          -1.26134             2.096             2.284
          -1.03678           1.90002           2.87697
         -0.937357           1.77239          -3.00525
         -0.813812           1.45601          -3.04728
         -0.945518           1.04859          -2.99556
           -1.0618          0.537353          -2.68086
          -1.26738          0.193695           -2.8065
          -1.23975         -0.194805          -2.77941
          -1.62991          -0.17628          -2.57454
          -1.83154         0.0464204          -1.86904
          -1.87773          0.123275          -2.04492
          -1.97839          0.140898          -2.14431
          -1.77586         -0.327222          -2.21995
           -1.8641         -0.477944          -1.93545
          -1.61046         -0.860868          -1.42214
          -1.27419          -0.95467         -0.956969
          -1.06118         -0.700274          -1.06297
         -0.512009         -0.529432          -1.23967
         -0.580879         -0.279919         -0.955297
          -1.10198           0.15277          -1.06182
          -1.61461          0.267453          -1.08853
          -2.16631          0.128927          -1.18287
          -2.40806          0.194907          -1.25302
          -3.00189           0.38676          -1.24014
           2.90134         -0.023313           -1.3581
           3.00218         -0.518315            -1.571
          -2.72212         -0.937922          -1.96884
           3.07141          -1.18542          -2.27353
           2.75159          -1.47158          -2.47526
           2.05114          -2.37981          -2.95385
           1.29915           2.80697           3.01844
          0.968856           2.98789           3.00549
           0.54227           2.99962            2.9942
         0.0692867           2.67758           2.65948
         -0.334434           2.56549           1.90167
          -0.70573           2.64681           1.67129
         -0.743358           2.81081           1.74004
         -0.298381           2.79306           1.59463
         -0.156412           2.98858            1.2758
          0.153567           2.39371           1.11334
          0.439752           2.39053          0.840798
          0.376561           2.52965          0.594707
          0.670084           2.66813          0.504671
          0.654823            2.5731          0.522652
          0.554104           2.75124           0.77568
           0.24293           2.79854          0.609092
          0.385605           2.56098          0.628782
          0.934169           2.36024          0.854445
           1.40759            1.8759           1.27125
           1.26595           1.83732           1.41776
           1.20778           2.07399           1.57513
          0.830752           1.68988           2.18155
          0.747076           1.51277           3.06179
          0.594253           1.71916            -2.978
           0.14133           1.24367           2.84043
          -0.76489           1.55616           2.50547
          -1.42848           1.26381           2.01475
          -1.84605          0.972724           1.48148
          -1.75764           1.25525           1.36643
          -1.48572           1.08337           1.57231
          -1.31408          0.846031           1.40589
          -1.18943          0.624924           1.67764
          -1.40241          0.476464           1.99934
          -1.74865          0.981448           1.93493
           -2.3634           1.52991           2.00145
          -2.64633           2.35132           2.14315
          -2.60047           2.84919            2.7687
          -2.13714           2.93081           2.96749
          -1.79919          -3.01225          -2.91834
          -1.61473          -2.66718          -2.95809
          -1.82992          -2.46756          -2.86829
          -1.81182          -2.28758          -2.70274
          -1.61623          -2.42961          -2.45987
          -1.88487          -2.03516          -2.02019
          -2.22823          -1.75701          -1.32646
          -2.27822          -1.83684          -1.34878
          -1.87423          -1.60576          -1.39875
         -0.869151          -1.12514          -1.09294
         -0.227354          -1.24835          -1.28566
        -0.0424296          -1.29819          -1.16641
          0.613792          -1.26426          -1.62342
          0.720434          -1.45856          -1.73029
          0.904789          -1.51582           -1.8935
           1.37783          -1.24224          -2.07376
           1.45157         -0.844339          -1.45323
           1.08679         -0.762101           -1.0116
          0.974117         0.0185826          -1.28592
           1.23181          0.451023          -1.42609
           1.43342          0.406873          -2.19131
           1.58812          0.596532          -2.24818
           1.50716          0.669938          -2.51622
           1.58165          0.315751            -2.738
           1.16606           0.21444           -2.7974
           1.42573         -0.306229           -2.8978
           1.10748         -0.644553           3.13204
          0.851864          -1.97118           2.44693
          0.578195          -2.40327           1.84011
          0.124976          -2.55454             1.782
        -0.0716424          -2.93091           1.54023
         -0.363091           2.96171            1.2978
         -0.310967           2.50503          0.908054
         -0.636983           2.39473          0.326773
          -1.12975            2.5114        -0.0691131
          -1.08619            2.1058         -0.430836
          -1.43271           1.51189         -0.764769
          -1.58404           1.63645         -0.734152
          -1.41404           1.86609         -0.952517
          -1.30921           1.44656         -0.912339
          -1.19339            1.5607          -1.00537
            -1.064           1.65382          -1.46421
          -1.14842           1.60806             -1.15
          -1.33198            1.5968          -1.18762
          -1.80652           1.12707          -1.07031
          -1.96107          0.982215         -0.960606
          -1.66339          0.666369          -0.77363
           1.00254           1.71536          -2.57764
           1.48944           1.16375          -2.26869
           1.44773          0.538499          -1.93166
          0.965875          0.349928          -1.76085
          0.761318          0.475347          -1.26996
          0.124847          0.802437          -1.32209
         -0.319302          0.973403          -1.05403
         -0.843219           1.10744          -0.71246
          -1.16838          0.816757         -0.989208
          -1.23883          0.738399          -1.01349
          -1.63819          0.430508          -1.48051
          -1.53588          0.517851          -1.72965
          -1.16533          0.534668           -1.8804
         -0.629928           1.07042           -2.1858
        -0.0854457          0.736861          -2.31102
          0.298313          0.649768          -2.36259
        -0.0519955          0.155175          -2.11421
         -0.786403        -0.0160944          -1.75692
          -1.16627          0.115146          -1.73562
          -1.14325          0.258449          -1.26635
          -1.47298        -0.0355853          -1.54046
          -1.24123         -0.102727          -2.12585
          -1.03074          0.207152          -2.38376
          -1.14474         -0.350924          -2.73282
          -1.19698         -0.944672          -2.91926
          -1.61565          -1.11719          -3.10224
          -1.25887          -1.45505           3.06088
          -1.47841          -1.77317           2.80691
           -1.7857          -2.26798           2.77258
          -2.06802          -2.12824           2.74091
          -2.27133          -1.43769           2.30811
          -2.10743         -0.963107           2.34897
          -2.38269         -0.949237           2.48896
          -2.76023         -0.783204           2.61525
           2.95653         -0.764787           2.85484
            2.8491         -0.158669           3.05381
           2.64878          0.100921          -2.78745
           2.41039          0.620158           -2.5629
           2.29607          0.447218          -2.55248
           2.63927          0.426534          -2.54161
           2.96787          0.373515          -1.74308
           -3.1228         0.0168742          -1.56762
           3.02015         -0.434013          -1.74867
           2.69189          -1.10713          -2.34238
           1.91259          -1.68876          -2.08566
           2.09399            -2.363          -2.41463
           1.90828          -2.90384           -2.5152
           1.47748          -2.92262          -1.95783
          0.997605           3.12567          -2.55758
          0.798173           3.08122          -2.40513
           0.22802          -2.82114          -2.09115
         -0.189597          -2.92072          -1.97465
         -0.551503          -2.74763          -1.79819
         -0.967847          -3.03472          -1.91419
          -0.62074          -2.87751           -1.9418
         -0.364768          -2.85378          -1.93602
         -0.478301          -2.79778          -1.90799
          -1.04916          -2.94198          -1.75256
          -1.22684          -2.56906          -1.32753
          -1.87206           -2.0153          -1.42882
          -1.69611          -1.71067          -1.58387
          -1.99638          -1.45498           -2.1963
          -2.17566          -1.15729          -2.63903
          -1.87492         -0.971891           3.12748
          -1.57322         -0.934009          -2.95446
          -1.27632         -0.921235           3.09459
          -1.64376         -0.866198           2.82064
          -1.39283         -0.737515           2.66422
            -1.067         -0.208215           2.59233
         -0.615634           0.13971           2.67269
         -0.753836          0.381299           2.40546
          -1.08439          0.700611           1.98237
          -1.47186          0.875003           1.96232
          -1.66117           0.70684           1.76981
          -1.85007          0.828296           2.07177
          -1.97094           1.13707           2.18993
           -1.8703           1.25916           2.61042
          -2.19307           1.34415           2.40814
          -1.81027           1.88874           2.09522
          -1.49583           2.53476           1.76491
          -1.80847            2.7873            1.4264
          -1.70746          -2.98909          0.944861
          -2.11963          -2.77606           0.66813
           -2.2207          -2.92663          0.343767
          -2.23686           2.42639           0.20937
           -2.0803           1.79587          0.156605
          -2.06432           1.52019          0.564852
          -1.95431           1.66675          0.919253
          -1.57672           1.52503          0.501671
          -1.51303           2.19162          0.218254
          -1.31604           2.37873         -0.404299
          -1.12286            2.4879         -0.422911
         -0.999932           2.65767         -0.266124
         -0.877455           2.68823         -0.161042
         -0.257109           2.79251          0.111679
         -0.180184           2.70051         0.0602018
         -0.162803           2.75768          0.511046
         -0.792453           2.58576          0.269808
          -1.16327            2.7995          0.217284
          -1.86814          -3.11478          0.245107
          -1.91983          -2.94186          0.689508
          -1.77947          -2.90328           1.06564
          -1.66201          -2.62096           1.25843
          -1.64504           3.01105           1.35398
          -1.50391          -2.99548           1.74197
         -0.962875           2.83961           1.90821
         -0.533951            2.3785           1.85393
         -0.133467           2.17609            1.4626
          0.811824            1.6133           1.16805
           1.53495           1.11774            1.0521
           1.75485            1.2585           1.29189
           1.98759           1.59488           1.98205
            2.0179           1.26203           2.34404
           2.22764          0.923863           2.23084
            2.5055          0.944527            2.2534
           3.00124          0.541001           2.18183
          -2.42797          0.163756           2.02471
           -1.9027          0.251126           2.28496
          -1.43531         0.0594344           2.59475
          -1.09433          0.124608           2.69397
         -0.965352         -0.139966           2.60141
         -0.653816         0.0470379           2.49501
        -0.0137988        -0.0336352            2.4764
          0.467346        -0.0708707           2.73745
          0.728035         -0.486453           2.73732
          0.306942          -0.64328           2.61245
          0.759041          -0.72622          -3.02138
           1.33961         -0.809666          -2.96537
          0.951525         -0.557906          -2.88012
           1.21322         -0.476512           -2.7269
           1.16463          -1.00951          -2.82439
           1.35906          -1.23192          -2.32506
           1.28151          -1.25866          -2.18136
           1.32024            -1.985          -1.89096
          0.851617          -2.47071          -1.40011
          0.238774           3.11448          -1.39347
         -0.309139           2.56333         -0.516032
         -0.916905           2.27298         -0.252806
          -1.19354           2.48536          0.484145
          -1.01797            2.7908           0.84152
         -0.826144           3.00386           1.21954
         -0.984849          -2.73167           1.25972
         -0.569765          -2.51428           1.62659
         -0.538211           -2.4283           2.54099
          -0.44887          -2.32693           2.77084
         -0.512792          -1.43228           2.47946
         -0.657257         -0.713545           2.29466
         -0.398035         -0.103825           2.70986
         -0.420294          -0.27665           2.39718
         -0.526957          0.269594           2.63633
         -0.505264           1.13293           2.62183
         -0.702172           1.71434           2.62439
         -0.617531           2.32302           2.49912
         -0.823178           2.58105           2.21709
         -0.389998           2.69641           2.53017
         -0.617446           2.80856           2.61437
         -0.698051           2.54548           2.97107
         0.0270371           2.18238            2.7336
         0.0680505           1.73311           3.12656
         -0.333906           1.58215          -2.99213
          0.190664           1.94503          -2.62678
          0.371747           1.74962           -2.2199
          0.107345           2.11018          -2.30689
         -0.051646           2.59178          -2.74008
         -0.188691           2.51036          -2.59682
         -0.467423           2.38118          -2.30986
         -0.654418            2.2874          -2.78863
         -0.720248           1.89883          -2.79705
          -1.28114           1.48505          -2.56713
          -1.50624           1.32987           3.05097
          -1.49578           1.38645           2.86786
          -1.10996           1.56946           2.65401
         -0.933319           1.56752           2.22813
         -0.547628           0.60864           1.80991
         -0.203091        -0.0420254           1.04633
          0.795358         -0.206681          0.604727
           1.18176         -0.276757        0.00290109
           1.31488          0.012555          -0.21722
           1.56801          0.319295         -0.458603
           1.74465          0.119519         -0.995113
           1.98595         0.0627758           -1.3658
           1.66471          0.764189           -1.6813
           1.70543           1.68838          -1.82474
           1.63898           2.06862          -2.13153
           1.09673           1.87431          -2.04643
           1.09195           1.88823          -2.07533
          0.792537           1.71594          -2.70331
            1.9991         -0.961391          -1.84101
           2.05362          -1.08714          -1.88427
           2.19487          -1.08945          -1.81974
           2.53563          -1.64702          -1.62652
           2.33022          -1.91306          -1.93023
           2.82513           -2.3317          -2.23395
          -2.94559          -2.39353          -3.01618
           2.97619           -2.4511           2.47577
           3.11598          -2.36869           1.89562
           2.80799          -2.81392           1.42133
           2.96155          -2.28011           1.37084
           2.85108          -2.24259          0.895352
           3.07314          -2.42281          0.486669
           3.01018          -2.41821          0.273593
          -2.68407          -2.97924         0.0215422
          -2.18222            2.9329       -0.00600916
           -2.0467          -2.96732         -0.371744
          -2.13037          -2.68632         -0.440002
          -2.08373          -2.74947          -1.06289
          -2.28153          -3.03566         -0.588149
          -2.37511           3.03617         -0.357457
          -2.71353           2.78623         -0.212223
          -2.90995           2.39426         -0.463385
          -2.60636           1.70164         -0.844989
          -2.19072           1.26323         -0.721252
          -2.13138           1.13511          -1.29178
          -2.64582          0.601845          -1.64817
          -2.84804          0.232783          -2.14489
          -2.50155          0.450793          -2.52723
           -2.4981           0.75782          -2.98299
          -2.04438          0.741449           2.95992
           -1.8896          0.485764           2.49261
          -1.25516          0.063404           2.19508
          -1.14587         -0.304019           2.39214
          -1.17972         -0.401936           2.35889
         -0.859083          -0.23876           1.85671
         -0.338986         -0.482468           1.55607
         0.0198234         -0.106861           1.70184
          0.264509         -0.446394           1.58166
            1.0283         -0.463764           1.58662
           1.10448         -0.443812           1.87072
           1.04525         -0.780703           2.44465
          0.984539          -1.15117           2.24731
           1.20937          -1.55328           2.38468
           1.11577          -1.67736           2.20498
          0.490703          -1.64683           1.82088
          0.161954          -1.36401           1.74723
          0.397722          -1.17625          0.912171
          0.798551          -1.03232          0.305525
           1.00367          -1.11598          0.368275
           1.05731          -1.16426          0.731828
            1.5212           -1.2813          0.916012
           1.72133          -1.54268          0.873128
           1.56026          -1.58838            1.2325
           1.35314          -2.00416           1.73148
            1.2721          -2.39007           2.00882
           1.03069          -2.33447           2.43828
           1.00558           -2.3084            2.9955
           0.73765          -2.28125          -3.08984
          0.673752          -2.55286          -2.65082
          0.890814          -3.09433          -2.53053
          0.609877           2.43233          -2.42659
          0.166189           2.17678           -2.4629
         -0.884722           1.97886          -2.90371
          -1.41286            1.8971          -2.61835
          -2.11209           1.77161          -2.58871
          -2.70769           1.74699          -2.53527
          -3.08301            1.9909          -2.61743
           2.56556           2.42571          -2.31117
           2.23614           2.72207          -2.05721
           1.87982           2.74263          -1.69741
            2.1554           2.37198          -1.40655
           2.63421            2.5389         -0.981623
           2.38625             2.629         -0.837206
              2.78           2.07502           -0.6843
           2.77319           1.72563        -0.0207043
          -3.07684           2.01055         0.0413124
          -2.91686           1.94328          0.411294
          -2.99595           2.15546          0.448776
          -2.93061           2.14114          0.350084
          -2.63045           2.27324          0.199688
           -2.2018           1.87343          0.368902
          -2.00679           1.53417          0.191861
          -2.40456             1.325         0.0409834
          -2.45495           1.26818         -0.375528
          -2.41914           1.49828          0.220031
          -2.32675          0.979479          0.520548
          -2.66053           1.10956          0.909518
          -3.00991           1.28143           1.30068
          -2.97666           1.57856           1.49028
          -2.75886           1.78569           1.83342
           -2.6281           2.02102           1.87903
          -2.50181           2.38553           2.17141
          -2.62673           2.43829           2.76395
          -2.12804           2.42802          -2.75422
          -1.73056           2.38983          -2.08281
          -1.46679            2.3853          -1.69903
         -0.960713           2.10129         -0.649549
         -0.492297           1.76307         -0.366694
         -0.449362           1.53026         -0.102114
         -0.238083           1.64278        -0.0243612
          0.284089           2.01199         -0.039632
          0.545388           1.98576          0.189553
           1.08957           1.53769          0.782934
           1.06219            1.3108           1.11613
          0.997184           1.37107           1.41234
           1.13314           1.15433           1.71362
           1.28261           1.28534           2.07127
            1.2578            1.4041           2.76837
           1.27092           1.25494          -2.71754
           1.11471            1.4435          -2.38951
          0.798685           1.78206           -1.7668
           1.01936           1.95147          -1.52868
          0.863761           2.20346          -1.57382
           1.09065           2.20756          -1.16526
           1.38311           2.26369         -0.735277
           1.74911           2.50811         -0.499208
           1.90411           2.95634         -0.774786
           1.77466           -2.8299         -0.524963
           1.42202          -2.83186         -0.365672
           1.20134          -2.71799          -0.13098
           1.23148          -2.90582         -0.169511
           1.07914            2.8507          0.158635
          0.492072           2.78033          0.649183
          0.547944           2.90193            1.1313
          0.438151           2.59627           1.25825
          0.655073           1.84819           1.28092
          0.078849           1.46645           1.30849
          -0.40632           1.41507          0.871157
         -0.746823            1.4287          0.718118
         -0.709845           1.54229          0.280977
          -0.58858           1.51594          0.296447
         -0.959898           1.97934          0.249994
          -1.18856           2.36485          0.653223
          -1.49994             2.801          0.697047
          -2.25661           2.68906          0.594862
          -2.39635           2.54426           1.05941
           -2.2606           2.29483           1.03632
          -2.15989           2.07462          0.960308
          -1.89821           1.90183          0.601067
          -1.38097           1.73816        -0.0929757
         -0.963295          0.966546         -0.825922
         -0.710732          0.626914         -0.647302
         -0.421231           0.36034         -0.740642
          0.195709          0.626903          -1.38163
           1.07687          0.968551           -1.8231
             1.297           1.48704          -2.13078
           1.29302           2.21096          -1.48404
           0.84685           2.36947         -0.865963
           0.69501           2.50679          -1.13302
           0.58357           2.94732          -1.23335
          0.568508           -3.0987          -1.20831
          0.114849          -2.97749          -1.48555
         0.0853059          -2.82709          -1.37572
         -0.237226          -3.03671          -1.46774
         -0.160324          -2.85746          -1.41872
        -0.0660585          -2.70975          -1.52936
         -0.506342          -2.34174          -1.96399
          -1.12869          -1.42443          -2.28026
          -1.72575         -0.922978          -2.72043
          -2.38172         -0.740533           3.03439
          -2.72589          -0.48311           2.20075
          -2.76904         -0.756187           1.60166
          -2.17012         -0.293394          0.739231
          -1.89645          0.181784         -0.129987
          -1.81531           0.33629         -0.683886
          -1.61358          0.689603          -1.09416
          -2.20516          0.652253          -1.38782
          -2.67445          0.713501          -1.67147
          -2.48119           1.20386          -1.89776
          -2.68543           2.15187          -2.45859
          -3.06904           2.86729          -2.72492
           2.49667          -2.87102           3.09929
           2.51018          -2.10571          -3.01488
           2.50894           -1.9489          -2.98744
           2.55179          -1.52866          -2.64983
           2.60843          -1.51477          -2.86061
           2.37546          -1.55331          -2.79847
           2.69918           -1.2174          -2.97389
            3.0036          -1.25095          -2.40857
          -3.03516         -0.974676          -1.87893
             3.129         -0.815948          -1.76668
          -3.10706         -0.956505          -1.73766
          -2.90171          -1.00804          -1.92965
           3.13989         -0.980486          -2.02339
           2.74825          -1.24194          -1.95844
           1.98247         -0.846068          -1.77557
           2.83135          -0.56116          -1.30778
           2.23487         -0.553474          -1.17742
           1.80328         -0.625032         -0.899435
           1.46454         -0.875149         -0.604996
           1.04317         -0.752333         -0.519161
          0.834863          0.184208         -0.507958
          0.115179          0.499957          -1.34261
        -0.0963026           1.21017          -1.45431
         -0.673558           1.49636          -1.17237
         -0.928786          0.955107          -1.99583
          -1.65402          0.831328          -2.24402
          -1.75248          0.952091          -2.51714
          -1.60303           1.02083          -2.68151
           -1.3268           1.70315          -2.95553
          -1.28123           2.50836          -3.09113
          -1.42443          -3.11339            2.9751
          -1.52918          -2.46814            2.7792
          -1.07972          -2.52137           2.53997
         -0.878655          -2.33965           2.27864
          -1.03748          -2.22307            2.1164
          -1.09486          -1.85476           2.27207
         -0.725793          -2.00062           1.95633
         -0.230429          -2.07395           1.73561
        -0.0583891          -2.27622           1.89242
            0.3909          -2.45754           2.40693
          0.696686          -2.72094           3.01642
          0.925001           -2.7394          -2.76458
          0.797034          -2.75841          -2.86977
           1.22403          -2.66513          -2.63781
           1.28176          -2.80258          -2.45389
           1.50924          -2.72218          -2.01906
           1.86892          -2.90846          -1.55826
           1.91673           3.05229         -0.981937
           2.19168           3.13459         -0.664774
           2.20854           2.95563         -0.547742
           1.75827           2.79387       -0.00468633
           1.50504           2.76201        0.00943629
           2.17647           2.38785         0.0388408
           2.70961           1.99229          0.632518
           2.96482           1.52898          0.897853
          -3.03496           1.63341           1.26256
          -2.53213           2.00287           1.79902
          -1.58754             2.006           2.30723
          -1.20972           2.29374           2.59643
         -0.674312            1.9019           2.91095
         -0.483478           1.41762          -2.83484
         -0.173744          0.566912          -2.37684
        -0.0879837          0.420248          -2.45887
          0.478186          0.252818          -2.95174
          0.609937          0.169731          -2.65919
          0.643547        -0.0278183          -2.40916
            1.2085         -0.194409          -1.70998
          0.724296         -0.943377          -1.36735
           1.00956          -1.49509          -0.88136
          0.674151          -2.51715         -0.480271
          0.515588           2.96508         -0.327704
          0.860223           2.27448         -0.309551
           1.61083           1.59722          -0.96671
           2.28327           1.57607         -0.931315
           2.53243           1.24941         -0.925797
            2.8565           1.05982         -0.819194
          -2.88878           1.38784         -0.515965
          -2.56544           1.67214         -0.259753
          -1.81994           1.72232          0.228372
          -1.35911           1.65002          0.811619
          -1.40401           1.51493           1.27638
          -1.06669           1.60382           1.40924
         -0.971401             2.128           1.49254
         -0.969008           2.66441          0.984619
         -0.645216           2.94678          0.980053
           -1.0664           3.09529          0.768389
          -1.41977          -3.03479          0.883078
           -1.4664           -3.0332          0.697187
          -1.57283          -2.93774          0.180899
          -1.71724          -2.48944          0.146069
           -1.1023           -1.7786         -0.274225
         -0.939343           -1.6072         -0.410183
          -1.02502          -1.82905         -0.673702
          -1.47674          -1.77932         -0.869841
          -1.66808          -1.40328          -1.13578
          -1.87436         -0.959863          -1.31562
          -2.15442        -0.0705692          -1.24542
          -1.95023          0.211538          -1.39282
           -1.8044          0.185457          -1.42701
          -1.66399           0.38206          -1.61258
          -1.51764          0.270281          -1.72395
          -1.86783          0.491879          -1.76953
          -2.31772          0.836064          -2.18554
          -2.11644            1.2175          -2.64549
          -2.46911           1.92713          -2.92814
          -2.93469            2.6306           2.85196
          -2.73277          -2.80729           2.20867
          -2.75098          -1.97153           2.06539
          -2.81402          -1.10456           2.12391
          -2.85411         -0.959544           1.68928
           3.12175           -1.0462           1.77946
          -3.01551          -1.31442           2.14198
          -2.73529          -1.53593           1.84717
          -2.23788          -1.52203           2.10894
          -1.62053          -1.81684           2.43598
          -1.34929          -2.51546           2.37286
          -1.06884          -2.91179           2.49827
          -1.07523           2.76313           2.52128
          -1.00161           2.21455           2.31299
         -0.578046           2.03876           1.92826
         -0.600133            2.4229           1.91634
          -1.02143            1.9235           1.39946
          -1.24278           1.59804           1.13137
          -1.24061           1.39492          0.840907
          -1.01134          0.822105          0.547409
          -1.39401           1.04751          0.596581
         -0.798288          0.962284          0.264801
         -0.480628            1.0173        -0.0260213
         -0.310092          0.880514         -0.103863
        -0.0775938          0.877625        -0.0628428
         -0.632908           1.03148       -0.00659568
         -0.733312          0.846403          0.162754
         -0.602447           1.03673        -0.0389484
         -0.282365           1.10262          0.257832
          0.070239          0.710322          0.221321
         0.0522199          0.639211          0.653118
         -0.237482          0.603946          0.612246
         -0.747034          0.576877          0.534226
          -1.05492           0.52674          0.194875
          -1.33879          0.268302          0.251938
          -1.49943          0.152019         0.0227363
          -1.38103          0.287515        -0.0153245
           -1.4555          0.290863         -0.236213
          -1.53671          0.081334         -0.813281
          -1.88031         0.0875576         -0.369842
          -1.81334         -0.159842         -0.281734
          -2.10016         -0.350772         -0.646947
          -2.61384         -0.698788          -1.11576
          -2.88476          -0.22866           -1.6145
          -2.99125         -0.080769           -2.2752
           3.03284         0.0114065          -2.83176
           2.85143          0.148592           3.02265
           2.92316        -0.0918553           2.41491
          -2.94227        -0.0965239           1.99929
          -2.65799         -0.338843           1.58743
          -2.96514         -0.754042           1.65698
          -2.91792          -1.19304           1.15117
          -2.75603          -1.05955          0.978401
           3.13445          -1.39745           1.35306
           2.84025          -1.20011           1.19951
          -2.99932          -1.35588           1.15889
          -2.84329          -1.93297           1.58739
          -2.72468          -2.06336           1.98863
          -2.65677          -1.61706           2.45702
          -2.89912          -1.01972           2.92169
          -2.91749         -0.951879          -2.83267
          -2.92717         -0.710045          -2.23917
           2.93221         -0.745524          -2.35318
           2.57159         -0.949542          -2.10593
           2.17074          -1.26477          -2.20276
           1.92434          -1.56687          -2.18926
           2.13744          -1.88703          -1.88672
           2.60518          -2.16793          -1.54972
           2.30143          -2.38498          -1.63101
           1.94516          -2.47238          -1.69114
           1.38009          -2.43514          -1.90737
           1.51529          -1.85021          -1.50672
           1.78732          -1.43575          -1.07411
           1.99239          -1.58917         -0.806743
           1.87337          -1.69778         -0.834864
           2.03413          -1.28008          -1.63908
           1.88228         -0.742767          -1.93315
           1.81456          -0.36135          -1.73982
           1.90975         -0.315333          -1.56361
           1.64451         -0.720706          -1.68054
           1.01147         -0.507298          -1.30998
          0.509713         -0.666121          -1.06264
          0.486149         -0.873073          -1.37335
          0.311353           -1.1544          -1.09816
         -0.284707           -1.3227          -1.03533
         -0.163193          -1.18014         -0.968477
          -1.27733         -0.554892          -1.16765
          -1.97333          -0.78412          -1.45273
          -2.19104          -1.01921          -1.69234
          -2.18353         -0.899538          -1.61713
          -2.15389         -0.641211          -1.23822
          -2.44547         -0.580725          -1.25627
          -2.22527         -0.639486          -1.29023
          -2.03683         -0.565672         -0.873727
          -2.81433         -0.650695           -1.2584
          -3.09611         -0.523511            -1.312
           2.84197         -0.488963          -1.21725
           1.61936          -1.01675           0.23935
           2.03129          -0.99142           0.22393
           2.15175         -0.874897          0.343711
           2.18547          -0.82626          0.241095
           2.76669         -0.819983          0.179808
           3.13575          -0.82487           0.19587
          -2.73673         -0.345774         -0.195366
          -2.00716          0.319762          -0.31615
          -1.30808          0.685017         -0.491006
         -0.908866          0.528672         -0.822858
         -0.996592          0.545958           -1.3526
         -0.457295          0.372995          -1.20512
          0.273909          0.253948           -1.5178
          0.525636         -0.206137          -1.78757
          0.234163         -0.720159          -2.26977
         -0.186303         -0.736667          -2.38453
          0.264578         -0.668225          -2.32533
          0.574826          -1.06902          -2.41357
          0.413741         -0.846208          -2.74247
         0.0516534         -0.960897          -2.56824
          0.168902         -0.904769           -2.8771
          0.334225         -0.928424          -2.69564
          0.182043         -0.945992          -2.69363
           0.34972           -1.0535          -3.10034
          0.661709         -0.994783           2.92249
           1.32054          -1.14603           2.78374
           1.39917          -1.45507           2.67957
           1.92322          -1.78002           2.34903
           2.53992          -2.22678           1.82939
          -2.98372          -1.66072           2.09315
          -2.57526           -1.6695           1.96256
           -2.3506          -2.07174           1.98741
          -2.34258          -2.36031           2.00987
          -1.99822          -2.12404           2.06029
          -2.01457          -1.68992           1.94811
          -1.54656          -2.22643           2.10773
          -1.76305          -2.80125           2.29011
           -1.8615          -3.02171           2.43071
           -1.9425           2.50772            2.3752
          -1.75755            2.6254           2.35641
          -1.92891           2.49327           2.25622
            -1.627           2.34916           1.52107
          -1.57029           1.77734           1.04567
          -1.68667          0.992423          0.577981
           -1.7631          0.887511           0.27658
          -1.69553          0.461593          0.484893
          -1.76145         -0.112739          0.555765
          -1.50497         -0.387955          0.462152
          -1.16239         -0.189204          0.929651
          -1.05743         -0.962352          0.969198
         -0.872722          -1.57023          0.771981
          -0.37184          -1.70889          0.832159
         -0.419948          -1.87001           1.18122
         -0.318715          -2.03422           1.72973
       -0.00104684          -1.76096           1.60448
          0.161639          -1.56977            1.7071
          0.326824          -1.63207           1.80243
           0.15877          -1.60393           1.49192
           0.56801          -1.76234           1.48677
           1.12657           -1.4624           1.49543
           1.20202          -1.37455           2.17454
           1.19688          -1.69359           2.76724
           1.40019           -1.9006           2.95622
           1.45171          -2.29239            2.6411
           1.73726          -2.45933           3.00486
           2.09987           3.10688          -2.90177
           2.01668           2.55181          -2.44142
           1.94276           2.02784          -2.17027
           2.13919           1.65479           -2.1345
           2.15763           1.34161          -1.77097
           1.70781          0.994437          -1.82421
           1.62214           0.51368          -1.26166
           1.65656          0.200329          -1.43156
           1.57233         -0.124405          -1.07799
           1.27136        0.00441318         -0.668865
          0.794874         -0.127822         -0.816729
          0.700205          0.372548          -1.58416
          0.875137            1.0971          -1.52836
           1.00229           1.68244          -1.09568
            1.2466           2.09581          -1.61564
            1.6585           2.27661          -2.31397
           2.24005            2.3551          -2.47171
          -2.97818           2.39022           2.91206
          -2.38276           2.57261           2.46104
          -2.24322           2.35725           2.49693
           -1.8381           2.08715           2.26734
          -1.88621           2.60278           1.89572
          -1.54249            2.6894           1.47686
          -1.49546           2.99664           1.85166
          -1.12082          -2.88143           1.67284
         -0.834727          -2.95236           1.70678
         -0.457794           2.87878          0.980905
         -0.267859          -2.85655         0.0188472
          0.175926          -2.61562         -0.327328
          0.774892          -2.44743         -0.415862
          0.778426          -2.55349         -0.312835
          0.697607          -2.31565         -0.732246
          0.964983           -2.2222         -0.843595
           1.39908          -1.84632           -1.3201
           1.47227          -1.45355          -2.25657
           1.46246          -1.10626           -2.3774
           1.40991         -0.805987          -2.21848
           1.06339         -0.618689          -2.44618
           1.02934         -0.791111          -2.60191
          0.965052         -0.546228          -2.33051
          0.916601          -0.73795          -2.40669
          0.847682         -0.870709          -2.00419
          0.732877          -1.15771          -1.98466
          0.544031          -1.00489          -2.10902
          0.500247          -1.60225          -2.42465
          0.659112          -1.60532          -2.42988
          0.582535          -1.34745          -2.57408
           1.03147           -1.6706          -2.14907
           1.82184          -2.08923          -2.38642
           2.10668          -1.99975          -2.70959
           2.41158          -2.21509          -2.39124
           2.67595          -2.18152          -1.88344
          -3.04084          -2.02834          -1.30773
          -3.12612          -2.12119          -1.30493
           2.59365          -2.00861          -1.24004
           2.10487          -1.50295          -1.04447
           1.80126          -1.17191          -1.09324
           1.57899          -1.13684         -0.885635
           1.62395          -1.01361         -0.391046
           1.68651         -0.657655        -0.0811046
           1.54646         -0.302712        -0.0414443
           1.06796          0.151162          0.483646
          0.741664          0.322887           0.50147
        -0.0208826          0.581987          0.481288
         -0.341805          0.676437          0.127883
          -0.99643          0.862152          0.549074
          -1.04103           1.25672           0.89118
          -1.48091           1.38842           0.43586
          -2.18673           1.57828           0.38153
             -3.12           1.50913          0.642378
           2.55038           1.88779            0.4883
            1.8412           1.80945          0.338917
           1.39401           2.09842          0.530169
            1.2632           1.62208          0.798685
           1.00704          0.960292          0.660239
          0.203099          0.779802          0.305168
         -0.953289           1.18946          0.472188
          -1.64586          0.905858           1.31498
          -1.61563           0.53163           1.63242
          -2.04394           1.08754           1.66233
          -2.27945           1.15675           2.08196
          -2.13183           1.42003           2.39939
           -2.5185           1.64675           2.33098
             3.101           1.44509           2.58727
           2.90082           1.38304           2.55712
           3.01261           1.81766           2.60026
           2.56839           1.82573           2.81221
           2.63209           1.98494           3.07511
           2.45013           2.15566          -2.80136
           2.42925           1.96373          -2.42595
            2.1212           2.16405          -1.94676
           1.45702           2.43115          -1.61236
           1.07471           2.70558          -1.48053
          0.564236           2.80054         -0.777534
         -0.186027           2.74286         -0.393321
         -0.680889           2.63716         -0.356576
         -0.613168          -3.12413         -0.338607
         -0.627438          -2.78216         -0.385029
         -0.438904          -2.41146         -0.752731
         -0.598335          -2.42636          -1.13508
           -0.6081          -1.91997         -0.916978
         -0.710924          -2.32406         -0.901976
          -1.31416          -2.86626          -1.15369
          -1.83016          -2.96365         -0.746734
          -2.13859          -2.75707          -0.72285
          -2.00578          -2.35683         -0.725808
          -1.63983          -2.64127         -0.968797
           -1.4166          -2.30352          -1.24249
          -1.04304          -2.71053          -0.81347
          -0.78927          -2.79836          -0.78057
          -1.02262          -2.96866         -0.598626
           -1.6279          -2.45661          -1.01278
          -2.43284          -2.26348         -0.815956
          -2.86963          -2.02146         -0.448544
           2.47707          -1.56027         -0.372262
           2.12364         -0.897598         -0.366797
           1.41443         -0.766511         -0.305093
           1.27017         -0.867777         -0.146109
           1.23353         -0.750027          0.155177
           1.32259          -0.84846          0.632963
           1.72714          -1.16762          0.445938
           1.71886          -1.05056          0.363798
           -2.1021           2.17878          0.888971
          -2.20537           2.33294           1.37909
          -1.82585           2.11875           1.51783
          -1.74115           2.68564           1.50647
          -1.80573           2.62927             1.294
           -2.0679           2.13687          0.785677
          -2.39716           1.92435          0.331225
          -2.89958              1.84          0.325795
          -3.10064           1.36072          0.362576
             2.974           1.64772          0.287302
           2.55755           1.65733           0.39378
           2.01335           1.86612          0.270398
           1.00575           2.30545          0.741403
          0.484152            2.8567          0.764056
          0.506921           2.78593          0.709034
          0.408139           3.07517          0.813229
        -0.0578774           2.79983           1.05429
           0.11547           2.99019           1.65373
         -0.476367           2.94492           1.87892
         -0.372972           2.78433           2.14796
         -0.906703           2.33205           2.55902
          -1.12431            1.7307           2.60773
          -1.29867           1.87891           2.37297
          -1.20208           1.74875           2.49448
          -1.48274           2.08647           2.68767
          -2.11091           2.67649            2.9009
          -2.01917           2.79657           2.93272
          -1.86824          -3.11924           3.00393
          -1.64195          -2.80364          -2.72079
          -1.77854          -2.70946          -1.96959
          -2.04833          -2.64976          -2.10674
          -2.33092          -2.69309          -2.05453
          -2.98017           2.85379          -2.67282
          -3.12685           2.23766           3.11794
          -2.96517           1.59745           2.57007
          -3.10238           1.80319           2.52273
          -2.56581            1.8424           2.19378
          -2.57025           1.82182           1.77819
          -2.97292           1.76825           2.37902
          -2.92753           1.70857           3.14002
          -2.41526           1.90967            2.6666
          -2.34636           2.05323           2.29632
          -2.17396           2.07585           2.27255
          -2.54238           2.15713           2.09872
          -2.49426           2.08158           2.03557
          -2.44571           2.20166           2.24618
          -2.69211           2.31885           2.27455
          -3.14081           2.22904           2.50058
           2.89422            2.2798           2.59389
           2.78314           2.42936           2.79602
           2.84724           2.98859           2.62726
           2.35197          -2.95509           -2.8246
           2.27085          -2.79066          -2.90287
           2.60006          -2.72865           3.09402
          -3.00423           -2.5856          -3.06716
          -2.31476          -2.72087          -2.60124
          -2.12017          -2.97214          -2.88482
          -1.25535          -2.50511          -2.94468
         -0.889327          -1.30965          -2.67553
         -0.400413          -0.54705          -2.89073
           0.35993         -0.338586            -2.443
           0.56057         -0.493748          -2.17702
           1.10259          -0.25409          -2.54265
           1.08187         -0.201327          -2.97744
          0.881151         -0.612685           2.96981
          0.830106         -0.429724           2.46505
          0.428778         -0.346286            1.6345
         -0.143705         -0.212135           1.60532
        -0.0697788         -0.131935           1.76749
          0.033943         -0.153928           1.66037
        -0.0584742         -0.193923           1.87062
          0.149954         -0.604006           1.96297
         0.0479379          -1.08811           1.78745
         0.0216639          -1.77987           1.63246
         -0.425369          -2.00559           1.55329
         0.0927321          -2.30108           1.64646
        -0.0734142          -1.96768           1.37687
         -0.261681          -1.85205           1.43257
         -0.672433          -2.21313           1.45835
          -1.20499          -2.04036           1.15212
          -1.99897          -1.68852          0.999966
           -2.4905          -1.91917          0.984364
           -2.3041          -2.00352          0.416473
          -2.59023          -1.82347          0.294169
           2.99503          -1.85449          0.276127
           3.08629          -1.74623          0.618893
           2.79389          -2.03156          0.640127
          -3.09717          -1.93858          0.804875
           2.91354           -1.5542          0.904479
          -3.00683          -1.57534          0.992318
          -3.04427          -1.71684          0.327815
          -2.98477           -2.2861         0.0449958
           -2.7039          -2.67715         -0.102615
          -2.19967          -2.49591          0.174889
          -1.30041          -2.71426          0.215464
          -1.10613           3.08021          0.535332
          -1.44783           1.92684          0.328177
          -1.42926          0.804689          0.416907
          -1.48177          0.639581          0.701305
          -1.55741           0.58456          0.833299
          -1.15419          0.344291          0.451447
          -1.06423         -0.412242           0.29713
          -0.51828          -1.03795          -0.39896
         -0.285705         -0.715275         -0.610863
         -0.195046         -0.126638         -0.810371
         -0.270145          0.146243          -1.21743
          -0.56747         -0.252208          -1.18257
         -0.282642          -0.31531         -0.809716
         -0.431913         -0.812776         -0.209353
         -0.328803          -1.49947        -0.0611874
          0.565884          -1.55637        -0.0790455
          0.977548           -1.4956         0.0176809
           1.59659          -2.10658         -0.221601
           2.19473          -1.97853         -0.463446
           2.42844          -1.83325         -0.183011
           2.43222          -1.56298          0.171825
           2.46816          -1.52206         0.0602162
           2.38788          -1.88248          0.704427
           2.49822          -1.96002          0.920207
            2.6509          -2.07392          0.939222
          -3.04025           -1.9034           1.54628
          -2.52904          -1.74883           1.91341
          -2.55611          -1.27465           2.07648
          -2.79986          -1.36352           2.07404
          -2.54654         -0.858373           2.41796
          -2.77904         -0.553676           2.43616
            3.0881          0.164653           2.97961
          -3.13204          0.363155           2.65758
          -3.09809          0.883033           2.77523
          -2.65654          0.976396           3.06629
          -2.58085          0.862636           2.81706
          -2.59383          0.880348           2.55256
           -2.1278          0.939918           3.12657
          -2.02236             1.112          -2.81246
          -1.35342           1.31017          -2.91898
          -1.44999           1.57343          -2.67945
          -1.19694           1.46527          -3.05012
          -1.19556           1.67511          -2.68057
          -1.31717           2.28391          -2.93853
         -0.959487           2.93037          -3.10957
           -1.1188           2.66087            2.7853
         -0.999156           3.01402           2.62645
          -1.01192           2.82284           2.62859
         -0.836329           3.02048           2.35712
         -0.276968           2.81779           2.11946
          0.462441           2.97217           2.18187
          0.971304           -2.9047           1.89413
           1.03228          -2.70845           1.72334
           1.04032          -2.36925            1.4493
           1.25252          -2.01819          0.272928
           1.29745          -2.29786         -0.254734
           1.34292           -2.4479         -0.949954
           1.53121          -2.74976         -0.946972
           1.56856          -2.70437         -0.849411
          0.937191            -2.824          -0.89306
          0.433194          -2.59031         -0.940631
          0.428146           -2.5823         -0.863745
          0.630125          -2.67588          -1.28423
          0.663708          -2.76515          -1.13553
          0.809527           -1.9976          -1.00182
            1.0164          -1.19653         -0.510846
           1.12048         -0.803406        -0.0394062
           1.32522         -0.913212          0.373605
           1.62021         -0.603695          0.415418
           1.30633        -0.0337181        -0.0492537
           1.07197        -0.0199498          0.219903
          0.797346         0.0322528          0.645393
          0.956881         -0.374687           0.74545
          0.718262         -0.569431          0.752024
            0.5854          -1.21478           0.62734
           0.64032          -1.82634           1.01718
          0.402358          -1.96219          0.982925
          0.795372          -2.11029           1.28865
          0.760083          -2.42758           1.82686
          0.642897          -2.79699           2.56897
           0.43251          -3.13592           2.71404
          0.531274            2.4816           3.08123
         0.0294181           2.19536          -3.03832
         -0.287605           1.85393           -2.8254
          -1.12132           1.49618            3.0045
          -1.09364            1.0664            2.8389
          -1.09226           1.42236           2.37863
          -1.21339           1.61259           1.79038
           -1.4939           1.87032           1.54404
          -1.65276           1.82292           1.36312
          -1.63211           1.73619           1.27584
          -1.98978           2.19036           0.78446
           -1.7319           2.68287           3.06037
          -1.41381           2.87412          -2.99926
         -0.518525           2.94841           2.90419
          0.448698            3.0915           2.71821
           1.35299          -3.06889           2.73332
           1.81688          -2.76071           2.27073
           2.04971          -2.47829           2.39926
           2.24828          -1.75611           2.49413
           2.37473          -1.53793           2.96978
           2.92719           -1.5645          -2.60059
          -2.57451          -1.30109          -2.18408
          -2.17093         -0.867528          -2.19042
          -1.85886         -0.368164          -2.23036
          -1.71778         -0.121949          -2.00268
          -1.39333         -0.389035          -1.76947
           -1.3325         -0.122948          -1.42492
          -0.78122           0.50405          -1.12297
         -0.871109          0.306844          -1.07472
         -0.998709         0.0121338          -1.44827
          -1.10055         -0.308316          -1.61386
          -1.37939         -0.455185          -1.54372
          -1.48739         -0.386206          -1.68005
          -1.76639         -0.337974          -1.72946
          -2.05428       -0.00699176          -1.61931
          -2.59354        -0.0287097          -1.28683
          -2.64607        -0.0102881          -1.28643
          -2.75871         0.0205118          -1.18594
           3.11025         -0.396064          -1.05658
           3.07001         -0.610964          -1.24664
           2.84656          -1.07034          -1.61129
           2.51828         -0.951692         -0.975915
           2.56708         -0.841839         -0.758094
           2.64333         -0.422642         -0.824265
           2.87944         -0.100186          -1.32154
           2.63763         -0.212901          -1.77896
           2.81041        -0.0317547          -2.35494
           2.57642          0.211096          -2.78551
           2.51252            0.4535          -3.11057
            2.3875          0.459376          -2.44675
           1.83822           0.65942          -1.92711
           1.79691           1.14296          -1.71056
            1.2345           1.40767          -1.30882
           1.31352            1.8692          -1.29703
           1.30628           1.86228          -1.94241
           1.15122           1.81714          -2.48834
           1.33351           1.25649          -2.55272
           1.55257           1.23083           -2.9364
           1.28447           1.10197          -2.73671
           1.18497             1.243          -2.64884
           1.30706           1.16672          -2.75739
            1.2616           0.76997          -2.55802
            1.0359          0.743195          -2.15846
          0.879044          0.616654           -2.4211
          0.481458          0.575284          -2.61565
          0.485779          0.413701            -2.304
          0.671693          0.176304          -2.01433
          0.519495          0.291313          -1.82058
          0.427794          0.415608          -2.32124
          0.787116          0.468466          -2.67068
             1.187          0.559259          -2.75542
          0.885121          0.573572          -2.47249
            0.6201          0.704241          -2.44264
          0.198663          0.265431          -2.76757
        -0.0138273         -0.633359          -2.49313
          0.286991         -0.841811          -2.50378
          0.488382           -1.0125          -2.14557
          0.740338          -1.56608          -2.23789
          0.596503          -1.92534          -1.60345
           1.11473          -2.34926          -1.59418
           1.14232          -2.98888         -0.902093
           1.59511          -3.06777         -0.447992
           1.85103           2.99211         -0.499057
            2.1858           3.12973         -0.728643
           2.30563           2.62244         -0.557998
           1.95947            2.4994         -0.205425
              1.58           2.60021         0.0480866
           1.59951           2.82729          0.481913
           1.04224           2.64728          0.502131
          0.939563           2.60144          0.418284
          0.713249           2.44483          0.423919
           0.88917           2.62244          0.615531
          0.573489           2.61177           1.09066
          0.109218           2.94931           1.46014
         -0.554048           2.80119           1.55513
           -0.5865           3.05867           1.83406
         -0.507046          -3.08086           1.92655
         -0.133447           2.96212           1.64613
         -0.469453          -3.06772           1.85755
         -0.226288          -2.89453           2.45241
         -0.104062          -2.32968           2.42038
         -0.154805          -1.94223           1.95215
         -0.434302          -1.61066           2.01501
         -0.542161          -1.77499           2.40935
         -0.374456          -1.75654           2.51948
          -0.69685          -1.59466          -2.88562
          -1.66978          -1.45728          -2.27158
          -2.25297          -1.11743          -2.47952
          -2.21859          -1.32142           3.03227
          -1.60379          -1.30812           2.96667
          -1.72341          -1.76109           2.71438
          -2.20373          -1.72902           2.76448
          -1.73729          -2.15463           3.13399
          -1.72983          -2.37829           2.91156
          -2.14001          -2.49598           2.84474
          -2.01178          -2.61621           2.57468
          -1.30067          -1.88262            2.3174
         -0.848372          -1.97225            2.5553
         -0.418785          -2.53597           2.19362
          0.232448           3.05542           2.06787
          0.795028           2.77864           2.04015
           1.55208            2.1807           2.20517
           2.50143           1.76033           2.35328
          -2.61166           2.02049           2.30476
           -2.1053           1.81494            2.7089
           -1.3168           1.83048           2.58715
         -0.621206           2.05275           2.78408
         -0.085203           2.70905           2.45998
          -0.28317           -2.9557           2.26959
           0.10746          -2.76878           1.93588
          0.346114           -2.0216           1.99539
          0.624169          -1.70973           2.06316
          0.968767          -1.51686           2.10571
          0.866065         -0.952906           2.21092
           1.13433         -0.803819            2.4023
           1.58027         -0.836417           2.96325
            1.8458         -0.928579          -2.82886
            2.4541         -0.771056          -2.64132
           2.46443          -1.15318          -2.71647
           2.50887          -1.28833          -2.66392
           2.66763          -1.38801          -2.34615
           2.37408          -1.46274          -2.18623
           2.83665          -1.56733          -2.25947
           2.46851          -1.26979          -2.36637
           2.72224          -1.10365          -2.06252
           2.78634          -1.40429          -1.83226
           2.39929          -1.51969          -1.71699
           2.17039          -1.52415         -0.991596
           2.25956          -1.78101         -0.934392
           2.22353          -1.34115          -1.06567
           2.11346          -1.34047          -1.45433
           1.59502          -1.47525          -1.16968
           1.56109          -1.56678          -1.02506
           1.39614          -1.31983          -1.73913
           1.33615          -1.40558          -1.80935
           1.53639          -1.80537          -1.82023
            1.5969          -2.51124           -1.1355
           2.00991          -2.36194         -0.914992
           2.56698          -2.02434          -1.25369
           2.64828          -2.16757         -0.855632
           3.12047          -2.46211         -0.793285
           2.96523          -2.34331          -1.49751
           3.07809           -3.0925          -2.29986
           2.78651           2.59091          -2.74522
            2.4705             1.865           3.05882
           1.66521           2.24098            2.7645
          0.676839            2.2266           2.55293
          0.282649           1.92692           2.35616
         0.0783306           2.00515           1.90231
         -0.403829           2.28649           1.51026
         -0.627115           2.24434           1.23786
          -1.18862           2.43983           1.18231
          -1.31175           2.62375           1.19799
          -1.01655           2.60029          0.962287
         -0.941705            2.0824           1.31644
          -1.56608           2.27351           1.36817
          -1.54457           2.39482           1.68839
          -1.63826           2.92043           1.72955
          -1.70833          -3.03052           1.22925
          -1.94798          -3.03854          0.843031
          -2.29852           2.99056          0.167718
          -2.79421          -3.07868         -0.312133
           -2.8205          -2.44082          -1.02635
          -2.66189          -1.99395         -0.925874
          -2.77453          -2.05147          -1.04681
           -2.6748          -2.43482          -1.07558
           -3.0514          -2.35449          -1.77089
           2.88095          -2.55552          -2.07903
           2.42917           -2.7458          -2.34754
           2.16421          -3.01097          -2.28306
           1.49138          -2.94193          -2.33568
           1.56249          -2.84465          -2.32948
          0.977833           -2.8663          -2.68564
          0.692722          -2.86618          -2.93442
          0.181099          -2.80426           3.07939
         -0.200864          -2.91294           3.01294
         -0.698318          -2.81623          -3.04442
          -1.52376           2.53887             3.091
           2.17403         -0.957987          -1.81041
           2.01712          -1.13762          -1.92196
           1.84829          -1.84772          -2.05847
           1.66222          -2.61838          -2.31804
           1.66914           3.08178           -2.1986
           1.65308          -3.13432           -2.3726
           1.48707           3.12197          -2.00598
           1.29311          -3.07159          -1.81591
           0.91198          -2.81898          -1.86857
          0.900451           2.69985          -1.50874
          0.948504           1.86346         -0.867294
          0.917692           1.74479         -0.555879
          0.671344           1.86701          0.242488
          0.655996           1.95918          0.571861
          0.930352            1.3731           1.04157
          0.984603          0.979129           1.35967
           1.24657          0.812667           1.99828
            1.6156          0.728849           2.51991
            1.7477         0.0857125           3.03843
            1.9996         -0.513684          -2.93647
            2.3411         -0.988817          -2.92566
           2.69573          -1.41747           3.02509
           3.10518         -0.929649           2.90622
           -2.2463         -0.779699           2.71469
          -1.76499          -1.09925           2.74812
         -0.767337          -1.47072           3.02421
         -0.478062          -1.47304            2.5094
         -0.160996          -2.11046           1.84651
          0.317889          -2.61606           1.30505
          0.243819          -2.63302          0.821785
          0.451472          -2.82631          0.477702
           0.43282          -3.03039          0.767309
          0.145592            3.1074           1.20441
        0.00682902            2.2613           1.36811
          0.102056           1.38675           1.57052
        -0.0927911           1.18756           1.59941
         -0.477972          0.797616           1.59023
         -0.528498           0.82991           1.13134
          -1.15841           1.09343           1.55088
          -1.42916          0.952198           2.12382
           -1.8338          0.902267           2.49941
          -2.49379          0.975949          -3.14053
           3.12032           1.44122           3.02065
           2.55423           1.49427          -3.08561
           1.94716           1.62146          -2.98172
           1.10941            1.7104          -2.71301
          0.495638           2.22687          -2.54381
          0.351347           2.37918          -2.77174
         -0.283064           2.23624          -2.57167
         -0.911534            1.9933          -2.65423
          -1.56609           2.26743           3.02269
          -1.86085           2.58724           2.74557
          -1.95117           2.76594           2.29645
          -2.60023           2.92143           2.03649
          -2.70458           2.48655           1.68017
          -2.91475           2.38049           1.28414
           3.01798           2.49813          0.976023
            3.1281           2.48334           1.29646
           3.01392           2.42844           1.45846
           2.96334           2.63402           1.75143
          -2.91409           2.83959           1.96222
           -3.0181          -3.02767           2.46953
          -2.85523          -2.97097           1.99707
          -2.92369          -2.63359           1.85963
          -2.42961          -2.57573           1.67416
          -1.77604          -2.94427           1.61816
           -1.2596           2.98148           1.55238
          -1.28977           2.60946           1.72252
           -1.3861           2.25402            2.0454
          -1.04798            2.1442           2.26759
          -1.02046           2.38409           2.18128
         -0.909533           2.52282           2.41219
         -0.922163           1.99142           2.75838
          -1.05657           1.29662           2.83354
          -1.15482          0.865155          -3.13248
         -0.688922          0.889864          -2.71625
         -0.173812          0.798941          -2.98773
          0.134044          0.494167           3.06791
           0.30659          0.189468          -3.11018
          0.437902          0.296167           2.84089
          0.694285         -0.351528           2.90912
           1.12379         -0.903409            2.8729
           1.45862         -0.622707          -3.01968
           2.05034          0.189087          -3.10275
           1.95363          0.149616           2.95086
           2.15596         0.0640498            2.8409
           2.23342          0.263259           2.54941
           2.41506          0.281144           2.87458
           2.89988        -0.0523795          -2.95146
            -2.827         -0.297627          -2.77274
          -2.46321          -0.39922          -2.89603
          -2.05053         -0.758323          -2.88825
           -2.1912          -0.42244          -2.67735
           -2.4356         -0.106716          -2.67808
          -2.63109         -0.144656          -2.12714
          -2.85256         -0.217934          -1.93683
          -2.77853         -0.713825          -1.83171
          -2.62253         -0.299537          -1.50199
          -2.05118        -0.0240655          -1.17934
          -1.73794           0.10065         -0.132582
          -1.94147          0.661681         0.0970828
          -1.58958          0.990522          0.435365
          -1.35207            1.6266           0.65953
           -1.1394           2.19307          0.765175
          -1.00474           2.57009           1.14709
         -0.738075           2.16902           1.60123
         -0.877075            2.7705           1.40878
           -1.1856          -2.84415           1.36004
          -1.77119          -2.29233           1.36299
          -1.96119          -1.52875           1.40895
          -2.00265         -0.703982           1.32975
          -2.09336         0.0558136           1.38614
          -1.94062          0.730652           1.27018
          -2.07435          0.981515           1.13565
          -1.99398           1.05424           1.41307
          -2.19061           1.34406           1.67897
          -2.43699           1.62699           2.09596
          -2.73391           1.60453           2.23842
          -2.97165           1.25349           2.22181
          -2.62231          0.930767           1.90914
          -2.70625          0.530422              1.62
          -2.92452        -0.0633719           1.45737
           3.02481          -0.34152           1.53103
          -3.12144        -0.0972498            1.5389
           2.92648          0.116219           1.29384
           2.65375          0.372789           1.10813
           2.08661          0.551412          0.589746
           1.92511          0.786086          0.517041
           1.83204          0.550036          0.719866
           1.59646          0.253311          0.736314
           1.47142         0.0595285          0.556716
           1.79189         -0.334846          0.310228
           2.17433         -0.153683         0.0721758
           2.64643          0.336025         0.0501105
           2.62404           0.35781          0.228507
           2.47625          0.410152         -0.110938
           2.73964          0.600681         -0.626711
           2.63692          0.561598          -1.07777
           2.57286          0.550143          -1.36187
           2.61433          0.783324          -1.72493
           2.37106          0.655475          -1.88156
           1.97358          0.966499          -1.73543
           1.49561           1.45901           -1.3754
           1.20749            1.9079          -1.34629
           1.46169           1.90552           -1.4638
            1.5047           2.08564          -1.49678
           1.30258           2.09092          -1.32394
           1.38671           2.13594         -0.655874
           1.48392           2.35623        -0.0387054
           1.87288           2.68642          0.690406
           2.18084           2.61872          0.824667
           2.45984           2.70075           1.11502
           2.40256           -3.0499           1.11733
           2.08015          -2.47312           1.12313
           1.89385          -2.77898           1.20838
           1.76527          -2.36767           1.06202
            2.0907          -2.00127           1.15875
           2.37482          -1.52318          0.940467
           2.18595          -1.32875           0.78472
           1.86607          -1.29484          0.413627
           1.32715          -1.07142          0.250596
           1.13175          -1.27995         -0.245729
          0.666803          -1.10868         -0.467892
          0.419419         -0.745783         -0.479248
         -0.138512          -0.76204         -0.637413
         0.0711112          -0.76077           -1.0701
         -0.384405         -0.516121          -1.86693
         -0.559874         -0.677309          -2.26743
         -0.147059         -0.770643          -2.85968
          0.260367         -0.909958           2.36482
          0.222433         -0.788375           1.70172
          0.409002          -1.33923           1.53629
          0.535758          -1.63037           1.88546
          0.802573          -2.05064           1.63297
          0.648228          -2.12981          0.995523
          0.170736          -2.84148           1.18015
          0.701145          -3.01507           1.49441
           1.27271          -3.08141           1.32523
           1.42577          -2.28404           1.14112
           1.64003           -2.0479           1.13074
           1.80854          -2.00677           0.88514
           1.77578          -2.02351          0.484301
           1.90789          -1.64098       -0.00935459
           1.98525          -1.77932         -0.909491
           2.10642          -2.00683         -0.927483
           2.34745          -1.33587         -0.898811
           2.36166         -0.987756          -1.83092
          -2.96401        0.00711709          0.770281
           2.76219          0.142991          0.488791
           2.51417          0.270968          0.270366
           2.58841          0.312729         0.0906852
           2.18083          0.449985         -0.229615
           2.40437          0.516202          -0.11662
           1.96941         -0.100972       -0.00228606
           1.79417         -0.554326          0.301338
           1.73165         -0.230032          0.849018
           1.17397        -0.0966024           1.25264
           1.21975         -0.584093           1.18847
          0.941021         -0.923588           1.18806
           1.12722           -1.5484          0.994879
           1.02695          -1.28853          0.666227
          0.942423          -0.85066         0.0494487
          0.298289         -0.586757          0.259302
          0.325266          0.057674       -0.00364665
          0.434364          0.416907            0.1033
          0.344832          0.276883          0.396423
          0.568341         -0.257382          0.650555
           0.74337         -0.399811           1.01475
           1.07034          0.470173           1.41864
           1.30547          0.639538           1.97617
          0.847942          0.965674           2.15288
          0.640639          0.919428           2.73385
          0.622972          0.474174           2.07074
          0.937575          0.869846           1.95589
          0.757181          0.938546           1.20379
          0.497327           1.02529           1.16273
          0.263986           0.53678          0.816607
         -0.056413          0.314087          0.974804
         -0.166044        -0.0120984           1.63873
          0.225703          0.236742           1.69836
          -0.14128         0.0977028            1.7685
         -0.326177         -0.139633           1.33012
         -0.393245        -0.0447631           0.98184
         -0.359539       -0.00293233           1.41281
          0.212641          0.144159            1.3374
          0.363036         -0.134028            1.4882
          0.427926         -0.190422           1.27712
          0.853852          0.518253           1.59288
           1.02893          0.765546           1.06321
           1.07481          0.389116          0.490285
           1.52081           0.34183         -0.541457
           1.70715          0.618274          -1.08097
           1.85912           1.00017          -1.33445
           1.57827           1.10582          -1.63408
           1.26456           1.59454          -1.91191
          0.958029           1.53021          -2.48836
          0.980528           1.15155          -2.67444
          0.383659          0.498875          -2.76438
        -0.0919075          0.657416           2.74649
         -0.674364           0.56278           2.75537
          -1.14552          0.572482           2.41127
          -1.42411          0.100482           2.55088
          -1.94845         -0.187001            2.4674
          -2.30712          0.150495           2.48542
          -2.59556        -0.0496264              1.93
           -2.6831          0.373876           1.72618
          -2.31112          0.646739           1.32191
          -2.03555          0.830949           1.50503
          -2.07601          0.866737           1.50073
          -2.05935           1.17469           1.91029
          -2.48324           1.10453           2.26626
           3.04274          0.731443           2.22396
            2.4964          0.525059           2.65869
           2.10523          0.580424           2.65285
           1.52819          0.849558            2.7458
           1.32402            1.1574           2.58391
           1.16177           1.26192           2.02049
          0.767522           1.61678           1.14732
           0.29682           2.57498          0.643552
          0.134393          -3.07409          0.703564
          0.201217          -3.05867          0.526484
         -0.166476           3.03276          0.785454
         -0.377777           3.08821           1.19659
         -0.248657          -3.12769          0.876924
         -0.252642          -2.86203           1.66686
         -0.962233          -2.32756           2.25834
         -0.668771          -2.00845           2.60615
         -0.272508          -1.90138           3.05766
         -0.779832          -2.11088          -2.74871
          -1.02408          -2.35981          -2.15157
         -0.492271          -2.18521          -2.30908
         -0.305985          -1.86846           -2.3289
        -0.0668973          -2.18671           -1.8414
          0.503538          -2.31421            -2.002
          0.658882          -2.14442          -2.15829
          0.362871          -1.76801          -2.28359
           0.40043          -1.78339          -2.22251
          0.592634          -2.21427          -2.02371
          0.380162          -2.11022          -1.75164
           0.44139          -2.06888          -2.13937
          0.933056          -2.31973          -2.38516
           1.03629          -2.57531          -2.81014
           1.07782          -2.92099           -2.9088
           1.53436           2.90516          -2.02006
           2.12441           2.35926          -1.93963
           1.99955           1.81881          -1.97013
           1.35538           1.91986          -2.42778
           1.42222           1.68858          -2.27318
           1.49003           1.24297          -2.62851
          0.848817          0.997385          -2.33276
           0.73541          0.678011          -2.18849
          0.673425           1.14344          -1.78608
          0.983675           1.41489          -2.19947
           1.36808           1.82392          -2.51106
           1.01089           2.47328          -2.55145
           0.76544           2.34473          -2.80742
           1.07698           2.27863          -2.39412
           1.20038           1.84028           -1.5128
           1.48314           0.78188         -0.992754
           2.03922          0.381579         -0.913301
           1.90057         -0.295187         -0.606305
           1.93333         -0.112546         -0.218295
           2.00132         -0.766971         -0.182554
           1.66154          -1.05494        -0.0816409
           1.85524           -1.0477           0.11345
           1.75298         -0.941118          0.787961
           1.78761         -0.866362           1.37249
           2.12683          -1.21314           1.65146
            2.1803           -1.2711           1.91934
           2.14472          -1.37601           1.79388
           2.33053           -1.5381           1.62047
           2.49953           -1.0806           1.74961
           2.47684         -0.440298           1.72565
           2.62073          -0.20871           2.15036
           2.55933           -0.1321           2.71435
           2.06341          0.130294           3.01293
           2.21589          0.206381           3.11612
           2.36009          0.433908           2.91019
           2.55786          0.647455          -2.75284
           2.11848            0.9581           -2.4336
           1.91802          0.704341          -2.53939
           2.46333          0.403389          -2.06541
           2.67512          0.571429          -1.59962
           2.62381        0.00197908          -1.41825
           2.28443          0.390731          -1.25482
           2.03781          0.577998          -1.00291
           1.99054          0.615927          -1.16843
            2.2627          0.317528          -0.95828
           2.29819          0.816986          -1.08513
           2.92132           1.27879         -0.782044
           3.01318           1.76253           -0.3939
          -2.79986            2.1148         0.0627057
          -2.59196           1.93917          0.233284
          -2.47906           1.96714           0.44866
          -2.63646           1.98047          0.201281
          -2.48104           1.52945          -0.17676
          -2.40162           1.65883         -0.531112
          -2.08875            1.6341         -0.320581
          -1.80546           1.39024         -0.039402
          -1.69819           1.53227         -0.085854
          -1.44609           1.44275         -0.547499
           -1.4435            1.4773          -1.33571
          -1.30835            1.2573          -1.52742
          -1.74462           1.15367          -1.93807
          -2.17018          0.919753          -2.14368
           -1.5791           1.01707          -2.25894
          -1.18127           0.53615          -2.87782
         -0.666698          0.473508           -3.0283
         -0.143349          0.722129          -2.84572
         0.0325573          0.950211          -3.08018
          0.616742          0.961742           2.39939
           1.21352           1.05158           1.68844
           1.29777          0.911205           1.22633
           1.72575          0.697334           1.59928
           2.23632         0.0661181           1.88123
           2.82284         -0.228983            2.3977
          -3.09485         -0.431835           2.35748
          -2.92545          -1.01553           2.80428
          -3.00525          -1.41814           3.04376
            2.6767          -2.17814           3.04929
           2.22877          -2.76062           2.81248
           2.12874           -2.7484          -3.00509
           1.80005          -2.77611           2.96054
           2.20502          -2.58163           2.90191
           2.35898          -2.56798           2.61239
           2.35932          -2.55398           2.49767
           2.57788          -2.11901           2.52171
           3.02757          -1.99915            2.5557
          -2.81543          -2.20404           2.30452
          -2.96587          -1.62572           2.17132
          -2.64308         -0.941816           2.02712
          -3.04896         -0.362564           1.67959
           2.98984       -0.00224895           1.42568
           3.11447        -0.0149743          0.819543
          -2.68661          -1.47031          -2.37001
          -2.40059          -1.31597          -2.16413
          -2.41009          -1.19941          -1.35347
          -2.29579          -1.50525          -1.16227
          -2.29398          -1.58922         -0.870441
          -2.48908          -1.39065         -0.557175
          -2.69271          -1.55847          -0.20369
          -2.62427          -1.75199          0.352681
          -2.63618          -1.66646          0.647723
          -2.69682          -1.01077          0.669115
          -2.80156          -1.05673           1.31675
           2.79332         -0.606324           1.74476
           2.63341         -0.474052            2.0202
           2.77119         -0.407871           1.95296
           2.56542         -0.362805           1.88673
           2.50666         -0.314313           1.58598
             2.259        -0.0145272           2.00555
           2.37858          0.221326           2.75095
           2.45207          0.570895           2.73475
           2.40672          0.488521           2.47144
           2.61847          0.449046           2.75736
           2.46289          0.478338          -3.09627
           2.44606          0.599855          -2.74948
           2.64261          0.290069          -3.01106
           2.29832       -0.00946999          -2.57052
           2.79182         -0.447393          -3.12379
           2.83299         -0.388383           2.47772
           2.84555         -0.372493           1.96032
          -2.86965         -0.420792           1.45831
          -2.56901         -0.737417          0.690346
          -2.16184        -0.0740498        -0.0135446
           -2.1209          0.447833         -0.379202
          -1.95236          0.772429         -0.833281
          -1.75527          0.504919          -1.16274
           -1.6339          0.483604          -1.58312
          -1.22239          0.860404          -2.21899
           -1.3375          0.827089          -2.39124
         -0.879942          0.502688          -2.18545
         -0.633612          0.218774          -2.43891
         -0.807737           0.32327          -2.37034
         -0.545046           0.33242          -2.11046
         -0.257458          0.400573          -2.29929
        -0.0479483          0.568285          -2.63774
         0.0916559          0.954904          -2.79352
          0.336482          0.900621           -2.5011
          0.666492          0.905884          -2.18622
          0.536822          0.821124           -2.8281
          0.576558          0.276227           2.82434
          0.497399         -0.132212           2.95185
           1.03821         -0.248585           2.31611
           1.37894           0.24384           1.95865
           1.87689            0.7069           1.17727
           2.08502          0.776674          0.385057
           2.25068           1.10713         -0.302987
            2.9455           1.32383          -1.23896
           3.00622           1.79727          -1.88219
           2.94786           2.30351          -2.08705
           3.08026           1.97204          -2.15921
           3.07993           1.82738          -2.64979
          -2.98185           1.99662           3.12149
          -2.88454           2.03144           3.04676
          -2.58292           1.97792           2.56976
          -2.47764           1.93381           3.04734
          -2.02777           1.71874           3.06625
          -1.43127           2.11495            2.6908
          -1.01742           2.20926           2.63005
          0.152392           2.39717           2.60821
          0.321165           2.19547           2.48071
          0.769534            1.6932           2.55249
           1.01896           1.90356            1.8099
           1.22112           2.37031          0.691664
           1.23901           2.41245          0.325971
            1.9015           2.72905          0.191692
           1.96772           2.53625         -0.170094
           1.81341           2.33225         -0.436017
           1.44375           1.92186         -0.820226
            1.0961           1.57792          -1.11592
          0.587597           1.35965          -1.46497
        -0.0206634           1.19695          -2.24398
           0.15318          0.649007          -2.19053
          0.145084           1.10554          -2.45959
          0.126923           1.77927           -2.6169
          0.207801            2.0902          -2.73276
         -0.116355           1.98155          -2.90324
          0.231375           1.92973          -2.92725
           0.14291           2.06112          -2.84885
          0.374611           2.63825           3.07364
           1.00678           2.93062           3.06663
           1.12385            2.8845          -3.09362
           1.65714           2.94871          -2.78471
             1.298           2.94579          -2.46881
          0.907503           2.85479          -2.25859
          0.417603           2.51387          -2.22423
        -0.0565449           2.55869          -2.09207
         -0.296186           3.12829           -1.9627
         -0.609364           3.01214          -2.09891
          -1.13295           2.83604          -2.17237
          -1.77965           2.85191          -2.05143
          -1.99296           2.52341          -1.85861
          -2.08358           2.15931         -0.976118
          -2.02672            2.3258         -0.535571
          -1.63579           2.11138         -0.179624
          -1.44991           2.37793        -0.0691142
          -1.91464           2.23749          0.414081
          -2.42392           2.22022          0.678382
          -2.00075           2.43617          0.923197
          -1.92323           2.94537           1.11376
          -2.01472          -3.00811           1.01116
          -2.54964          -2.42753           1.68669
          -3.04082          -2.59779           1.96202
          -3.13642          -2.63419           1.86845
          -3.08257          -2.96701           2.32351
          -2.94825          -2.97677           2.63686
          -2.64378          -2.84824           3.02062
          -2.26198          -3.02655          -3.10382
          -3.02644          -2.97942           -3.0211
           2.53446           3.07922          -2.74836
           2.37154           2.90273          -2.37536
           2.07086          -3.10173          -1.76732
            2.0036          -2.77919          -1.01682
           1.94809          -3.03806        -0.0496598
           2.25797          -2.67904         0.0742864
           2.90197          -2.81107          0.579175
           3.03811           -3.0366          0.712287
           3.11993           2.50768           1.09622
           2.96851           1.99141           1.32113
           2.29743           2.18331           2.18775
           2.11126           1.90399           2.52323
           2.20333           1.21134           2.65038
           2.16991          0.853961          -2.77321
           2.48755           1.20435          -2.63635
           2.57502           1.51221          -2.43743
           2.61419           1.32638          -2.29622
           2.57215           1.38964          -2.28496
           2.37175           1.34658          -2.39385
           2.10939           1.46707          -2.13491
           1.35136           1.47001          -2.18027
           1.50045           1.49632          -2.54888
           2.03765           1.88117          -2.43481
           1.71141           2.42455           -1.8328
          0.854476            2.3148          -1.45233
          0.369289           2.57825          -1.42854
         -0.573901           2.08848          -1.91343
          -0.76455           2.22204          -1.47937
         -0.746473           2.21373         -0.887354
          -1.19714           1.83814         -0.359614
          -1.24998           1.59069         0.0703536
          -1.22737           1.24713          0.293044
          -1.21778           1.43975          0.659325
          -1.13254            1.7471          0.593647
          -1.37794           2.04699          0.268985
           -1.4187           1.90431          0.522613
          -1.67084           1.95149          0.448327
              -1.5           2.08805          0.449404
          -1.44012           1.86554          0.844825
          -1.55195           1.40751          0.479174
          -1.70599           1.23559          0.768032
          -2.04352           1.04988          0.969204
          -2.30835           0.59875          0.956487
          -2.28064          0.151045           1.09754
          -2.25108         -0.491694           1.51148
          -2.31581          -0.74581           1.75556
           -1.9065         -0.913919           2.12425
          -2.00703         -0.943429           2.58966
          -1.81807         -0.710948           2.50416
          -1.35519         -0.510953           2.31601
          -1.58109         -0.789822           2.39207
          -1.67724         -0.970764           1.98631
           -1.8628          -0.73315           1.66425
          -1.58904         -0.409035           1.32925
          -1.68443          -0.26218           1.47334
          -1.47663         -0.122543           1.38359
          -1.35914         -0.052567           1.14786
          -1.65013         -0.172547           0.45572
          -1.23709         -0.790367          -0.26684
          -1.22346          -1.23586         -0.212984
          -1.10025          -1.59018         -0.697005
          -1.47912          -2.29199          -1.09453
          -1.34161          -2.52669          -1.09303
           -1.0314          -2.51038          -1.14782
          -1.02379          -2.52933          -1.61347
         -0.859364           -2.3816          -2.41017
          -1.75921          -1.81945          -2.76358
          -2.15828          -1.78438           -2.8712
          -2.57741          -1.36719          -2.57781
           -2.9447          -1.61468          -2.35756
          -2.53452          -1.57359          -2.34243
          -2.87727          -2.39445          -1.52095
           2.93697          -2.33017          -1.79562
           -2.9511          -2.48251          -2.25608
          -2.64846          -2.31434          -2.55177
          -2.05545          -2.66294          -2.98015
           -1.1642          -2.86828          -3.05512
         -0.351014          -3.12353           2.67626
         0.0141613           -2.6372           2.24437
          0.398403          -2.41635           1.90471
           1.06983          -2.42125           1.49157
           1.34354          -2.52634           0.92002
           2.12856          -2.75307          0.334388
           2.36367           -3.0525         -0.723905
           2.59636          -3.09049          -1.06206
           2.82299           3.13975          -1.63156
           3.04473          -3.06456          -1.80829
           3.08065          -2.71442          -2.08542
          -2.81086          -2.24837          -2.58416
          -2.16128          -2.53805           2.82786
          -1.89036          -2.50385           2.02076
          -1.40387          -2.24204           1.65292
          -1.22589          -2.45198          0.996507
         -0.657068          -2.45414          0.730242
         -0.425837          -2.43864          0.276883
        -0.0600521          -2.27567         -0.474095
         0.0812702          -2.29463         -0.986356
          0.289845          -2.43222          -1.04968
          0.566378          -2.91656          -0.97145
          0.787789          -2.54139          -1.09007
           1.22881          -2.57939           -1.2581
           1.36541          -2.56845           -1.5753
           1.53009          -2.61726          -1.96092
           2.01761          -2.91646           -2.0918
           2.21961          -2.51879          -2.45037
            2.1663          -2.09451          -2.54533
           2.54997          -1.85246          -2.33507
           3.10033          -1.60245          -2.18527
           3.11847           -1.3049          -2.00969
          -2.90476         -0.983399          -2.02327
          -2.91686         -0.941737          -1.85008
           3.04545          -0.93911          -1.54759
          -3.12734            -1.083          -1.11133
          -2.89379         -0.516111          -0.61077
          -2.61833         -0.189878         -0.353287
          -2.45172          0.233283         0.0222567
          -2.38106          0.694209          0.263163
          -2.24646          0.879286           1.11271
          -1.97097           1.22724           1.90584
          -1.92286           1.49514            2.6477
           -1.3899           1.75877            2.9238
         -0.989015           2.01277          -2.78277
         -0.579479           1.88457          -2.34236
         -0.125606           1.58691          -2.44417
         0.0592322           1.93461           -2.7188
           0.66006           2.02537          -2.89742
          0.640618           1.92428           3.01785
          0.843234           1.89864           2.78248
          0.519973           1.73605           2.52839
          0.212204           1.78528           2.30951
         -0.774703           2.10802           2.71527
          -1.18823           2.73372           3.09747
          -1.51198           3.06843           2.58467
          -1.43973           2.90278           2.35307
          -1.69986           3.06165           1.91022
          -1.98031          -2.85331           1.66401
          -2.16447           2.89147           1.86031
          -2.56654           2.58937           1.82965
           -2.1986           2.18631           2.11413
          -2.49228           2.10098           2.29712
          -2.67645           2.07306           2.13507
          -3.05208           2.29321           2.08211
           2.95849           2.32273           1.66187
           2.69914           2.92555           1.41268
           2.65892           3.07784          0.932986
            2.4064            2.9992          0.981963
           1.95614           2.33762           1.29421
            1.4692           2.31068           1.34494
           1.14732           2.23419           1.21407
          0.884219           1.88035            1.2797
          0.631828           1.45227           1.12339
          0.948526          0.966507          0.983831
           1.41868          0.886352           1.27013
           1.62084          0.702134           1.18215
           1.74057          0.641333           1.24735
             2.086          0.827988           1.38235
           1.62045          0.726258           1.46095
           1.71866          0.396695            1.4435
           1.28927        -0.0319595           1.66066
          0.932119         -0.161211           1.77375
           0.44812         -0.300947           1.91224
          0.970594         -0.581841            1.6466
           1.51513         -0.871122            1.6555
           1.45451          -1.18675           1.57938
           1.50498          -1.09656           1.60973
           1.29158         -0.810979            1.6731
          0.859761          -1.42162           1.80881
          0.432312          -1.81639           2.06891
           0.26037          -2.35494           1.71446
           0.22692          -2.95702           1.48002
         -0.177651           2.96934           1.55814
         -0.113324           2.48801            1.8498
         -0.485718           2.56464           1.90495
         -0.259129           2.33185           2.21238
        -0.0780842           2.24253           2.84426
          -0.30622            1.9589          -3.08765
         -0.811533           2.11708          -2.50683
         -0.957474           2.21397          -1.89126
         -0.960499           2.45628           -1.5754
          -1.07056           2.41425          -1.61707
           -1.0818           2.27016          -1.45636
         -0.684635           2.51721          -1.30805
         -0.494375           2.82358          -1.24336
          -0.33723            2.7867           -1.2154
          0.161987           2.75979         -0.991383
          0.697027           2.30142          -1.26522
          0.881228           2.14917          -1.08077
          0.919035           2.56971          -1.12174
           1.27787           2.95949          -1.35782
           1.54163          -3.06878          -1.16389
           2.00589          -2.95184          -1.24973
           1.90972          -2.36716           -1.0265
           1.29877           -2.2099         0.0110631
          0.978407          -1.91821          0.819629
           0.80339          -1.70957           1.51492
          0.396075          -1.14285           2.14063
          0.311657         -0.567728            2.4986
          0.327083         -0.100724           2.66915
         -0.055794          0.184305           3.03999
         -0.140943           0.70571          -3.13167
         -0.335247           1.15562          -2.72663
         -0.696996           1.25433          -1.85577
           -0.7355           1.15823         -0.518709
         -0.502722           1.31977           0.10475
         -0.982283           1.30941           1.06422
         -0.768311           1.86586           1.37549
         -0.847728           2.86345           1.33998
          -1.10398           3.04917            1.6519
          -1.41249           3.05931           1.83467
          -1.86527           2.92451           1.98961
           -2.2564           3.13777           2.30137
          -2.39418           2.80993           2.52758
          -2.54328           2.55133           2.15177
          -2.67784             2.709           1.91636
          -2.91109           3.06958           2.12272
          -2.96763          -2.65454           2.14634
          -3.10535          -2.30575           2.23224
           3.01426          -2.52685           2.01868
           3.00191          -2.74231           1.81129
           3.05795           3.01183           2.29381
            2.8035           2.59032           2.21849
          -2.98749           1.96687           2.34598
          -2.62668           2.00391           2.60435
          -2.86659           1.73163           2.95908
           3.12295            1.2844          -2.90612
          -2.77127          0.870704          -2.72215
          -2.67429          0.295449          -2.38516
          -2.80935          0.537006          -1.92562
          -2.84652          0.338959          -1.85723
          -2.20092         -0.252542          -1.82857
          -1.94773         -0.101382          -1.64797
          -1.79195         -0.282942          -1.53973
          -1.69608         -0.661438          -1.48979
          -1.64436          -0.89279           -1.8323
          -1.84861         -0.843287          -2.28932
          -1.75884         -0.798196          -2.66318
          -1.95036         -0.936847           -2.9423
          -2.23675         -0.801983            2.9359
          -2.65103          -0.62651            2.4792
           2.81703          -0.37544           2.59814
           2.15728          -0.81865           2.54437
           1.88338         -0.611598           2.09049
           1.20251         -0.714979           1.67562
          0.917958         -0.815955           1.20738
          0.821727          -1.14527          0.912252
          0.388939          -1.03047          0.297075
        -0.0145155          -1.41735          -0.18494
         -0.441463          -1.46595         -0.381182
          -0.97557          -1.41264         -0.302137
          -1.14602          -1.65479         -0.115065
           -1.5051          -1.82046          -0.43774
          -1.26638           -1.4655         -0.310838
          -1.39262          -1.60669          -0.87788
          -1.55243          -1.28534          -1.03174
          -2.19156           -1.4478          -1.16356
          -2.59449          -2.08804          -1.12727
          -2.85185          -2.27181          -1.66317
          -2.85818          -2.35647          -1.65742
          0.537724          -2.64812          -3.11072
          0.907675          -2.63497          -2.48393
          0.960147           -2.4813          -2.49333
           1.34796          -2.11788          -2.19425
           2.04492          -1.83697          -2.04934
           2.15602          -1.83425          -1.74764
           2.02501          -1.51481          -1.63506
           2.21243          -1.43696          -1.80567
           2.10249          -1.05826          -1.98198
           1.86387          -1.12313          -1.94863
           2.16163          -1.39003          -2.24783
           2.00725          -1.61199          -2.45337
           1.93884          -1.67129          -2.25131
           2.66192          -1.97805          -2.04444
           2.23022          -2.16512         -0.844366
           1.97018          -2.12534         -0.141389
            1.7289          -2.19249        -0.0797947
           1.64824          -2.06244         0.0528824
           1.97211           -1.6082          0.545574
           1.56753          -2.04428          0.707269
          0.826026          -2.68557          0.492269
          0.725267          -2.80362         -0.128245
          0.746455          -3.05762          -0.24569
          0.955818          -2.99655          0.208707
          0.891738           2.90508          0.277042
          0.587909           3.03513          0.022949
          0.809569           2.91807         -0.304078
          0.595561           2.29297         -0.824373
          0.571882           1.83416         -0.964729
          0.175626            1.7649          -1.32489
          -0.15416           1.52193          -1.38067
          -0.64473           1.19508          -1.75962
         -0.932282          0.714769          -2.00864
          -1.24721         -0.103739          -2.38534
          -1.52271         -0.241966          -2.41346
          -2.50763         -0.980294          -2.50647
           3.00896          -1.58381          -2.65241
           2.97773          -1.56037          -2.69061
           2.85627          -1.35466          -1.91718
           2.92761         -0.935133          -2.00305
           2.92712          -1.39744           -1.9453
          -3.03104           -1.7975          -2.00166
           2.91104          -1.62583          -2.13593
           2.38358          -2.15494          -1.91737
           2.22675          -2.30006           -2.1953
            2.5775          -2.36654          -2.21547
           2.46021          -2.51048          -2.54466
           2.19874          -2.42996           -2.9054
           1.78577           -2.4946          -2.82463
           1.71988           -2.7079          -2.72028
            1.5302          -2.67865           3.05605
           1.69018          -2.61912           2.37382
           1.28964          -2.83273           1.67322
          0.637921           2.78403           1.57999
          0.122345           2.60203           1.54799
        -0.0914671           2.69483           1.31153
         -0.201507           3.00915           1.30104
         -0.500964           3.03118           1.15974
         -0.467476          -3.10579           1.16045
        -0.0923667           2.74658          0.995436
          0.733426           2.72888          0.823488
           1.39809           2.70285          0.268781
           1.73381           2.69938         0.0909303
           1.82592            2.8913         0.0981221
           1.38589           3.02421          -0.37036
           1.58082          -3.13036         -0.578841
          0.963484           3.13719         -0.370225
          0.463885          -3.00589          0.253136
          0.193261           2.92657           1.12505
          0.355392           2.90032          0.905193
          0.581184          -2.94982           1.05155
          0.405274          -2.94658          0.876827
         -0.223772           2.95858           1.08327
          -0.29865           2.97224           1.42496
         -0.484034           2.96662           1.71451
          -0.48494           2.85366            1.6861
         -0.752875             2.616           1.74751
         -0.619996           2.95132           1.48179
           0.10296           2.98223           1.33128
          0.533488            2.6571            0.9672
          0.766473           2.34446          0.979505
          0.884921           2.30239           1.23034
           1.32454           1.78932           1.10061
            1.3555           1.17192           1.10098
           1.52961          0.471874           1.67605
           1.98339          0.286421           2.34911
           2.02525          -0.13508            2.6063
           2.30223         -0.507629            2.5511
            2.6365         -0.917275           2.42582
           3.02812          -1.06972           2.60919
             2.933         -0.972743          -3.11848
           2.82157         -0.894423          -2.81449
           2.74005         -0.928576          -2.91798
           2.77485         -0.630457          -2.53597
            2.8249          -0.75207          -2.62896
           2.23312         -0.704589          -2.54027
           1.47061         -0.696699           -2.1481
          0.485359         -0.968787           -1.7661
          0.589813          -1.21943          -1.72947
           1.26526          -1.33351          -1.54456
           1.60508           -1.3008         -0.918989
           1.50917          -1.80854         -0.651803
           1.25566          -2.42478         -0.585703
           1.15765          -2.73959         -0.578924
           1.25388            3.1018          -0.33424
           1.89883           2.83537         -0.446673
           2.28893           2.58761        -0.0210553
           2.70555           2.17805          0.217218
           2.98301           1.80171          0.760436
           3.09097           1.93265            1.2192
            2.9983           1.93361           1.58139
          -2.56428           1.97681           1.86076
           -1.7598           2.66573           2.02928
          -1.63336          -3.13813           2.47328
          -1.00423          -2.93687           2.57657
         -0.789015          -2.89534           2.99722
         -0.347933           3.01208          -3.09588
         -0.285988            2.6519          -2.95217
         -0.462302          -3.14007          -2.63792
         -0.896726           -2.8584          -2.62466
          -1.36608           -2.8349          -2.02924
          -1.57796          -2.67518          -1.97551
          -1.71879          -2.88581          -1.71012
          -1.74459          -2.74232          -1.00155
          -1.55814          -2.42564         -0.984634
          -2.09892          -2.23716         -0.731495
          -2.32482          -1.64008         -0.737184
           -2.8471          -1.60959          -1.04911
          -3.09839          -1.30734          -1.36228
          -3.05867          -1.14533          -1.39534
          -2.82768         -0.825689          -1.36628
          -2.76677         -0.590164          -1.35317
          -2.75184         -0.212642           -1.1446
           3.11061         0.0856368         -0.952351
           2.52645          0.127403         -0.490126
           2.50525          0.117705         -0.508524
           2.10433          0.433203          -0.28055
           2.58122          0.440255         -0.877887
           2.14134          0.597193          -1.29902
            1.5337          0.734608          -1.56663
          0.978932          0.959507          -1.53207
           1.12463          0.756591          -1.81742
           1.21224          0.802495           -2.3343
           1.70371          0.548763          -3.11697
           2.10075          0.283848           -3.0894
           2.00747          0.210126          -3.11814
           2.20628         0.0601181           3.09628
           2.80768         0.0279561            2.8954
           2.89863          0.269854           2.63718
          -2.94733          0.658736           2.77354
          -2.33324          0.451034           3.08791
          -1.62282          0.446249          -2.97496
          -1.46798          0.794401           2.95383
          -1.06477           1.22236          -2.90774
         -0.440093           1.58547          -2.32826
        -0.0769278           1.86606          -2.62311
          0.390445           2.00138          -2.69232
          0.255862           2.11921          -2.70452
          0.291687           2.49564          -2.96936
          0.782023           3.05674           2.81844
          0.445902          -2.67736           1.95108
          0.776045          -2.66152           1.70908
           1.15252          -2.54862          0.968722
           1.35482          -2.42887          0.635418
           1.34192          -2.33038           0.36389
           1.33738          -2.22307          0.579006
            1.3417           -2.1874           0.81768
           1.34607          -2.30745           1.00096
           1.96381          -2.26562          0.642251
           1.93855          -1.98349            0.2803
           1.93971           -2.0062        -0.0103781
           1.86304          -1.91649          0.540959
           2.43813           -1.9051           1.00343
           2.46033          -1.66139          0.907991
            2.5353          -1.28093           0.60322
           3.01715         -0.807091          0.404995
          -3.13919         -0.547363          0.487471
           2.83577         -0.213324          0.465076
           2.56038         -0.102925            0.3763
           2.52959          0.646485         -0.394663
           3.00029          0.878294         -0.217246
          -2.94966           1.34197         -0.507607
           2.76431           2.32662          -1.05587
           2.28625           3.00362          -2.03071
           1.80496          -2.91461          -2.37102
          0.834387          -2.80325           -2.7825
          0.400865          -2.75405          -2.90867
           2.66861         -0.151611          -1.31171
           2.99008           -1.0656          -1.39393
            3.1109          -2.05683          -1.38984
           2.81671          -2.81384         -0.873358
           3.04041           3.07863         -0.592216
           2.78429           3.00913         -0.386091
            2.6139          -2.91646         -0.987095
              2.39          -3.10049          -1.20285
            2.2072            2.9459          -1.36965
           2.19641           3.00159          -1.32176
           2.40252            3.0637          -1.70628
           2.14489           2.80653          -1.46813
           2.47127            3.1006         -0.891683
           3.13937           3.00092         -0.278394
          -2.59906           2.69798         -0.182888
          -2.38148           2.54893        -0.0768668
          -2.04037           2.97158         -0.254423
          -1.99661          -2.85749        -0.0865499
          -1.64919          -2.27637         -0.136006
          -1.16678          -1.69807         -0.197828
         -0.912682           -1.0289         0.0733372
         -0.487326         -0.352493          0.887226
         -0.552083          0.244916           1.51304
         -0.643299          0.380933           2.06819
         -0.440126          0.843049           2.49074
         -0.530335           1.51042           2.64842
         -0.533085           1.35136           2.74171
         -0.447014           1.40093           2.94371
         -0.595828            1.0517          -2.71533
         -0.368683           1.20604          -2.63983
        -0.0506354           1.41675          -2.68818
         -0.323008          0.955823          -2.48838
         -0.599057          0.647273          -2.36039
         -0.619023          0.694183          -2.17813
          -1.13903          0.908811          -2.06147
          -1.49853            1.0178          -1.63614
          -1.39929          0.945197          -1.57485
          -1.34302           0.75554          -1.65343
          -1.22719          0.401293           -1.8996
          -1.25776         -0.208981          -1.60783
          -1.61714         -0.600231         -0.935056
          -2.08053         -0.836995         -0.118874
          -2.17413          -1.24928          0.225014
          -3.00451          -1.65208          0.514984
           2.62066          -1.33235          0.457716
           2.41622         -0.961198          0.465098
           2.40031          -1.02899          0.456422
           2.57989         -0.903286          0.676786
           2.19178          -1.13664          0.752263
           1.85819          -1.80702          0.390699
           1.54458          -2.31296          0.145813
           1.13092          -2.27858       -0.00283773
           1.65843          -2.68398        0.00307349
           1.63383          -2.41629          0.614206
           2.02663          -2.47835          0.227863
           1.65175          -2.17014          0.430319
           1.74123          -2.02004          0.432761
           1.32347          -1.54108         0.0591414
           1.04415          -1.17539         0.0575104
          0.758652         -0.850368         0.0820501
          0.320291         -0.922216          0.318269
          -0.09403          -1.81278         0.0160741
         -0.026626          -2.15328         -0.330945
         -0.614555          -2.73988         -0.630609
          -1.26788           2.96991         -0.787085
          -1.17454          -3.12776          -1.04092
           -1.3326          -3.07373          -1.16433
          -1.75282           2.41504          -1.12666
          -1.72489            1.7098         -0.814028
          -1.70125           1.77495         -0.342691
           -1.9335           1.74843         -0.164836
          -1.92416           1.40217          0.199769
          -1.80813           1.17577          0.365154
          -1.91832          0.865524         0.0914978
          -1.78492          0.885246          0.595125
          -1.43687          0.674508           0.89091
          -1.57444            0.7303            1.0194
          -1.27145          0.746322           1.23106
         -0.746696          0.391213           1.77451
         -0.367864          0.164304            2.4492
         0.0187469          0.277604           2.80677
          0.268318          0.503683          -2.85073
         0.0828259          0.855145           -2.2051
          0.705462          0.968798          -1.57662
            1.2319           1.14486           -1.7575
           1.70525           1.12308          -1.97644
           2.05817          0.794559          -1.80449
           2.17338          0.724023          -1.23767
             2.144           1.07282         -0.680416
           2.17135           1.89256         -0.741299
           2.09166           2.67265         -0.424116
           2.17316          -3.00239         -0.556973
           2.04377            3.0364          -1.29998
           1.71547          -2.97918          -1.63298
           1.27733          -2.68074          -2.02429
          0.751315          -2.60558          -2.44288
          0.222262          -2.55547          -2.59568
         -0.247966          -3.06092           3.07346
         -0.340729          -2.76667           3.10213
         -0.676153           -2.9011           2.92833
          -1.12928          -2.57468           2.95184
          -1.14368          -2.46815           3.02148
          -1.19878          -2.48079           2.56363
          -1.39069          -1.47201           2.05112
          -1.71259          -1.40784           2.13707
          -1.92796          -1.44673           1.97743
          -2.15861          -1.23894           1.75375
          -2.79123          -1.48487           1.51136
          -2.96259           -0.7859           1.39267
          -2.99574         -0.606273           1.26404
            3.1352         -0.767108          0.530794
          -2.43588         -0.424096          0.634006
          -2.54331          0.155863          0.708474
          -2.65762        -0.0726695          0.759782
          -2.91881         -0.807938          0.918575
          -2.87247          -1.03655           1.52417
          -2.76054          -1.27088           1.74121
          -2.62467          -1.45612           1.77539
           -2.2663           -1.7472           2.03218
          -1.66559          -1.79192           2.04068
          -1.35255           -1.9098           2.34403
          -1.35156          -1.78171           1.82659
          -1.41161          -1.68867           1.53393
          -1.37196          -2.10193           1.31114
          -1.18724          -2.70183           1.27956
         -0.261514          -2.56835           1.59516
         0.0636956          -2.97529           1.36408
          0.219228           2.95265          0.795334
          0.664448           2.70801          0.207037
            1.5075           1.90939       -0.00667594
           2.03511           1.49313          -0.30499
           2.47913            1.1533         -0.469158
           2.77345          0.717874         -0.127714
           2.63286          0.737432        -0.0863277
           2.08785          0.388311          0.150442
           1.82011          0.176285         -0.255775
           1.22222         -0.048404         -0.627343
           1.10692         -0.203808          -1.20146
           1.10471         -0.522787           -1.4609
           1.24226         -0.231012          -1.44762
           1.81647         -0.372274          -1.80647
           1.76349        0.00831593          -1.77426
           1.65589         -0.160027          -1.43938
           1.59178         -0.178677          -1.48268
           1.74265         -0.121523          -1.21905
           1.77131       -0.00697683          -1.34484
           2.08102          0.216952          -1.74941
           2.24395          0.272919           -1.7985
            2.3035          0.255431          -1.90419
           2.54781         -0.130538          -1.99802
           2.67645         -0.188439          -2.17589
           2.88345         -0.193856          -2.26039
           2.62672          0.463038          -2.48709
           2.42636          0.317455          -2.73043
           2.51195          0.626453          -3.06992
           2.54845          0.505089           2.90426
           2.89294          0.793217           2.64237
           2.96962          0.847644           1.95427
           3.00824           1.70589           1.49615
           2.65009           2.14961           0.90079
           2.11645           2.77007          0.411171
           1.92032          -2.99409          0.252413
           1.94153          -2.47405         -0.175218
           2.35244          -2.34788         -0.638424
           1.92475          -2.34113         -0.910925
           1.72657          -2.19865          -1.15618
           1.49962           -2.1235         -0.790003
           1.38421          -2.26873         -0.688442
          0.739619          -1.95278         -0.641327
       -0.00307554          -1.98996         -0.736496
         -0.764206          -1.64264         -0.716587
         -0.891919          -1.36075         -0.169808
         -0.910903          -1.42441          -0.18281
         -0.614927          -1.53318         0.0998151
         -0.289496          -1.74043          0.034605
          0.135628           -1.2248         -0.322361
            1.0574          -1.30088         -0.399222
           1.60815         -0.863331         -0.378684
           2.12307          -0.79217         0.0501233
           2.37949          -0.92049          0.461759
           2.85964          -0.75059          0.474487
           2.98812         -0.759522          0.576213
           2.87133         -0.986399          0.178194
           2.78166          -1.04511         -0.102337
           3.02521         -0.947306         -0.732577
           3.06624         -0.806979         -0.869806
           2.65382         -0.509867          -1.25936
          0.885395            3.0668          -1.80631
           1.05541          -2.80433          -1.79419
           1.04137           -2.4842          -2.19958
           1.22034          -2.63982          -2.52601
           1.77933          -2.22731          -3.04333
           2.04671          -2.02088          -3.01211
           2.29025           -2.0833           3.11411
           2.88227             -1.68           3.12837
           2.99443          -1.10779           3.03892
          -2.86271           -1.0196           2.28558
          -2.05209          -1.16295           1.81931
          -1.25468         -0.883866           1.50654
          -0.83565          -1.26825           1.38085
        -0.0274053          -1.61659          0.823032
          -0.29774          -1.91603          0.801485
         -0.300918           -1.7128          0.805665
         0.0803932          -1.21993           1.00187
           0.46471         -0.887965          0.899426
          0.859805         -0.768642          0.436863
          0.832053         -0.612223          0.303692
          0.289399         -0.298346         0.0763486
          0.180554         -0.222646         -0.703407
           0.59554          0.140393          -1.11928
           1.37887          0.263776          -1.59626
           2.01344          0.551664          -1.60822
           2.53241          0.734587          -2.05564
           2.72474           0.58549          -2.11695
           2.85143          0.456136          -2.57015
          -2.60149          0.288377          -2.66095
          -2.36694          0.442095           -3.0393
          -1.50944          0.546464          -2.92738
          -1.15361          0.576476           -2.8511
         -0.857671          0.771878          -2.95437
         -0.667872           1.12721           2.83349
         -0.228531           1.04661            2.3351
          0.387487           1.19957           2.40336
          0.902875          0.913251           2.17279
            1.5145          0.431418           1.97944
           1.94229         0.0546153           1.70379
           2.36901         0.0102309           1.74098
           2.74282         -0.177767           1.41166
           2.13186          0.157384           1.20932
           1.78252          0.399976           1.47194
           1.36504         0.0936383           1.81878
          0.761688          0.694862           2.28963
          0.503305          0.779292           2.74648
          0.105998            1.0103           2.75105
         -0.156903          0.927416          -3.02692
         -0.501827           1.02991          -2.80533
          0.155996          0.777691          -2.26658
          0.175251          0.677223          -1.92335
          0.342752          0.928893          -1.64008
          0.363243           1.06275          -1.89154
          0.335069          0.953233          -2.08114
          0.160193           1.05411          -1.85308
        -0.0609194           1.11802          -1.70316
         0.0522559          0.717049          -1.85669
         -0.161557          0.111706          -1.75935
          0.140115          0.610492          -1.81476
          0.842721          0.818526          -2.04978
           1.33865           1.18505          -1.80727
           1.49693           1.62284           -1.7442
           1.98863           1.46363          -1.48458
           2.27074           1.35099          -1.83505
           2.60696           1.57734          -1.98617
           2.67194            1.7061          -1.91573
           2.72051           1.45259          -1.84574
           2.54232           1.17164          -1.44676
           2.40179          0.974831          -1.22091
           2.43274          0.997508          -1.43612
            2.3766          0.549883          -1.34606
           2.21045          0.578791          -1.16936
           2.06115          0.796218          -1.20801
           2.32968          0.635218          -1.58645
           2.36055           1.09056          -1.71382
           2.25514          0.667472           -1.4645
           2.06273          0.355316          -1.17626
           1.47514           0.71739         -0.742571
           1.71241          0.598409         -0.233745
           2.16139          0.219292        -0.0497931
           2.56424          0.613448          0.322505
           3.07222            1.0623           0.81111
          -3.11406           1.43147          0.539373
           3.02109           1.63688          0.111001
           3.14099           2.05512          0.182128
           2.92674           1.93419         -0.245341
           3.13757           1.52923         -0.869094
           2.48176           1.62638           -1.0011
           2.02188           1.83292          -1.49418
           2.16146           1.72243          -1.47187
           2.35973           2.23916          -1.70802
            1.7642           1.95727           -2.0765
          0.986876           1.66746          -2.42312
           1.17276           1.52624          -2.54243
           1.54712           1.88592          -3.07244
           1.36494           1.98158          -3.00823
            1.2146           2.14561          -2.76131
          0.600375           1.84609           3.05679
          0.717551           1.38679          -2.66312
          0.414053           1.06812          -2.09984
           0.17173          0.638688          -2.06696
         -0.554087          0.452309          -2.50746
         -0.915466         -0.010314          -2.71106
          -1.38952         -0.495843          -2.62992
          -2.29594         -0.395236          -2.85311
          -2.87991          -0.31836          -2.41715
          -3.13875         -0.661622          -2.61765
           2.33671          -1.17256          -2.92603
           2.06407          -1.76775          -2.72162
           1.57411          -1.89912           -2.4462
           1.02113          -1.56618          -2.25203
          0.446062          -1.84783          -1.66154
           0.13208          -1.82039          -1.88521
         -0.605533          -1.87047          -1.89903
         -0.915064          -2.06372          -1.76121
           -1.1505          -2.19295          -2.03038
         -0.910427          -2.36044          -1.89971
         -0.581995          -2.45691           -1.7282
         -0.841738           -2.7089          -1.48441
          -1.57807          -3.07708          -1.71936
          -2.28987          -2.80264          -1.42959
          -2.42011          -2.16366          -1.35802
          -3.08796          -1.67409         -0.963251
            2.1893          -1.43564         -0.995953
           1.67746          -1.46405            -1.039
           1.47966           -1.3167          -1.14329
           1.28866          -1.37009          -1.09123
          0.876661          -1.79605           -1.3325
          0.881637          -1.23805         -0.984749
          0.941063          -1.36638         -0.352902
           1.00415         -0.910802         -0.135281
           1.30693          -0.78216        -0.0133781
           1.50903         -0.430092         -0.383196
           1.53769          0.136603         -0.360407
           1.69298          0.173805         -0.469304
           1.65318         0.0246245         -0.714361
           1.65317        -0.0908135         -0.776301
           2.13518         -0.379965         -0.538724
           2.58719         -0.737964         -0.295355
           2.86686          -1.20398         -0.367507
           3.08724          -1.29101         -0.240859
          -3.06179          -1.03188         -0.326639
          -2.91986         -0.419719         -0.257694
           3.08438         -0.213484          -0.38023
           -3.0014         -0.270809        -0.0449644
          -2.70435        0.00382068          0.295621
          -2.58952         -0.245984         -0.123004
          -2.41113         -0.629553         -0.184657
          -2.11026          -1.08177          0.250871
          -1.72151          -1.38591           1.08822
          -1.86508           -1.1718           1.12899
         -0.946523          -1.19405          0.836558
         -0.612103          -1.19632           1.38918
         -0.266647          -1.50649            1.5976
          0.568727          -1.44536            2.7065
          0.571791          -1.03261           2.87918
           1.11184           -1.1562           3.07144
             1.086          -1.36406           2.91252
           1.34866          -1.38674            2.9359
           1.85476          -2.07638             2.934
           2.32268          -2.30902            -2.432
            2.0433          -2.52439          -2.00891
           2.19293          -2.47375          -2.17282
           1.58062          -1.97931          -2.50823
          0.990576          -1.62789          -2.73085
          0.676555          -1.60041          -2.64085
          0.607168          -2.01949          -2.67687
          0.380835          -2.06464          -2.89702
         0.0462625          -2.38642          -3.13152
         -0.243748          -2.41341           2.86645
         -0.759914          -2.29115           -3.0167
          -1.11417          -2.66818          -2.75522
          -1.51527           -2.8428          -2.55699
          -1.56837           3.03955          -2.54255
          -1.44039           2.93255          -1.97613
          -1.52809           2.89449          -1.72577
          -1.81805           2.66853           -1.5292
          -2.31336           2.32697          -1.22279
          -2.26231           2.35931          -0.98258
          -2.48294           2.32483          -1.06924
          -2.55983            2.5787          -1.50714
           3.03331           2.82391          -2.16663
           2.77382            -3.095          -2.05664
           2.30244          -3.02574          -2.27534
           2.18767          -2.82439          -1.99467
           2.12202           2.95257          -1.85365
           0.98055           2.99674           -1.7702
         0.0840644            2.4808          -1.84611
         -0.312413           2.34863         -0.927908
          -0.64685           2.27239         -0.290392
          -1.30996           1.77033         -0.106184
         -0.921363           1.73553         -0.154764
         -0.751352           2.11296         -0.445066
         -0.749936           1.78151         -0.189425
         -0.973308           1.55132          -0.29522
         -0.974366           1.01478         -0.115564
          -1.44971          0.896116         -0.133131
          -1.69358          0.908311         -0.224625
          -2.25892           1.06484         -0.144921
           -2.6653           1.11779         -0.224215
          -2.83357            1.4384         -0.845328
          -2.66779          0.883519         -0.950884
          -2.48921         0.0565686          -1.25879
          -2.52379         -0.332522          -1.02637
          -2.72077         -0.626714          -1.42798
          -2.54649          -0.91137          -1.90761
          -2.15348          -1.06592          -2.35496
          -2.25163          -1.49674          -2.17936
          -2.18902          -1.44933          -2.22186
          -2.33502          -1.79819          -1.86902
          -2.44963           -2.2336          -1.53324
          -2.59011          -2.06233          -1.21139
           -2.5217          -1.52648         -0.836915
          -2.15206          -1.01972          -0.88077
          -1.68866         -0.652489          -1.44261
          -1.65503         -0.525423           -1.5911
          -1.50648         -0.690282          -1.63995
          -1.09164         -0.464376          -1.75102
         -0.431412         0.0382082          -1.61834
         -0.328115         0.0716998          -1.81176
          0.282627          0.342967          -1.28175
          0.522715          0.131227         -0.991573
          0.725763         -0.215981         -0.577937
          0.726133        0.00371187          0.158936
          0.848981         -0.062318          0.386823
           1.04413         -0.169599          0.492316
           1.63973         -0.837094           1.02108
           2.49174          -1.08387          0.792397
           2.96471          -1.34818          0.678601
           2.78523          -1.51731          0.199546
           3.08215          -1.77365         -0.116859
          -2.86826          -1.78638         -0.263101
          -2.85117           -1.5509          0.124515
          -2.33608          -1.88584           0.32188
          -2.50545          -2.04688          0.257138
          -2.36289          -2.28711          0.415097
          -2.17641          -2.64384          0.369985
          -2.56184           3.08025          0.496979
            -3.086           2.56418          0.525207
           2.70556           2.79845         -0.128039
           3.05409           2.74232         -0.746253
           3.13168           2.42643           -1.1446
          -3.05867           2.35904          -1.50828
          -3.07353           2.31817          -2.06701
           2.63216           2.29969          -2.21288
           2.52906           2.28998          -2.43436
           2.09436           1.79495          -2.26454
           1.56354           1.23364          -2.11359
           1.02613           1.24215          -1.91481
          0.681529           1.24911          -2.09571
          0.439857           1.25801          -2.36874
           0.15989            1.5767          -2.77256
         0.0223946            1.7425          -2.92397
          0.214338           1.40545          -2.78254
         -0.105474           1.03661          -2.78162
         -0.580413            1.2132          -2.63345
         -0.914289          0.784625          -2.93924
          -1.30078        -0.0127335           2.98917
          -1.78311         -0.717793           2.54077
          -2.21487          -1.65115           2.53926
          -2.72101          -1.94488           2.23837
          -2.70634          -2.40659           2.04471
          -3.03408          -2.55613           1.62865
           2.84735          -2.59905           1.03963
           2.62215          -2.97374          0.420469
           2.94886           2.67383         -0.123058
           2.99391           2.52193         0.0384624
           2.80354            2.1264         -0.358734
           2.88903           1.74097          -0.82887
           2.54006           1.89786           -1.4282
           2.44456           1.70677          -1.83159
           2.46361           1.60207          -1.81379
           2.49283           1.15419          -1.85397
            2.9443            1.0031          -2.09064
           2.90355            1.0276          -1.89445
           2.87362          0.518441          -1.70085
          -2.72066          0.236378          -1.38703
          -2.16444          0.600575          -1.20609
          -1.40578          0.245185         -0.726471
          -1.23702         -0.253506         -0.030255
          -1.56282         -0.268317         0.0563588
          -1.54353         -0.472389         -0.255552
          -1.51319         -0.415601         -0.402379
          -2.00723         -0.883621         -0.633419
           -2.4218         -0.845899         -0.732249
          -2.70678         -0.935085          -1.04315
           3.05228         -0.916987          -1.69835
           2.47769          0.028831           -1.7646
           2.54894          0.754174          -1.99806
           2.55216          0.931291          -2.11764
           2.25892           1.66564          -1.89112
           1.65899           2.19275          -1.38026
           1.18465           2.35264         -0.802913
          0.812979           2.38316         -0.597405
          0.657614           2.46129         -0.157442
          0.257816           2.63217         -0.330732
         0.0674596            2.5777          0.233314
          0.599799           2.69823          0.280618
           1.09141           2.72443          0.401459
            1.0429           -2.9898          0.733198
          0.777408          -2.78749           1.01652
          0.757143          -3.01625           1.17137
          0.921042           2.72962           1.30857
          0.963311           2.65869           1.58413
          0.822641           2.52836           1.76993
           1.10229           2.59348           2.01739
           1.21003           2.65175           2.28676
           1.11845            2.4847           3.09507
           1.31508           2.66619           2.95501
           1.48537           2.64409           -2.7768
           1.56636           2.85078          -2.95277
           1.73268           3.04732          -3.06782
           1.56209            3.0968          -2.81531
           1.68632           3.01493          -2.32122
           1.82529          -2.69034          -1.94042
           1.90995          -2.65515          -1.65628
            1.4713          -2.79762          -1.71429
           1.14897          -2.78094          -1.39627
          0.817107          -2.62174          -1.47295
          0.845729          -2.67075          -1.25638
           1.02374          -2.07991          -1.47417
           1.00061          -1.92091          -1.60545
            1.0109          -1.96806          -1.71359
            1.1715          -2.19509          -1.79373
           1.18204          -2.17375          -2.22019
           1.46466          -2.59613          -2.71081
           1.69644          -2.55025          -2.94825
           1.80027           3.07825           2.98266
           1.93665           2.54943          -2.96682
           1.78627           2.77264          -2.97614
           1.77344           3.12741          -2.85055
           2.30409          -2.94867          -2.38276
           2.59369          -2.86195          -2.65626
           2.70427          -3.04943           2.86607
           2.65804           3.06879           2.52006
           2.98307           3.11325           2.51453
           3.09164          -2.92378           2.19739
           2.97719          -2.89425            2.2696
           3.12075          -2.88569            1.9736
           2.69607          -2.77168           2.07119
           2.76817          -2.58545           1.98422
           2.26717          -2.18371            2.4424
           2.24646          -1.57036          -3.10891
           2.66269          -1.79247          -2.51988
           2.49659          -1.39927          -1.84681
           1.89709         -0.598496          -1.02235
           1.35952         -0.449777          -0.74415
           1.76692         -0.632457         -0.693549
           2.33452          -1.07298         -0.909288
           2.92376          -1.43963         -0.978504
           -2.8901          -1.29952         -0.893059
          -2.66339          -1.03307         -0.628327
          -2.50519         -0.820356          -1.10292
          -2.40152         -0.615856          -1.32675
          -2.22373         -0.129468         -0.951827
          -1.85362           0.77831         -0.541257
          -1.95578           1.63626          0.101192
          -2.04858           2.04686          0.171122
          -1.67995           2.36262         0.0569456
          -1.85264           2.77677         -0.261783
          -2.34243          -3.12406         0.0789382
          -3.02043          -2.92816          0.268977
          -2.88019          -2.63662           0.35201
          -2.71288           -2.1325          0.228754
          -2.71648          -1.36027         -0.258011
          -2.55533         -0.361046        -0.0689275
          -2.58262          0.219241         -0.178555
          -2.00112           1.02802         -0.428133
          -1.59494           1.77336         -0.801506
         -0.846055           2.19147           -1.1183
         -0.596286           2.48013          -0.73522
          -0.20164           2.39785         -0.861556
         -0.224658           2.51568          -1.30616
       -0.00460913           2.55964          -1.72165
           2.50681          -1.32069           1.51151
           2.75099          -1.69901           1.18063
           2.99237          -1.98378           1.26332
           -3.0997          -2.17921           1.49586
            2.9062          -2.27294            1.7755
           2.02407          -2.73117           1.83742
           1.86293          -2.72246           1.78142
           1.94125           2.88365            1.8023
           1.75241           2.22319           1.95684
           1.21409           1.67906           1.72055
           1.10721           1.11133           1.85897
          0.190761          0.542614           1.68784
         -0.582059          0.293394           1.66065
          -0.86694         -0.390186           1.49542
          -1.04878         -0.338688           2.06841
          -1.10934         -0.349354           2.59046
          -1.78219         -0.758935           2.69752
          -1.46932         -0.978499           2.42702
          -1.67478          -1.22488           2.34908
          -1.96409          -1.17536           2.39202
          -1.54706          -1.25149             2.391
          -1.15047          -1.61449           2.02611
          -1.46495          -1.59494           1.89105
          -1.43465          -2.56552            1.6786
          -1.77443          -2.60178           1.56033
          -2.49323          -2.87509           1.74547
          -3.05468          -2.53768           1.57755
           2.73344          -2.28238            1.9112
           2.67257          -2.18109           1.85678
           2.62485            -1.939           1.96925
           2.53757          -1.81468           2.48136
           2.72527          -2.01143            2.6279
           2.45128          -2.31109           2.71764
           2.51059          -2.51906            2.9925
           2.28648          -2.53177           3.02613
           2.49971          -2.62899           2.94997
           2.58157          -2.56448          -3.00675
           2.58367          -2.66965          -2.90136
           2.88531          -2.78176          -2.82903
           2.83176          -2.91106          -2.40788
           3.14087          -2.90777          -1.79969
          -2.78644          -2.93187          -1.84237
          -2.54095           3.10199          -1.95861
          -1.96973           2.73457          -2.49664
          -1.21894           2.64172          -2.49824
         -0.844879           2.23843          -3.06333
         -0.558473           1.96761           2.45275
          -1.05083           2.06785           2.27641
          -2.05523           2.03935           2.10871
          -2.60348           1.91851           2.50691
          -2.69897           2.06998           3.00529
           -2.2777           1.85554           2.90065
          -1.78889           1.41582           2.94726
         -0.837574           1.66216           3.12053
          0.127622           1.56716          -3.11825
           1.14114           1.47924          -2.90608
           2.09097           1.40586           2.96266
           2.26762           0.86244           2.85327
           2.58517          0.393347          -2.90573
           3.01412          0.130548          -2.98695
          -3.04479          0.273955           -2.8842
          -3.10334          0.569936          -2.84308
          -3.10029          0.700203           2.73076
           2.96122          0.498488           2.64772
           3.07573         -0.105281           2.63156
           3.07701         -0.158941           2.48951
           2.66831          -0.02524           1.89438
           2.80816          0.151955           1.39056
           2.42391          0.618906           1.45056
           2.56125            0.6972          0.673646
           2.17453          0.811708          0.738897
           1.77558          0.562765          0.446698
           1.61461          0.343278        0.00771573
           1.35145         0.0356327         -0.387949
          0.932319         -0.227818         -0.745007
           1.14563         -0.484828         -0.887688
           1.32633         -0.453006          -1.28879
           1.54323         -0.639885          -1.23054
           1.68266          -1.31975          -1.35265
           1.65637          -1.11247          -1.43022
           2.42862          -1.10792          -1.56212
            2.8039          -1.09636            -1.783
          -2.75066          -1.16861          -1.98063
           -2.6359          -1.08332          -2.09959
           -2.1046         -0.338598          -2.32633
          -1.38259          0.140925           -3.0346
          -1.17793          0.436729           3.01635
          -1.09282          0.330277           2.13653
         -0.893462          0.703487            1.1098
           -1.1864          0.957161          0.613894
         -0.955424          0.614275          0.505272
          -1.24436          0.600982           0.60568
          -1.34453          0.833348          0.326555
          -1.39092          0.992371         -0.102881
          -1.17526           1.02297         -0.902304
          -1.06841           1.19319           -1.1953
          -1.38582           1.30009          -1.46712
          -1.34548           1.34208          -1.76805
          -1.11951           1.38691          -1.87289
         -0.585751           1.45867          -1.71009
         -0.180556           1.72196          -1.71962
        -0.0619191             2.465          -1.71772
         -0.192741           2.84663          -1.39761
         -0.297443           3.12881          -1.99225
         0.0301699           2.90521           -2.0931
          0.131534           2.20974          -1.86322
           0.10122           1.73924          -1.76162
         0.0579215           2.00605         -0.999223
           0.39617           2.08083         -0.707626
          0.146229           1.88508         -0.939247
         -0.262641            2.0574          -1.03859
        -0.0149903           1.74387          -1.25553
         -0.212727           2.00875          -1.09686
         -0.915904           2.36481          -1.20092
          -1.34097           2.29745          -1.23462
           -1.7243            1.6034         -0.944724
          -1.57577           1.35158         -0.839646
          -1.54585           1.38639          -1.07811
          -1.25275           1.30607         -0.751753
          -1.63075          0.942745         -0.619661
           -1.3062          0.796669         -0.381859
          -1.25048          0.869587          -0.21387
          -1.06834           1.02324         -0.325446
          -1.18303           1.03557          0.154397
          -1.12562            1.0231          0.643971
         -0.857268           1.15554           0.58607
         -0.658448          0.880752          0.251646
         -0.731841          0.635903          0.235936
         -0.499749          0.928856        -0.0909796
         -0.890521          0.517692         -0.523621
          -1.03898          0.134573           -0.6154
         -0.927791         0.0418916         -0.137939
         -0.503505         -0.240266          0.533594
         -0.225045         -0.664544          0.986191
         -0.296936          -0.69581           1.18912
         -0.499321         -0.943376           1.59395
         -0.737968          -1.10315             1.827
         -0.962212           -1.2007           2.03503
          -1.34115          -1.70364           1.55934
          -1.87539          -1.80821           1.20103
          -1.95051          -1.76616           1.43388
          -1.86981          -1.29797           1.31248
          -1.55502           -1.3743          0.918018
          -1.40196          -1.23138           1.14041
         -0.821187          -1.38595           1.83291
         -0.833499          -1.40542           2.00635
         0.0784162          -1.10115           1.50883
          0.904485         -0.618094           1.57557
           1.18464         -0.609273           1.77224
          0.655485         -0.839668           1.73665
          0.702012         -0.379841           1.51509
          0.549713          0.103697           1.39397
         -0.260515          0.220629          0.979763
         -0.788548           0.49828          0.938172
         -0.661603           1.17101          0.968844
         -0.188946            1.6834           1.22265
        -0.0620942           1.71393           1.27161
          0.134801           2.05358           1.24528
         -0.193777            2.3491             1.517
         -0.201223           2.29172           1.58301
          0.214913           2.35054           2.02044
          0.803254           2.59389           2.44301
           1.28587           2.62268           2.06658
           1.54557           2.41117           2.09199
           1.51743            2.4939           2.02048
           1.53044           2.62536            2.1514
           1.70997          -2.60626           1.93736
             1.482          -2.11286           2.36071
           1.40036          -1.52145           2.54445
           1.03025          -1.49153           2.74238
          0.675883          -1.00239           3.11318
          0.236448          -0.81248          -2.66208
          -0.15733         -0.747916          -2.63629
         -0.354466         -0.229281          -2.67266
         -0.931235           0.47301          -2.14268
          -1.13295          0.774256          -1.64581
          -1.71078            1.4549          -1.49544
          -2.02398           2.19075         -0.919568
          -2.33891           2.64221         -0.441693
          -2.40735           2.97297          -0.17869
          -2.43452          -2.95081          0.613447
          -2.63181          -2.77807          0.723599
           -2.8078          -2.49828          0.989087
           -3.0928          -1.86906           1.42411
           2.87821          -1.80451           1.51516
           2.84381          -1.93329           1.75129
           2.53596          -1.20775           1.57754
         -0.042626         -0.306735            2.7494
          0.448467         -0.163482           3.01662
          0.512956         -0.456328          -2.65389
          0.572768         -0.829583          -2.33016
           0.36255         -0.924342          -2.21891
          0.489696          -1.03873          -2.94963
          0.818187          -1.03761          -3.07009
           1.02847         -0.877921           -3.0426
          0.771558          -1.12421           -2.7341
          0.669625          -1.68895           -2.6814
          0.120149          -1.52845          -3.14134
        -0.0164041         -0.901672           2.63858
         -0.116322         -0.997803           2.40346
         -0.628982          -1.30949           2.82994
         -0.661077         -0.973858            2.3701
         -0.633951          -1.11305           2.07788
         -0.964179          -1.11982           1.43949
          -1.34798          -1.32082          0.880958
          -1.20716         -0.758806          0.195123
          -1.01497         -0.425305         -0.261598
         -0.900139          0.213753         -0.337704
         -0.845596           0.24358           -1.0538
         -0.590985          0.223477         -0.964499
          0.082835          0.201657           -1.5013
         -0.320597         0.0729181          -1.83049
         -0.924552          0.379167          -2.48245
          -1.25339        0.00401903          -2.89516
          -1.20328          0.269366          -2.94149
         -0.900268        -0.0223335          -2.76779
          -1.02674         -0.407787          -2.38393
          -1.15209         -0.818077          -2.11313
          -1.49192         -0.808865           -2.4235
           -1.0639         -0.810048          -2.28175
          -1.39613         -0.393428          -2.23256
          -1.77307         -0.578782           -2.2776
          -2.17867         -0.827278          -2.44008
          -2.29768           -1.1462          -2.32559
          -1.98775          -1.48911          -1.47301
          -1.36484           -1.3922          -1.06618
          -1.58242          -1.40276         -0.988374
          -1.44615          -1.44893          -1.16116
          -0.94312          -1.87413         -0.883311
          -1.14027          -1.83509         -0.875448
          -1.01975          -1.93777         -0.877468
         -0.584606          -2.46191         -0.702766
           0.25189          -2.39794          -0.35503
          0.637705          -1.82074          0.122804
           1.13785          -1.84423          0.155028
           1.10477          -1.77178          0.178254
           1.99518          -1.43045          0.184878
           2.32721          -1.83255           0.62973
           2.82234          -1.72797          0.901868
           2.87039            -1.498          0.797733
             2.816          -1.69481           1.12933
           2.88852          -1.17537           1.05569
          -2.86816          -1.13042          0.989604
          -2.76793          -1.35957           1.33171
           3.11304          -1.77003           1.34123
          -2.74789          -1.87096           1.51955
          -2.51725          -2.00744           1.88842
          -2.31269          -1.82777           2.49696
          -2.40014          -2.08226           2.67046
          -2.59982          -2.70443           2.43315
          -2.61233            3.0251           2.10125
          -2.68294           2.79889           2.28785
          -2.94636          -3.06686           3.02332
          -2.97344          -3.05592           3.13821
          -2.78655            3.0522           -2.7142
           2.61348           3.00081          -2.20259
           1.92738           2.67368          -1.83513
           1.59591            2.4937          -1.11391
           1.33062            2.9456          -1.37515
           1.26226           2.79846          -1.27419
          0.611118           2.83061         -0.908252
          0.956192           2.66742         -0.968956
          0.873556           2.77875         -0.929041
          0.788914           2.80479          -1.22004
          0.729723           2.80884           -1.0186
          0.715467          -2.93987          -1.41852
           1.07542          -2.93185           -1.2113
          0.605932          -2.84141          -1.36523
          0.346997          -2.93156          -1.27283
          0.462535           2.99977          -1.05653
          0.963306           2.67737          -1.09559
          0.900195          -3.13865          -1.17184
           1.04008          -2.78728          -1.33727
           1.13957          -2.67038          -1.34671
            1.4929          -2.69991          -1.31666
           1.83014           3.00243          -1.77308
           1.86836           2.41384          -2.08386
           1.21712           2.25098           -2.5453
          0.222496           2.50956          -2.85457
         -0.124113           2.93408          -3.06527
         -0.714197           2.86981            2.5605
         -0.541898            2.9962           1.83864
         -0.406174           2.60882            1.6141
          -0.27945           3.03117           1.43971
         -0.237741           2.77571          0.991726
         -0.326185           2.06172          0.986369
         -0.475847           1.67213          0.611003
         -0.103182           1.95791          0.692818
         -0.588468           2.33563          0.435449
         -0.579636            2.0004          0.370508
         -0.601403           2.14518          0.313962
        -0.0653651           2.50756          0.357126
          0.104349            2.6738          0.178175
        0.00924352           2.59771         -0.581781
          0.111714             3.033         -0.666386
         0.0664834           3.04054         -0.578624
         -0.163343           3.08856         -0.375118
          0.240412           2.64528          0.216145
          0.648521           2.54654          0.378408
          0.708238           2.07431          0.474841
          0.739337           1.61423        -0.0395297
           1.06062           1.64128          0.208728
           1.01482           1.24619          0.161651
          0.598724           1.24075          0.518461
         0.0837935          0.918228          0.361009
         -0.709523          0.263292          0.476924
          -1.57698         -0.489911          0.264565
          -1.83176          -0.97277         -0.103066
          -2.22556          -1.39532          -0.15733
          -2.53765          -1.62678        -0.0105645
           3.07211          -1.87169          0.253619
          -3.06809          -1.77401         -0.217633
           2.59331          -1.62185          -0.32574
           2.51902          -1.65054         -0.925746
            2.5333          -1.46422          -1.13244
           2.10717          -1.46461          -1.60895
           1.81836          -1.43735          -1.29278
           1.83968          -1.12631          -1.30452
           1.91409         -0.515204          -1.20696
            2.1254         -0.553048          -1.40325
           2.52248         -0.923059          -1.67514
           2.57918          -1.89571          -1.82234
           3.01831          -1.92907          -1.67544
           2.79849          -1.70959          -2.46523
           2.82708         -0.610723          -2.21771
          -2.70821          0.119598          -3.08688
          -2.27165          0.471044           2.92715
          -2.29666           0.30504           2.37747
          -2.29235          0.756456           2.26013
          -2.37609           1.00808           1.99958
          -2.97307           1.12526           2.41456
           2.57737           1.42573           2.15159
           2.38697          0.991684           1.95987
           2.20562           1.07594           1.59168
           1.84643           1.35795          0.956832
           1.83989           1.37404          0.257596
           1.90713           1.39565          0.476017
           1.90859          0.705662          0.531459
           1.41811          0.564857          0.424722
           1.55798          0.321051          -0.11049
           1.60389          0.436914         0.0748037
           1.70641          0.459647          0.391798
           1.66606          0.569619         -0.140792
           1.48293           1.09958          0.131668
           1.98055           1.37795         0.0732229
           2.40593           2.07952           0.46902
           2.71365           2.38374          0.687456
           2.72156           2.87321          0.732274
           3.08929           3.04664          0.970788
          -3.01251          -3.10966          0.907795
          -2.75601          -2.86684           1.29575
          -1.82512          -3.11834            1.6791
          -2.05102           3.11759           2.35273
          -2.17823           2.72911           2.86624
           -2.0127            2.3544          -3.05418
          -2.16127           2.76355           -2.8232
          -2.09952           2.90275          -2.41777
          -2.19553          -2.96076          -2.27296
          -2.03255          -2.70392          -1.96656
          -2.25127          -2.46044          -1.68436
          -1.89243          -2.47532          -1.58439
          -2.17841          -2.38825          -1.44642
          -1.98702          -2.62833          -1.50942
          -1.71512          -2.57552          -1.65273
          -1.44393          -2.47579          -1.43001
          -1.42389          -2.50316          -1.23626
          -1.19537           -2.3189         -0.905219
           -0.9922          -2.12194          -0.86439
         -0.546198          -2.57452         -0.453058
         0.0751782          -2.43391          0.263087
          0.392446          -2.02705           1.05106
          0.112384           -1.4333           1.44037
          0.319899          -1.00627            2.1664
         -0.166547         -0.496618           2.68231
           1.01128           1.25254         -0.298443
          0.990536           1.15955         -0.694928
           0.73589           1.12779         -0.804013
          0.517073          0.476844         -0.953089
         0.0927236          0.293691          -1.13219
          0.325912          0.304861          -1.66171
        -0.0740252          0.113972          -1.99101
         -0.327569        -0.0436849          -2.07542
         -0.609397         -0.723567          -2.25683
         -0.740499         -0.999233          -2.55209
          -1.19746          -1.04268          -2.52656
          -1.57041          -1.11513          -2.42192
          -1.42438          -1.00883           -2.4951
          -1.71055          -1.40542          -2.24421
          -1.82458          -1.50339          -2.49693
          -1.80736          -2.07677          -2.21744
          -2.08391          -2.19366          -2.19742
           -2.4127          -2.07284          -2.01747
          -2.55255          -2.22952          -2.26206
          -2.72058          -2.36094          -2.60173
           3.07984          -2.54579          -2.46858
          -3.05056          -2.74945          -2.11726
          -2.91947          -2.87396          -2.12736
          -2.99918          -2.52928           -2.1131
          -2.84495          -2.47129          -1.81386
          -3.08024          -2.88317          -1.94389
           2.81705           2.83054          -2.17063
           2.18424           2.97119          -2.19318
           1.67292          -2.81537            -2.097
           1.74009          -2.77844          -2.16922
           2.17533          -2.94019          -2.23819
           2.36107          -2.85493          -1.70417
           2.43637          -2.44034          -1.09368
           2.10952           -2.5898          -1.40686
             1.896          -2.45762          -1.26199
           1.67437           -2.6878          -1.37864
           1.76554           3.06594          -1.96854
            2.2486           2.92395          -1.72024
           2.33436           2.61716          -1.74892
           2.34237             2.234          -1.46068
           2.14244            2.5855          -1.52304
           2.10028           2.32022           -1.5561
           1.84944           1.94129          -1.61679
           1.66895           1.58758          -1.79171
           1.66001           1.73365          -1.93648
           1.36289           1.65733           -1.8858
          0.877058           1.61783          -1.88833
         0.0574195           2.06705          -1.66159
        -0.0690395           2.24051          -1.10592
         -0.133036           2.51512         -0.712773
          0.316282           2.31305         -0.231759
          0.130035           2.04693           0.23089
        -0.0986052           1.79177          0.526175
        -0.0805672            1.7034          0.539617
         -0.181806           1.15333           1.01198
         -0.468701           1.54057           1.04369
          -0.40128            1.3245           1.02013
          -0.21932           1.22406           1.16988
         -0.451934           1.30608           1.14899
         -0.995045           1.18825           0.90823
          -1.26487          0.952039          0.429751
          -1.28756          0.633344         -0.243767
          -1.44108           1.05261         -0.424936
          -1.91054            0.9849         -0.616142
          -2.66544           1.01012         -0.698793
          -2.90184           1.00352         -0.330622
          -2.90443          0.696077         -0.311293
          -2.80282          -0.13506          -0.32755
          -2.95638          -1.17249          0.147126
           2.93593          -1.57274          0.711341
           2.21743          -1.60548          0.820855
           1.26937          -1.21995          0.375526
          0.970539          -0.89013          0.247136
           1.01872          -1.44511         -0.445945
          0.584467          -1.28654          -0.71854
         -0.033905          -1.51767          -1.07373
         -0.530103          -1.23952          -1.11368
          -1.01274          -1.20552          -1.69685
          -1.47289          -1.29222          -1.99099
          -1.79934          -1.27357          -2.16127
          -2.61271          -1.35588          -2.48916
           2.93194          -1.08788          -2.34679
           1.60572         -0.348129          -2.08461
           1.13764         -0.321462          -2.37518
          0.934956        -0.0894996          -2.74056
          0.528833        -0.0611685          -2.85071
          0.415514         0.0112174          -3.09535
          0.607772         -0.152924           3.13517
          0.717098          0.029106            2.4984
          0.739485         -0.134115           2.42494
          0.900031         -0.147928           2.62234
           1.18197         -0.421459           2.92168
           1.22378         -0.300247           2.49734
            1.2502         -0.285432           2.28453
           1.36451         -0.426572           2.50097
            1.3178         -0.404701           2.88949
           1.23069         0.0610528          -3.13677
           1.32189           0.92389           3.13578
           1.94041           1.22784          -2.84298
           2.51182           1.04033          -2.20433
           2.98026           1.45056          -2.49323
            2.8265           1.87648          -2.71476
           2.93035           2.31309          -2.51608
           2.98812           2.57163          -2.68537
          -3.00081           2.96039          -2.71808
           2.70242           2.61228          -2.55593
           2.13193            2.5185          -2.80033
           1.78593           2.31562          -2.80824
            1.5513           2.43326          -2.94738
           1.85081           2.69679          -2.89835
           1.73217           2.97438          -2.68858
           1.76214           3.02169           -3.0996
           1.83391           3.05199          -3.11991
           1.74294          -3.01776          -2.83458
           1.55256          -2.97522            3.1201
           1.60641           2.67478           2.86171
           1.51713           2.11482           3.13844
           1.41196           2.14798          -2.99214
           1.19354           2.25175          -2.77086
           1.52749           1.86137          -2.70067
           1.83744            1.8914          -2.73408
            1.5487           1.53446          -2.66502
           0.78131          0.841631          -2.87103
          0.736503          0.811101          -2.80943
          0.906925          0.409626           -2.9757
           1.74841         -0.187869          -3.09404
           1.93898          -0.56198            2.9858
           3.10572         -0.674763           2.95324
          -2.23457          -1.08335           3.02472
          -1.67192          -1.96381           2.95114
          -1.39729          -2.22148          -3.08084
          -1.49007          -2.05563          -2.93134
         -0.815154          -2.72383          -2.93972
         -0.147285          -2.46157           2.91939
           0.71973          -2.40807           3.03672
           1.15062          -2.65731           2.31972
            1.8898          -2.70437            2.2826
            2.7504           -2.3108           2.09813
          -2.70107          -2.33367           2.41741
          -2.22025          -2.08891           2.25936
          -1.96226          -2.01088           1.98594
          -1.25014          -1.84063           1.65555
         -0.795903          -2.18045            1.5599
         -0.759053          -1.95609           1.73088
        -0.0116814          -1.07951           1.90175
          0.759256          -1.35506           2.36612
           1.56016          -1.34107           3.01918
           1.80053          -1.44416          -3.06822
           2.00422         -0.930578          -3.11211
           1.95617         -0.615426          -2.95387
           1.76458         -0.854097          -2.58989
           1.49407         -0.971388          -1.98291
           1.32264          -0.73259          -1.89948
           1.65604         -0.592294          -1.65764
            1.9712         -0.938449          -2.01651
           1.87389          -1.01466          -1.80326
           2.06216          -0.94307          -1.53572
           2.36225         -0.908531          -1.34702
           2.91924         -0.817613         -0.864751
          -3.06111         -0.617858         -0.547951
          -2.21788         -0.774452         -0.281141
          -1.42156         -0.204841        -0.0443442
          -1.09608          0.475569          0.760663
          -1.09974           1.06989            1.3476
         -0.991142           1.62072           1.38372
          -1.02253           2.47988            1.6084
         -0.885359           2.83717           1.99317
         -0.499989           -2.9374           2.11246
         -0.328951          -2.36485           1.74663
         -0.428453          -1.62295           1.48808
         -0.508031          -1.12711           1.46009
         -0.349437         -0.733274           1.65791
         -0.118009         -0.806387           1.30713
          0.472294         -0.750454          0.970898
          0.637793          -1.10562           1.15064
          0.998476          -1.27889           1.12717
           1.02701          -1.23472           1.35314
          0.553371         -0.867045            1.2973
          0.747771          -1.01708           1.32257
          0.841331         -0.511235           1.22631
           1.04654         -0.937184            1.0008
           1.47485          -0.56666          0.520348
           1.64832        -0.0151172          0.418453
           1.45308          0.564437           0.21826
           1.37122          0.995089         -0.217058
           1.12037           1.18515         -0.283571
          0.841434           1.25487         -0.302805
           2.35257           2.46869          -2.07029
           2.42976           2.11661           -1.8341
           2.55909           1.67277          -1.41361
            2.2658            1.4118          -1.22312
           2.79593             0.623         -0.880411
          -2.73713         0.0313943         -0.771171
          -2.59489         -0.246773          -1.19287
          -2.84739         -0.652007          -1.37359
          -2.93377         -0.625611          -1.97944
          -2.73442           -0.5041          -2.18515
          -2.50543         -0.632223          -2.42107
           -2.2625         -0.469765          -2.35708
          -1.94122         -0.685452          -2.80043
          -1.66043         -0.587299           2.73918
          -1.81004          -0.46587           2.78077
          -2.18748         -0.525145           2.43751
          -2.24816         -0.369187           2.59579
          -2.26644         -0.208005            3.0106
          -2.27244          0.233249           3.05319
          -2.49586          0.244312          -2.70163
          -2.39682          0.639052          -2.57664
          -2.42861            1.0723          -2.18211
          -2.75823           1.16803          -1.80489
          -2.84188           1.24824          -1.84686
          -2.80726           1.29801          -2.25917
          -2.88974          0.909406          -2.22664
          -2.50671          0.647974          -2.30374
          -2.75195          0.516874          -1.65322
          -2.91444          0.155717          -1.22522
          -2.25716          -0.19163          -1.60959
          -1.66714         0.0020107          -1.76163
          -1.51566         -0.117299          -2.06296
          -1.79679         -0.854597          -2.18475
          -1.30474          -1.11276          -2.32128
          -1.25365          -1.36932          -2.52331
         -0.983029          -1.07006           -2.7065
          -1.21243          -1.47908          -2.82949
          -1.62179          -2.19299          -2.94284
           -1.6975          -2.85266           3.11447
          -1.72487           3.00288           2.64325
          -1.57231           2.59392             1.719
          -1.58816           2.25027           1.25773
          -1.31486            1.7275          0.970455
          -1.05553           1.21001          0.438137
          -1.18337          0.760244          0.235348
           -1.9022          0.775058          0.228306
          -1.98144          0.541585          0.245973
          -2.16607         -0.159828          0.275569
          -2.20236          -0.64355         0.0761524
          -2.39933         -0.576574          0.135899
          -2.39821         -0.325779          0.174148
          -2.54389         -0.550917       -0.00263989
          -2.62823         -0.235785          0.426296
          -2.64549         -0.166015          0.512802
          -2.34053         -0.443767          0.655659
          -2.39332        -0.0248662           0.06287
          -2.33341          0.378665         -0.492165
          -2.28289           0.70592         -0.781441
           -2.2933          0.823232          -1.22284
          -1.75119          0.272779          -1.91169
          -1.12369          0.771288          -1.90765
          -0.74271          0.372857          -2.18868
          -1.42399         0.0242886          -2.48942
          -1.69249         -0.160509          -1.95852
          -1.84482          0.116131          -1.38051
          -3.04534          0.407073          -1.09526
           2.86623          0.390013         -0.496958
           2.69273          0.502094         -0.371146
           2.75889         0.0411044         0.0385737
           2.90857         -0.325015           0.35242
           2.60144          0.212642          0.780416
           2.17296           0.57595          0.870385
           1.88032          0.472227          0.870276
           1.43378          0.251138           0.87735
           0.70531        -0.0116845           0.59911
          0.170392         -0.677425          0.495854
          0.471962          -1.01517          0.488882
        0.00918493         -0.986757          -0.09761
          -0.15046          -1.08029         -0.504252
         -0.687745          -1.54849         -0.562521
         -0.532416          -1.67189         -0.471006
         -0.696585          -2.13506         -0.550402
         -0.381224          -2.39093         -0.424529
         -0.470407          -2.34424         -0.138119
         -0.435778          -2.91526         -0.210011
          -1.02487          -2.66969         -0.289734
          -1.26238          -2.53669         -0.477749
          -1.67515          -3.02626         -0.235595
          -1.94273           2.65357         -0.524287
          -1.95015           2.12099         -0.394086
          -1.97976           1.75845         -0.817717
          -1.79679           1.23775          -1.25044
          -1.55341            1.0329           -1.9092
          -1.49905           1.46414          -1.72142
          -1.86053            1.0202          -1.93641
          -1.63405          0.427997          -1.78191
           -1.4135           0.23687          -1.43922
          -1.46954        -0.0827968          -1.37429
          -1.39843         -0.264328          -1.02012
          -1.65858         -0.533617         -0.580393
          -1.72224         -0.587461        -0.0340107
          -1.53296         -0.902478        -0.0389608
         -0.699928          -1.02821        -0.0685453
         -0.450636          -0.72206         -0.406163
         -0.720295         -0.814783          -0.16409
         -0.479723         -0.253389           -0.1035
         -0.535883         0.0696919           0.23987
         -0.559078          0.181733           1.11416
         -0.275414        -0.0332777           1.68527
         0.0933137         -0.226778           2.52691
          0.331733         -0.185002          -2.86331
          0.559448         -0.100983          -2.10579
          0.516222          0.572714          -1.82654
          0.308598          0.533915          -2.12395
          0.474154          0.508496          -2.36056
          0.752519          0.577845          -1.96201
          0.702035          0.890998          -2.25498
          0.190578          0.852939          -2.48944
          0.427692          0.648824          -2.72306
           0.14754           1.13902            -2.571
          0.256977           1.38987          -2.25379
          0.212921           1.69961           -1.4003
          0.502382           2.17837          -1.00366
          0.662617           2.86445         -0.734792
           1.33406          -2.99196         -0.454726
           1.62418          -2.75929         -0.449513
           2.02622          -2.47066          0.285093
           2.26707          -2.12285          0.669901
           2.67224          -2.26377            0.5848
           2.49228          -2.21001           0.14932
           2.70511          -2.17009          0.387663
          -3.06531          -2.08194           0.78032
          -2.64266          -1.72203           1.16343
          -2.69573          -1.02308           1.25507
          -2.80459         -0.756954           1.33489
          -3.02383         -0.398871           2.37702
           -3.0805         -0.683599           2.80783
           3.05286         -0.850743          -3.13441
           3.07121         -0.940013          -2.52351
           2.85938           -1.0419          -2.42142
           2.69939          -1.20118          -2.93676
           2.80747          -1.31655             2.721
           2.94561          -1.10152           1.67507
           2.85271         -0.946422           1.18136
           2.54584         -0.873699           1.14827
           2.38074         -0.120179           1.02125
            2.1937        -0.0806409           1.06804
           2.01427          0.066093           0.57224
           2.02927          0.942013          0.526799
           1.91359           1.52162          0.141517
           2.16713           1.93566           0.59954
           2.20087           2.17535          0.822828
           2.43823            2.7873          0.781133
           2.71918          -2.91238          0.946214
           2.44295          -2.67329          0.661928
           2.24697          -1.93859          0.949132
            2.3872          -1.81142            1.2339
           1.98828          -1.82913           2.00729
           1.49258          -2.32388           2.03514
           1.30759          -2.46068           1.81812
           1.26113           -2.0109           1.60732
           1.51502          -1.22196           1.61387
            1.3042           -1.0618           1.34496
          0.998586          -1.68422           1.23791
          0.836019          -1.90124           1.16468
          0.767579          -2.49053          0.818637
          0.958106          -2.48009          0.249885
           1.42414          -2.39705         -0.247846
           1.52125          -2.18956         -0.366642
           1.50879          -1.83385         -0.678938
           1.43822          -1.33434          -1.00402
           1.57656          -1.22326          -1.12044
           1.70452         -0.685825         -0.890115
           1.65947          0.250023         -0.556492
           2.24546          0.228806         -0.785645
           2.25166          0.243844         -0.987707
           2.97645          0.596767          -1.28212
          -3.04485           1.25762          -1.12768
          -2.94138           1.58167          -1.63949
          -3.13209           1.95409          -1.36542
           3.09655           2.13225            -1.344
          -2.68236           2.00418          -1.38351
          -2.78801           2.18675          -1.32799
           3.11268           2.16514          -1.79025
           2.63456           2.29534          -1.83916
            2.5357           2.36681          -1.66838
           2.27243           2.61881           -2.1068
           -2.7074          -2.05899          0.242949
          -3.06023          -2.19137          0.571294
          -2.73447          -2.46995          0.304138
          -3.01036          -2.42916          0.437732
          -3.02981          -2.27146          0.680558
           -3.0858          -2.29197          0.819463
            3.0499          -2.46813          0.750796
            2.4641          -2.36619           1.03056
           2.17046          -2.26276          0.955283
           1.89487          -2.04336          0.968643
           1.64316          -1.91183          0.957137
           0.96186          -1.32486          0.780999
          0.971844         -0.973966          0.392242
          0.727625          -1.04974        -0.0637051
          0.712109         -0.800445         -0.289791
           1.30803         -0.984876          -1.07826
          0.912519         -0.332427          -1.47626
          0.388085          0.326551          -2.01623
         -0.135691          0.748347          -2.56467
         -0.453946          0.997488          -2.69927
         -0.759569          0.988163          -2.80177
          -1.30974           1.10539          -2.94125
          -1.48214          0.941968           2.84723
           -1.4062          0.806066            3.0049
          -1.67047          0.407316            -2.962
          -1.85349        0.00263838          -2.55993
          -2.21164         -0.417201          -2.76298
           -2.1873         -0.725875          -2.81205
          -2.04375          -0.50255           -2.5144
          -1.84336         -0.360283          -2.02745
          -2.10645         -0.848598            -2.083
          -1.83375           -1.2557          -2.74044
          -2.00302          -1.45524          -2.85627
          -1.92276          -1.95803           3.11888
          -1.61043          -2.04955           3.05389
          -1.54085          -1.57274           2.93479
          -1.37666          -1.33349           3.07899
          -1.11753          -1.39034           2.89044
          -0.36679          -1.75234            2.8652
        -0.0409887          -1.90839           3.01273
          0.406282          -1.80821           2.35156
          0.685313          -1.82794           1.67265
          0.300039          -1.91761           1.14991
         0.0144353          -1.72961          0.898702
           0.42012          -1.77013          0.427908
           1.23552           -1.5296          0.252886
           1.27841          -1.82098        -0.0694036
           1.52849          -2.08152         -0.395562
           1.53822          -2.25994         -0.510321
           1.54033          -2.58795          -0.50512
           1.53362          -2.86136         -0.416647
           1.16617           3.01107        -0.0535867
            1.0442           2.23032         -0.316924
          0.505643           2.24876         -0.599166
          0.463126           2.33877             -1.16
          0.629426             2.044          -1.85544
          0.654654           1.51282           -1.9757
          0.472085           1.27998          -2.18797
           1.08733           1.43479          -2.71806
           1.90051           1.66558          -2.59651
           2.33083           1.95152          -2.81177
           2.49356           2.03671          -2.38491
           2.54195            1.4796          -2.27562
           2.05639          0.912961           -2.5859
            1.4515          0.575881          -2.48708
           1.32252         0.0867319           -2.4223
           1.55245        -0.0124444           -2.7292
           1.62613         -0.524964          -2.60609
           1.52769         -0.894042          -2.61431
           1.61452          -1.13381          -2.28523
           1.73478          -1.04058          -2.32615
           1.89035          -1.28788          -2.00937
           2.52086           -1.4179          -2.04203
           2.61844          -1.21153          -1.92033
            2.6737          -1.07403          -2.12969
           2.18198          -1.64479          -2.13235
           1.72689          -2.27337          -2.37968
           1.62221          -2.36909           -2.9713
           1.47618            -2.594           2.67457
          0.941658          -2.86131           1.71047
           1.30758           3.11412           0.70684
           1.65682          -3.05659          0.873527
           1.80367          -2.98084           0.97417
           1.71644           2.82575           1.06807
           1.56533           2.68848          0.844136
           1.18326           2.73491          0.544789
          0.804498           2.05591          0.155075
          0.670579            1.6004          0.062329
          0.377703           1.57977          0.190955
          0.552677            2.1208         -0.166536
          0.463858           2.27634         -0.507247
          0.266169           1.92279         -0.203056
          0.258759           1.85865          0.126782
          0.552317           1.45078           0.37112
          0.853081           1.85978          0.311256
           1.19768           2.07633          0.301127
           1.14634           2.04948           0.28929
           1.19793           1.92905          0.106185
           1.09917            1.9271        -0.0653723
          0.681664           1.80807          0.350441
          0.640699           1.72262          0.554896
          0.483499           2.20506          0.823717
         -0.179271           2.62405          0.887373
         -0.364978          -2.79263           1.46152
         -0.854639          -2.38909           1.79083
          -1.55637          -2.04407           2.26136
          -2.02293          -1.62873           2.50413
          -1.96179         -0.946775           2.14203
          -2.09248         -0.682782           2.17081
          -1.62823        -0.0547628           2.05207
          -1.60094          0.408546           1.88029
          -1.73724          0.737554           1.92744
          -1.25026           1.18845           1.39873
         -0.724758           1.66716           1.73161
         -0.316884           2.10953           1.86287
          0.133639           3.06423           2.20697
          0.616209          -2.35851           2.40457
          0.931638          -1.77542           2.80798
           1.28034          -1.40775          -3.00946
           1.13303         -0.973618          -2.76342
          0.899186          -1.12079          -2.30728
          0.231081          -1.26038          -2.17094
         -0.332995          -1.11201          -2.29568
          -0.26724         -0.655535          -1.67007
        -0.0104926         -0.461004         -0.919695
          0.109766         -0.171873          -0.49686
          0.345377         0.0101442         -0.355161
          0.554294          0.220741         -0.563592
          0.952135          0.248052         -0.195342
           1.73501         -0.138829          0.146338
           2.04346        -0.0739976          0.350924
           2.66992        -0.0983054          0.513317
           2.93596         -0.303372          0.707602
           3.02289         -0.953442          0.824726
          -2.97269          -1.56535           1.23519
          -2.67947          -1.76698           1.53139
          -2.37461          -1.98731           1.54595
          -1.83867          -2.55752           1.97078
          -1.33488          -2.76008           2.17632
         -0.874255          -2.50214           2.48631
         -0.333576          -2.41583           2.56263
         -0.344654          -2.34971           2.30302
          -0.32446          -2.29864           1.98604
        -0.0594537           -2.5971           2.18566
           0.38674          -2.47579           2.50981
          0.556005          -2.22469           2.80627
          0.190714          -2.28875           3.01728
          0.384022          -2.43032           3.08384
          0.178543          -2.53572          -2.82136
        -0.0265249           3.12997          -2.74895
          -1.03823          -2.97893          -3.02108
          -1.52341           2.94102          -2.93882
          -1.28839           2.25292          -2.59734
          -1.41486           1.64543          -2.51526
          -1.61683          0.753456          -3.06025
          -1.62189          0.185352            3.1347
          -1.34052           0.61221           2.96833
          -1.58561          0.415979           2.64625
          -1.54443         -0.168966           2.17001
          -1.13702         -0.619655            2.4678
         -0.873228         -0.304052          -2.75849
         -0.843524         -0.690999          -2.51685
         -0.593542         -0.520246          -2.29591
         0.0373899        -0.0207965           -2.2096
          0.520459       -0.00377013          -2.49813
           1.44595         -0.494364          -2.88509
           1.64347         -0.335214          -3.10993
           1.71926         -0.163334          -2.73166
            1.7363          0.239962          -2.12647
           1.63435          0.341856          -2.11264
            1.9641          0.456332          -2.33439
             1.872          0.691947          -2.69655
           1.50119          0.581284          -2.57013
           1.50976          0.647723          -2.63738
           1.26065          0.781669          -2.15481
          0.767197           0.78985          -1.68812
          0.432817           0.64597          -1.55391
         0.0783143          0.933826          -1.36893
         -0.169438           1.24229          -1.19675
         -0.579842            1.7651          -0.94808
          -1.19349           2.32212         -0.653713
          -1.32688           2.31623         -0.296364
          -1.44245           2.54282          -0.21788
          -1.72236           3.01887         0.0727581
           -2.1256          -2.61039         0.0693659
          -2.45993          -2.62088        -0.0120942
          -2.61733          -2.13367          0.311557
